player_id,player,pos,nfl_team,pass_yd,pass_td,pass_int,rush_yd,rush_td,rec,rec_yd,rec_td,fum_lost,pass_2pt,rush_2pt,rec_2pt,bonus_pass_yd_300,gp
6744,Greg Ward,WR,NA,NA,NA,NA,NA,NA,NA,NA,NA,NA,NA,NA,NA,NA,NA
4910,Quincy McDuffie,WR,NA,NA,NA,NA,NA,NA,NA,NA,NA,NA,NA,NA,NA,NA,NA
663,Benjamin Watson,TE,NA,NA,NA,NA,NA,NA,NA,NA,NA,NA,NA,NA,NA,NA,NA
5385,Alec Bloom,TE,NA,NA,NA,NA,NA,NA,NA,NA,NA,NA,NA,NA,NA,NA,NA
4504,John Robinson-Woodgett,RB,NA,NA,NA,NA,NA,NA,NA,NA,NA,NA,NA,NA,NA,NA,NA
11223,John Hall,WR,NA,NA,NA,NA,NA,NA,NA,NA,NA,NA,NA,NA,NA,NA,NA
4234,Noah Brown,WR,NA,NA,NA,NA,NA,NA,NA,NA,NA,NA,NA,NA,NA,NA,NA
2251,Logan Thomas,TE,NA,NA,NA,NA,NA,NA,NA,NA,NA,NA,NA,NA,NA,NA,NA
3371,Darius Jackson,RB,NA,NA,NA,NA,NA,NA,NA,NA,NA,NA,NA,NA,NA,NA,NA
1077,Travis Benjamin,WR,NA,NA,NA,NA,NA,NA,NA,NA,NA,NA,NA,NA,NA,NA,NA
8058,Nate McCrary,RB,NA,NA,NA,NA,NA,NA,NA,NA,NA,NA,NA,NA,NA,NA,NA
6372,Xavier Turner,RB,NA,NA,NA,NA,NA,NA,NA,NA,NA,NA,NA,NA,NA,NA,NA
11283,Darius Hagans,RB,NA,NA,NA,NA,NA,NA,NA,NA,NA,NA,NA,NA,NA,NA,NA
4401,Damore'ea Stringfellow,WR,NA,NA,NA,NA,NA,NA,NA,NA,NA,NA,NA,NA,NA,NA,NA
7038,Darius Anderson,RB,NA,NA,NA,NA,NA,NA,NA,NA,NA,NA,NA,NA,NA,NA,NA
6832,Kalija Lipscomb,WR,NA,NA,NA,NA,NA,NA,NA,NA,NA,NA,NA,NA,NA,NA,NA
6700,Marcelias Sutton,RB,NA,NA,NA,NA,NA,NA,NA,NA,NA,NA,NA,NA,NA,NA,NA
4787,Jordan Westerkamp,WR,NA,NA,NA,NA,NA,NA,NA,NA,NA,NA,NA,NA,NA,NA,NA
13412,Kendrick Law,WR,DET,NA,NA,NA,NA,NA,NA,NA,NA,NA,NA,NA,NA,NA,NA
5697,Zach Olstad,RB,NA,NA,NA,NA,NA,NA,NA,NA,NA,NA,NA,NA,NA,NA,NA
8721,De'Montre Tuggle,RB,NA,NA,NA,NA,NA,NA,NA,NA,NA,NA,NA,NA,NA,NA,NA
3242,Kenyan Drake,RB,NA,NA,NA,NA,NA,NA,NA,NA,NA,NA,NA,NA,NA,NA,NA
3309,Wendell Smallwood,RB,WAS,NA,NA,NA,NA,NA,NA,NA,NA,NA,NA,NA,NA,NA,NA
4917,Daryl Virgies,RB,NA,NA,NA,NA,NA,NA,NA,NA,NA,NA,NA,NA,NA,NA,NA
6231,John Lovett,QB,NA,NA,NA,NA,NA,NA,NA,NA,NA,NA,NA,NA,NA,NA,NA
2910,Tyler Rutenbeck,WR,NA,NA,NA,NA,NA,NA,NA,NA,NA,NA,NA,NA,NA,NA,NA
12859,Nate Noel,RB,NA,NA,NA,NA,NA,NA,NA,NA,NA,NA,NA,NA,NA,NA,NA
10216,Kenny McIntosh,RB,NA,NA,NA,NA,NA,NA,NA,NA,NA,NA,NA,NA,NA,NA,NA
11530,Nick Williams,WR,NA,NA,NA,NA,NA,NA,NA,NA,NA,NA,NA,NA,NA,NA,NA
6233,Matt Sokol,TE,NA,NA,NA,NA,NA,NA,NA,NA,NA,NA,NA,NA,NA,NA,NA
12515,Donovan Edwards,RB,NA,NA,NA,NA,NA,NA,NA,NA,NA,NA,NA,NA,NA,NA,NA
8876,Kevin Kassis,WR,NA,NA,NA,NA,NA,NA,NA,NA,NA,NA,NA,NA,NA,NA,NA
3957,Blake Sims,QB,NA,NA,NA,NA,NA,NA,NA,NA,NA,NA,NA,NA,NA,NA,NA
11192,Malik Flowers,WR,NA,NA,NA,NA,NA,NA,NA,NA,NA,NA,NA,NA,NA,NA,NA
12189,Xavier White,WR,NA,NA,NA,NA,NA,NA,NA,NA,NA,NA,NA,NA,NA,NA,NA
1987,Marqise Lee,WR,NA,NA,NA,NA,NA,NA,NA,NA,NA,NA,NA,NA,NA,NA,NA
2334,Phillip Dorsett,WR,LV,NA,NA,NA,NA,NA,NA,NA,NA,NA,NA,NA,NA,NA,NA
9759,C.J. Johnson,WR,NA,NA,NA,NA,NA,NA,NA,NA,NA,NA,NA,NA,NA,NA,NA
7091,Aaron Parker,WR,NA,NA,NA,NA,NA,NA,NA,NA,NA,NA,NA,NA,NA,NA,NA
4936,Skyler Howard,QB,SEA,NA,NA,NA,NA,NA,NA,NA,NA,NA,NA,NA,NA,NA,NA
2602,Darius Jennings,WR,NA,NA,NA,NA,NA,NA,NA,NA,NA,NA,NA,NA,NA,NA,NA
5241,Christian Blake,WR,NA,NA,NA,NA,NA,NA,NA,NA,NA,NA,NA,NA,NA,NA,NA
4998,DaeSean Hamilton,WR,NA,NA,NA,NA,NA,NA,NA,NA,NA,NA,NA,NA,NA,NA,NA
11115,Terrell Bynum,WR,NA,NA,NA,NA,NA,NA,NA,NA,NA,NA,NA,NA,NA,NA,NA
7741,Caleb Huntley,RB,NA,NA,NA,NA,NA,NA,NA,NA,NA,NA,NA,NA,NA,NA,NA
8757,Rodney Williams,TE,NA,NA,NA,NA,NA,NA,NA,NA,NA,NA,NA,NA,NA,NA,NA
4727,Mitchell Paige,WR,NA,NA,NA,NA,NA,NA,NA,NA,NA,NA,NA,NA,NA,NA,NA
5000,Chase Edmonds,RB,NA,NA,NA,NA,NA,NA,NA,NA,NA,NA,NA,NA,NA,NA,NA
13743,Joseph Manjack,WR,NA,NA,NA,NA,NA,NA,NA,NA,NA,NA,NA,NA,NA,NA,NA
11820,Devin Culp,TE,TB,NA,NA,NA,NA,NA,NA,NA,NA,NA,NA,NA,NA,NA,NA
12129,Jalon Calhoun,WR,NA,NA,NA,NA,NA,NA,NA,NA,NA,NA,NA,NA,NA,NA,NA
6913,Joe Reed,WR,NA,NA,NA,NA,NA,NA,NA,NA,NA,NA,NA,NA,NA,NA,NA
13143,Dymere Miller,WR,NA,NA,NA,NA,NA,NA,NA,NA,NA,NA,NA,NA,NA,NA,NA
12074,Talik Keaton,WR,NA,NA,NA,NA,NA,NA,NA,NA,NA,NA,NA,NA,NA,NA,NA
11415,Tanner Taula,TE,NA,NA,NA,NA,NA,NA,NA,NA,NA,NA,NA,NA,NA,NA,NA
6713,Jamarius Way,WR,NA,NA,NA,NA,NA,NA,NA,NA,NA,NA,NA,NA,NA,NA,NA
7080,Omar Bayless,WR,NA,NA,NA,NA,NA,NA,NA,NA,NA,NA,NA,NA,NA,NA,NA
4741,Dan Arnold,TE,NA,NA,NA,NA,NA,NA,NA,NA,NA,NA,NA,NA,NA,NA,NA
5124,Alex McGough,QB,NA,NA,NA,NA,NA,NA,NA,NA,NA,NA,NA,NA,NA,NA,NA
7424,Anthony Jones,RB,NA,NA,NA,NA,NA,NA,NA,NA,NA,NA,NA,NA,NA,NA,NA
4494,Alonzo Moore,WR,NA,NA,NA,NA,NA,NA,NA,NA,NA,NA,NA,NA,NA,NA,NA
5873,Riley Ridley,WR,NA,NA,NA,NA,NA,NA,NA,NA,NA,NA,NA,NA,NA,NA,NA
7545,Marlon Williams,WR,NA,NA,NA,NA,NA,NA,NA,NA,NA,NA,NA,NA,NA,NA,NA
8840,Cole Fotheringham,TE,NA,NA,NA,NA,NA,NA,NA,NA,NA,NA,NA,NA,NA,NA,NA
4779,Bra'Lon Cherry,WR,NA,NA,NA,NA,NA,NA,NA,NA,NA,NA,NA,NA,NA,NA,NA
8581,Trevon Bradford,WR,NA,NA,NA,NA,NA,NA,NA,NA,NA,NA,NA,NA,NA,NA,NA
13312,Josh Kattus,TE,NA,NA,NA,NA,NA,NA,NA,NA,NA,NA,NA,NA,NA,NA,NA
3306,Jordan Howard,RB,NA,NA,NA,NA,NA,NA,NA,NA,NA,NA,NA,NA,NA,NA,NA
13194,Key'Shawn Smith,WR,NA,NA,NA,NA,NA,NA,NA,NA,NA,NA,NA,NA,NA,NA,NA
7560,Pooka Williams,RB,NA,NA,NA,NA,NA,NA,NA,NA,NA,NA,NA,NA,NA,NA,NA
11962,Tayvion Robinson,WR,NA,NA,NA,NA,NA,NA,NA,NA,NA,NA,NA,NA,NA,NA,NA
5278,Jarvion Franklin,RB,NA,NA,NA,NA,NA,NA,NA,NA,NA,NA,NA,NA,NA,NA,NA
13005,Anthony Torres,TE,NA,NA,NA,NA,NA,NA,NA,NA,NA,NA,NA,NA,NA,NA,NA
8166,Dontario Drummond,WR,NA,NA,NA,NA,NA,NA,NA,NA,NA,NA,NA,NA,NA,NA,NA
4647,Colin Thompson,TE,NA,NA,NA,NA,NA,NA,NA,NA,NA,NA,NA,NA,NA,NA,NA
13125,Micah Bernard,RB,NA,NA,NA,NA,NA,NA,NA,NA,NA,NA,NA,NA,NA,NA,NA
12433,Ben Bryant,QB,NA,NA,NA,NA,NA,NA,NA,NA,NA,NA,NA,NA,NA,NA,NA
8038,Nick Guggemos,TE,NA,NA,NA,NA,NA,NA,NA,NA,NA,NA,NA,NA,NA,NA,NA
5638,Shaq Roland,WR,CHI,NA,NA,NA,NA,NA,NA,NA,NA,NA,NA,NA,NA,NA,NA
2962,Zach D'Orazio,WR,NA,NA,NA,NA,NA,NA,NA,NA,NA,NA,NA,NA,NA,NA,NA
2730,Kenneth Harper,RB,NA,NA,NA,NA,NA,NA,NA,NA,NA,NA,NA,NA,NA,NA,NA
14064,Roydell Williams,RB,NA,NA,NA,NA,NA,NA,NA,NA,NA,NA,NA,NA,NA,NA,NA
13949,Damon Bankston,RB,NA,NA,NA,NA,NA,NA,NA,NA,NA,NA,NA,NA,NA,NA,NA
12762,Payton Thorne,QB,NA,NA,NA,NA,NA,NA,NA,NA,NA,NA,NA,NA,NA,NA,NA
3630,Durron Neal,WR,NA,NA,NA,NA,NA,NA,NA,NA,NA,NA,NA,NA,NA,NA,NA
7401,Khalil Tate,WR,NA,NA,NA,NA,NA,NA,NA,NA,NA,NA,NA,NA,NA,NA,NA
6139,Jace Sternberger,TE,NA,NA,NA,NA,NA,NA,NA,NA,NA,NA,NA,NA,NA,NA,NA
7135,Freddie Swain,WR,NA,NA,NA,NA,NA,NA,NA,NA,NA,NA,NA,NA,NA,NA,NA
5597,Brogan Roback,QB,NA,NA,NA,NA,NA,NA,NA,NA,NA,NA,NA,NA,NA,NA,NA
1567,Tavon Austin,WR,NA,NA,NA,NA,NA,NA,NA,NA,NA,NA,NA,NA,NA,NA,NA
2325,Nelson Agholor,WR,NA,NA,NA,NA,NA,NA,NA,NA,NA,NA,NA,NA,NA,NA,NA
12972,Roc Taylor,WR,NA,NA,NA,NA,NA,NA,NA,NA,NA,NA,NA,NA,NA,NA,NA
6992,Michael Warren,RB,DET,NA,NA,NA,NA,NA,NA,NA,NA,NA,NA,NA,NA,NA,NA
11913,Devron Harper,WR,NA,NA,NA,NA,NA,NA,NA,NA,NA,NA,NA,NA,NA,NA,NA
12935,Jakobie Keeney-James,WR,NA,NA,NA,NA,NA,NA,NA,NA,NA,NA,NA,NA,NA,NA,NA
4411,R.J. Shelton,WR,NA,NA,NA,NA,NA,NA,NA,NA,NA,NA,NA,NA,NA,NA,NA
3893,Reece Horn,WR,NA,NA,NA,NA,NA,NA,NA,NA,NA,NA,NA,NA,NA,NA,NA
2870,Ray Hamilton,TE,NA,NA,NA,NA,NA,NA,NA,NA,NA,NA,NA,NA,NA,NA,NA
2576,Cody Fajardo,QB,NA,NA,NA,NA,NA,NA,NA,NA,NA,NA,NA,NA,NA,NA,NA
13437,Noah Whittington,RB,HOU,NA,NA,NA,NA,NA,NA,NA,NA,NA,NA,NA,NA,NA,NA
4320,James Quick,WR,NA,NA,NA,NA,NA,NA,NA,NA,NA,NA,NA,NA,NA,NA,NA
12760,Rashod Owens,WR,NA,NA,NA,NA,NA,NA,NA,NA,NA,NA,NA,NA,NA,NA,NA
13879,Jameson Geers,TE,ARI,NA,NA,NA,NA,NA,NA,NA,NA,NA,NA,NA,NA,NA,NA
7172,Mikey Daniel,RB,NA,NA,NA,NA,NA,NA,NA,NA,NA,NA,NA,NA,NA,NA,NA
6939,Binjimen Victor,WR,NA,NA,NA,NA,NA,NA,NA,NA,NA,NA,NA,NA,NA,NA,NA
6814,Laviska Shenault,WR,NA,NA,NA,NA,NA,NA,NA,NA,NA,NA,NA,NA,NA,NA,NA
2934,Jonathon Rumph,WR,NA,NA,NA,NA,NA,NA,NA,NA,NA,NA,NA,NA,NA,NA,NA
8175,Reggie Roberson,WR,NA,NA,NA,NA,NA,NA,NA,NA,NA,NA,NA,NA,NA,NA,NA
8155,Breece Hall,RB,NYJ,NA,NA,NA,NA,NA,NA,NA,NA,NA,NA,NA,NA,NA,NA
6468,Matthew Eaton,WR,NA,NA,NA,NA,NA,NA,NA,NA,NA,NA,NA,NA,NA,NA,NA
11070,Kazmeir Allen,WR,NA,NA,NA,NA,NA,NA,NA,NA,NA,NA,NA,NA,NA,NA,NA
3596,Kivon Cartwright,TE,NA,NA,NA,NA,NA,NA,NA,NA,NA,NA,NA,NA,NA,NA,NA
7475,Napoleon Maxwell,RB,NA,NA,NA,NA,NA,NA,NA,NA,NA,NA,NA,NA,NA,NA,NA
7217,Trevontae Hights,WR,NA,NA,NA,NA,NA,NA,NA,NA,NA,NA,NA,NA,NA,NA,NA
4139,Amara Darboh,WR,NA,NA,NA,NA,NA,NA,NA,NA,NA,NA,NA,NA,NA,NA,NA
9496,Sam James,WR,NA,NA,NA,NA,NA,NA,NA,NA,NA,NA,NA,NA,NA,NA,NA
3402,Zac Brooks,RB,NA,NA,NA,NA,NA,NA,NA,NA,NA,NA,NA,NA,NA,NA,NA
6387,Nsimba Webster,WR,NA,NA,NA,NA,NA,NA,NA,NA,NA,NA,NA,NA,NA,NA,NA
12738,Phil Mafah,RB,NYG,NA,NA,NA,NA,NA,NA,NA,NA,NA,NA,NA,NA,NA,NA
13913,Patrick Gurd,TE,LV,NA,NA,NA,NA,NA,NA,NA,NA,NA,NA,NA,NA,NA,NA
11284,Cody Chrest,WR,NA,NA,NA,NA,NA,NA,NA,NA,NA,NA,NA,NA,NA,NA,NA
13541,Lewis Bond,WR,HOU,NA,NA,NA,NA,NA,NA,NA,NA,NA,NA,NA,NA,NA,NA
11640,Jermaine Burton,WR,NA,NA,NA,NA,NA,NA,NA,NA,NA,NA,NA,NA,NA,NA,NA
3895,Marvin Hall,WR,NA,NA,NA,NA,NA,NA,NA,NA,NA,NA,NA,NA,NA,NA,NA
6549,Damion Willis,WR,NA,NA,NA,NA,NA,NA,NA,NA,NA,NA,NA,NA,NA,NA,NA
13981,Kolbe Katsis,WR,DEN,NA,NA,NA,NA,NA,NA,NA,NA,NA,NA,NA,NA,NA,NA
8885,Tucker Fisk,TE,NA,NA,NA,NA,NA,NA,NA,NA,NA,NA,NA,NA,NA,NA,NA
11245,Patrick Murtagh,TE,NA,NA,NA,NA,NA,NA,NA,NA,NA,NA,NA,NA,NA,NA,NA
3917,Kendal Thompson,WR,NA,NA,NA,NA,NA,NA,NA,NA,NA,NA,NA,NA,NA,NA,NA
7334,Earnest Edwards,WR,NA,NA,NA,NA,NA,NA,NA,NA,NA,NA,NA,NA,NA,NA,NA
3300,DeAndre Washington,RB,NA,NA,NA,NA,NA,NA,NA,NA,NA,NA,NA,NA,NA,NA,NA
4252,Isaiah Ford,WR,NA,NA,NA,NA,NA,NA,NA,NA,NA,NA,NA,NA,NA,NA,NA
1215,Jarius Wright,WR,NA,NA,NA,NA,NA,NA,NA,NA,NA,NA,NA,NA,NA,NA,NA
6960,Tyler Johnson,WR,NYJ,NA,NA,NA,NA,NA,NA,NA,NA,NA,NA,NA,NA,NA,NA
7985,Pro Wells,TE,NA,NA,NA,NA,NA,NA,NA,NA,NA,NA,NA,NA,NA,NA,NA
587,Logan Paulsen,TE,NA,NA,NA,NA,NA,NA,NA,NA,NA,NA,NA,NA,NA,NA,NA
7233,Andre Baccellia,WR,NA,NA,NA,NA,NA,NA,NA,NA,NA,NA,NA,NA,NA,NA,NA
12256,Baylor Cupp,TE,NA,NA,NA,NA,NA,NA,NA,NA,NA,NA,NA,NA,NA,NA,NA
12889,Beaux Collins,WR,ATL,NA,NA,NA,NA,NA,NA,NA,NA,NA,NA,NA,NA,NA,NA
12361,Aeneas Dennis,QB,NA,NA,NA,NA,NA,NA,NA,NA,NA,NA,NA,NA,NA,NA,NA
13663,Wesley Grimes,WR,SF,NA,NA,NA,NA,NA,NA,NA,NA,NA,NA,NA,NA,NA,NA
13783,Raylen Sharpe,WR,NA,NA,NA,NA,NA,NA,NA,NA,NA,NA,NA,NA,NA,NA,NA
7549,CJ Marable,RB,NA,NA,NA,NA,NA,NA,NA,NA,NA,NA,NA,NA,NA,NA,NA
2582,Cole Stoudt,QB,NA,NA,NA,NA,NA,NA,NA,NA,NA,NA,NA,NA,NA,NA,NA
7464,Connor Slomka,RB,NA,NA,NA,NA,NA,NA,NA,NA,NA,NA,NA,NA,NA,NA,NA
7502,Dominique Dafney,TE,NA,NA,NA,NA,NA,NA,NA,NA,NA,NA,NA,NA,NA,NA,NA
14082,Alex Tecza,RB,NA,NA,NA,NA,NA,NA,NA,NA,NA,NA,NA,NA,NA,NA,NA
9491,Ty Scott,WR,NA,NA,NA,NA,NA,NA,NA,NA,NA,NA,NA,NA,NA,NA,NA
13777,Ademola Faleye,TE,NA,NA,NA,NA,NA,NA,NA,NA,NA,NA,NA,NA,NA,NA,NA
13861,Daniel Sobkowicz,WR,HOU,NA,NA,NA,NA,NA,NA,NA,NA,NA,NA,NA,NA,NA,NA
13873,Sam Scott,RB,NA,NA,NA,NA,NA,NA,NA,NA,NA,NA,NA,NA,NA,NA,NA
4670,Artavis Scott,WR,NA,NA,NA,NA,NA,NA,NA,NA,NA,NA,NA,NA,NA,NA,NA
4360,Fred Ross,WR,NA,NA,NA,NA,NA,NA,NA,NA,NA,NA,NA,NA,NA,NA,NA
4595,Dontez Ford,WR,NA,NA,NA,NA,NA,NA,NA,NA,NA,NA,NA,NA,NA,NA,NA
3497,Darion Griswold,TE,NA,NA,NA,NA,NA,NA,NA,NA,NA,NA,NA,NA,NA,NA,NA
12799,Bryson Green,WR,NA,NA,NA,NA,NA,NA,NA,NA,NA,NA,NA,NA,NA,NA,NA
4152,Marlon Mack,RB,NA,NA,NA,NA,NA,NA,NA,NA,NA,NA,NA,NA,NA,NA,NA
13621,Dillon Bell,WR,MIN,NA,NA,NA,NA,NA,NA,NA,NA,NA,NA,NA,NA,NA,NA
4033,David Njoku,TE,LAC,NA,NA,NA,NA,NA,NA,NA,NA,NA,NA,NA,NA,NA,NA
7574,Larry Rountree,RB,NA,NA,NA,NA,NA,NA,NA,NA,NA,NA,NA,NA,NA,NA,NA
11982,Isaiah Washington,WR,NA,NA,NA,NA,NA,NA,NA,NA,NA,NA,NA,NA,NA,NA,NA
11619,Ja'Lynn Polk,WR,NA,NA,NA,NA,NA,NA,NA,NA,NA,NA,NA,NA,NA,NA,NA
5374,Justin Watson,WR,NA,NA,NA,NA,NA,NA,NA,NA,NA,NA,NA,NA,NA,NA,NA
13750,TJ Harden,RB,NA,NA,NA,NA,NA,NA,NA,NA,NA,NA,NA,NA,NA,NA,NA
7890,Javon McKinley,WR,NA,NA,NA,NA,NA,NA,NA,NA,NA,NA,NA,NA,NA,NA,NA
12797,Ahmani Marshall,RB,CAR,NA,NA,NA,NA,NA,NA,NA,NA,NA,NA,NA,NA,NA,NA
4029,Dalvin Cook,RB,NA,NA,NA,NA,NA,NA,NA,NA,NA,NA,NA,NA,NA,NA,NA
11506,Jalen Cropper,WR,NO,NA,NA,NA,NA,NA,NA,NA,NA,NA,NA,NA,NA,NA,NA
13617,Luke Wysong,WR,NA,NA,NA,NA,NA,NA,NA,NA,NA,NA,NA,NA,NA,NA,NA
7340,Brandon Polk,WR,NA,NA,NA,NA,NA,NA,NA,NA,NA,NA,NA,NA,NA,NA,NA
5245,Troy Mangen,TE,NA,NA,NA,NA,NA,NA,NA,NA,NA,NA,NA,NA,NA,NA,NA
13768,Josh Pitsenburger,RB,NA,NA,NA,NA,NA,NA,NA,NA,NA,NA,NA,NA,NA,NA,NA
13708,Kobe Prentice,WR,NA,NA,NA,NA,NA,NA,NA,NA,NA,NA,NA,NA,NA,NA,NA
12788,Will Sheppard,WR,MIA,NA,NA,NA,NA,NA,NA,NA,NA,NA,NA,NA,NA,NA,NA
12324,William Thompson,QB,NA,NA,NA,NA,NA,NA,NA,NA,NA,NA,NA,NA,NA,NA,NA
13602,Jack Strand,QB,ATL,NA,NA,NA,NA,NA,NA,NA,NA,NA,NA,NA,NA,NA,NA
7131,Tyler Davis,TE,NA,NA,NA,NA,NA,NA,NA,NA,NA,NA,NA,NA,NA,NA,NA
11467,John Samuel Shenker,TE,NA,NA,NA,NA,NA,NA,NA,NA,NA,NA,NA,NA,NA,NA,NA
8439,Demetris Robertson,WR,NA,NA,NA,NA,NA,NA,NA,NA,NA,NA,NA,NA,NA,NA,NA
5806,John Wolford,QB,NA,NA,NA,NA,NA,NA,NA,NA,NA,NA,NA,NA,NA,NA,NA
13827,Tanner Arkin,TE,NE,NA,NA,NA,NA,NA,NA,NA,NA,NA,NA,NA,NA,NA,NA
4036,Corey Davis,WR,NA,NA,NA,NA,NA,NA,NA,NA,NA,NA,NA,NA,NA,NA,NA
6181,Trevon Wesco,TE,NA,NA,NA,NA,NA,NA,NA,NA,NA,NA,NA,NA,NA,NA,NA
12395,Tanner Knue,WR,NA,NA,NA,NA,NA,NA,NA,NA,NA,NA,NA,NA,NA,NA,NA
5255,Teo Redding,WR,NA,NA,NA,NA,NA,NA,NA,NA,NA,NA,NA,NA,NA,NA,NA
6088,Bisi Johnson,WR,NA,NA,NA,NA,NA,NA,NA,NA,NA,NA,NA,NA,NA,NA,NA
1971,Donte Moncrief,WR,NA,NA,NA,NA,NA,NA,NA,NA,NA,NA,NA,NA,NA,NA,NA
4520,Travin Dural,WR,NA,NA,NA,NA,NA,NA,NA,NA,NA,NA,NA,NA,NA,NA,NA
8176,Danny Gray,WR,NA,NA,NA,NA,NA,NA,NA,NA,NA,NA,NA,NA,NA,NA,NA
2560,Zach Zenner,RB,NA,NA,NA,NA,NA,NA,NA,NA,NA,NA,NA,NA,NA,NA,NA
7368,Sean Riley,WR,NA,NA,NA,NA,NA,NA,NA,NA,NA,NA,NA,NA,NA,NA,NA
8429,Levi Lewis,QB,NA,NA,NA,NA,NA,NA,NA,NA,NA,NA,NA,NA,NA,NA,NA
2460,C.J. Uzomah,TE,NA,NA,NA,NA,NA,NA,NA,NA,NA,NA,NA,NA,NA,NA,NA
1312,Josh Bellamy,WR,NA,NA,NA,NA,NA,NA,NA,NA,NA,NA,NA,NA,NA,NA,NA
10860,Malik Cunningham,WR,NA,NA,NA,NA,NA,NA,NA,NA,NA,NA,NA,NA,NA,NA,NA
13314,Luke Altmyer,QB,DET,NA,NA,NA,NA,NA,NA,NA,NA,NA,NA,NA,NA,NA,NA
9495,Rakim Jarrett,WR,NA,NA,NA,NA,NA,NA,NA,NA,NA,NA,NA,NA,NA,NA,NA
5468,Christian Scotland-Williamson,TE,NA,NA,NA,NA,NA,NA,NA,NA,NA,NA,NA,NA,NA,NA,NA
7394,Jermiah Braswell,WR,NA,NA,NA,NA,NA,NA,NA,NA,NA,NA,NA,NA,NA,NA,NA
5984,Anthony Ratliff-Williams,WR,NA,NA,NA,NA,NA,NA,NA,NA,NA,NA,NA,NA,NA,NA,NA
1916,Martavis Bryant,WR,NA,NA,NA,NA,NA,NA,NA,NA,NA,NA,NA,NA,NA,NA,NA
2920,Jeret Smith,WR,NA,NA,NA,NA,NA,NA,NA,NA,NA,NA,NA,NA,NA,NA,NA
2569,Jake Waters,QB,NA,NA,NA,NA,NA,NA,NA,NA,NA,NA,NA,NA,NA,NA,NA
13251,Gunnar Oakes,TE,NA,NA,NA,NA,NA,NA,NA,NA,NA,NA,NA,NA,NA,NA,NA
4319,Zach Pascal,WR,NA,NA,NA,NA,NA,NA,NA,NA,NA,NA,NA,NA,NA,NA,NA
11566,Jayden Daniels,QB,WAS,NA,NA,NA,NA,NA,NA,NA,NA,NA,NA,NA,NA,NA,NA
12826,Ulysses Bentley,RB,NO,NA,NA,NA,NA,NA,NA,NA,NA,NA,NA,NA,NA,NA,NA
7082,Dalton Keene,TE,NA,NA,NA,NA,NA,NA,NA,NA,NA,NA,NA,NA,NA,NA,NA
6126,Irv Smith,TE,NA,NA,NA,NA,NA,NA,NA,NA,NA,NA,NA,NA,NA,NA,NA
13289,Drew Allar,QB,PIT,NA,NA,NA,NA,NA,NA,NA,NA,NA,NA,NA,NA,NA,NA
7157,Josh Love,QB,NA,NA,NA,NA,NA,NA,NA,NA,NA,NA,NA,NA,NA,NA,NA
4623,Tim Cook,RB,NA,NA,NA,NA,NA,NA,NA,NA,NA,NA,NA,NA,NA,NA,NA
2545,Geoff Swaim,TE,NA,NA,NA,NA,NA,NA,NA,NA,NA,NA,NA,NA,NA,NA,NA
2168,Devonta Freeman,RB,NA,NA,NA,NA,NA,NA,NA,NA,NA,NA,NA,NA,NA,NA,NA
2892,Rodney Smith,RB,NA,NA,NA,NA,NA,NA,NA,NA,NA,NA,NA,NA,NA,NA,NA
13818,Romello Brinson,WR,NA,NA,NA,NA,NA,NA,NA,NA,NA,NA,NA,NA,NA,NA,NA
862,Blaine Gabbert,QB,NA,NA,NA,NA,NA,NA,NA,NA,NA,NA,NA,NA,NA,NA,NA
9505,Deuce Vaughn,RB,NA,NA,NA,NA,NA,NA,NA,NA,NA,NA,NA,NA,NA,NA,NA
13350,Joe Fagnano,QB,BAL,NA,NA,NA,NA,NA,NA,NA,NA,NA,NA,NA,NA,NA,NA
11452,Jesse Matthews,WR,NA,NA,NA,NA,NA,NA,NA,NA,NA,NA,NA,NA,NA,NA,NA
12421,David Wallis,WR,NA,NA,NA,NA,NA,NA,NA,NA,NA,NA,NA,NA,NA,NA,NA
13806,Matt Lauter,TE,NA,NA,NA,NA,NA,NA,NA,NA,NA,NA,NA,NA,NA,NA,NA
2768,Braylon Heard,RB,NA,NA,NA,NA,NA,NA,NA,NA,NA,NA,NA,NA,NA,NA,NA
6293,Cullen Gillaspia,RB,NA,NA,NA,NA,NA,NA,NA,NA,NA,NA,NA,NA,NA,NA,NA
7527,Mac Jones,QB,SF,NA,NA,NA,NA,NA,NA,NA,NA,NA,NA,NA,NA,NA,NA
13685,Jake Retzlaff,QB,NA,NA,NA,NA,NA,NA,NA,NA,NA,NA,NA,NA,NA,NA,NA
2933,Corey Knox,RB,NA,NA,NA,NA,NA,NA,NA,NA,NA,NA,NA,NA,NA,NA,NA
5880,Parris Campbell,WR,NA,NA,NA,NA,NA,NA,NA,NA,NA,NA,NA,NA,NA,NA,NA
11065,Adrian Martinez,QB,NA,NA,NA,NA,NA,NA,NA,NA,NA,NA,NA,NA,NA,NA,NA
7864,Artayvious Lynn,TE,NA,NA,NA,NA,NA,NA,NA,NA,NA,NA,NA,NA,NA,NA,NA
2502,Bud Sasser,WR,NA,NA,NA,NA,NA,NA,NA,NA,NA,NA,NA,NA,NA,NA,NA
12267,Qadir Ismail,WR,CHI,NA,NA,NA,NA,NA,NA,NA,NA,NA,NA,NA,NA,NA,NA
2838,Trevor Harman,WR,NA,NA,NA,NA,NA,NA,NA,NA,NA,NA,NA,NA,NA,NA,NA
9753,Zach Charbonnet,RB,SEA,NA,NA,NA,NA,NA,NA,NA,NA,NA,NA,NA,NA,NA,NA
5804,Julian Williams,WR,NA,NA,NA,NA,NA,NA,NA,NA,NA,NA,NA,NA,NA,NA,NA
5850,Josh Jacobs,RB,GB,NA,NA,NA,NA,NA,NA,NA,NA,NA,NA,NA,NA,NA,NA
8436,Neil Pau'u,WR,NA,NA,NA,NA,NA,NA,NA,NA,NA,NA,NA,NA,NA,NA,NA
13661,Ethan Conner,TE,NA,NA,NA,NA,NA,NA,NA,NA,NA,NA,NA,NA,NA,NA,NA
9498,Jadon Haselwood,WR,NA,NA,NA,NA,NA,NA,NA,NA,NA,NA,NA,NA,NA,NA,NA
6989,Marquez Callaway,WR,NA,NA,NA,NA,NA,NA,NA,NA,NA,NA,NA,NA,NA,NA,NA
3280,Tyler Ervin,RB,NA,NA,NA,NA,NA,NA,NA,NA,NA,NA,NA,NA,NA,NA,NA
4384,Aaron Peck,TE,NA,NA,NA,NA,NA,NA,NA,NA,NA,NA,NA,NA,NA,NA,NA
3780,Cedric O'Neal,RB,NA,NA,NA,NA,NA,NA,NA,NA,NA,NA,NA,NA,NA,NA,NA
7865,Brandon Smith,WR,PIT,NA,NA,NA,NA,NA,NA,NA,NA,NA,NA,NA,NA,NA,NA
13158,Sam Pitz,TE,NA,NA,NA,NA,NA,NA,NA,NA,NA,NA,NA,NA,NA,NA,NA
2996,Logan Stokes,TE,NA,NA,NA,NA,NA,NA,NA,NA,NA,NA,NA,NA,NA,NA,NA
8085,Mekhi Sargent,RB,NA,NA,NA,NA,NA,NA,NA,NA,NA,NA,NA,NA,NA,NA,NA
4150,Wayne Gallman,RB,NA,NA,NA,NA,NA,NA,NA,NA,NA,NA,NA,NA,NA,NA,NA
13435,Joe Royer,TE,CLE,NA,NA,NA,NA,NA,NA,NA,NA,NA,NA,NA,NA,NA,NA
12135,Neal Johnson,TE,NA,NA,NA,NA,NA,NA,NA,NA,NA,NA,NA,NA,NA,NA,NA
7404,Noah Togiai,TE,NA,NA,NA,NA,NA,NA,NA,NA,NA,NA,NA,NA,NA,NA,NA
8891,Ryan McDaniel,WR,NA,NA,NA,NA,NA,NA,NA,NA,NA,NA,NA,NA,NA,NA,NA
1262,Alex Tanney,QB,NA,NA,NA,NA,NA,NA,NA,NA,NA,NA,NA,NA,NA,NA,NA
3391,Dwayne Washington,RB,NA,NA,NA,NA,NA,NA,NA,NA,NA,NA,NA,NA,NA,NA,NA
2947,Clay Burton,TE,NA,NA,NA,NA,NA,NA,NA,NA,NA,NA,NA,NA,NA,NA,NA
6311,Patrick Laird,RB,NA,NA,NA,NA,NA,NA,NA,NA,NA,NA,NA,NA,NA,NA,NA
9499,Bryce Ford-Wheaton,WR,NA,NA,NA,NA,NA,NA,NA,NA,NA,NA,NA,NA,NA,NA,NA
289,Drew Brees,QB,NA,NA,NA,NA,NA,NA,NA,NA,NA,NA,NA,NA,NA,NA,NA
2937,Damond Powell,WR,NA,NA,NA,NA,NA,NA,NA,NA,NA,NA,NA,NA,NA,NA,NA
13161,Zakhari Franklin,WR,NA,NA,NA,NA,NA,NA,NA,NA,NA,NA,NA,NA,NA,NA,NA
4490,Wyatt Houston,TE,CAR,NA,NA,NA,NA,NA,NA,NA,NA,NA,NA,NA,NA,NA,NA
11911,Jeshaun Jones,WR,MIN,NA,NA,NA,NA,NA,NA,NA,NA,NA,NA,NA,NA,NA,NA
12851,Rivaldo Fairweather,TE,NA,NA,NA,NA,NA,NA,NA,NA,NA,NA,NA,NA,NA,NA,NA
13702,Malik Rutherford,WR,NA,NA,NA,NA,NA,NA,NA,NA,NA,NA,NA,NA,NA,NA,NA
11568,Blake Watson,RB,NA,NA,NA,NA,NA,NA,NA,NA,NA,NA,NA,NA,NA,NA,NA
3584,Marcus Leak,WR,NA,NA,NA,NA,NA,NA,NA,NA,NA,NA,NA,NA,NA,NA,NA
5961,Jalin Moore,RB,NA,NA,NA,NA,NA,NA,NA,NA,NA,NA,NA,NA,NA,NA,NA
6148,Preston Williams,WR,NA,NA,NA,NA,NA,NA,NA,NA,NA,NA,NA,NA,NA,NA,NA
13770,J. Michael Sturdivant,WR,GB,NA,NA,NA,NA,NA,NA,NA,NA,NA,NA,NA,NA,NA,NA
11256,Tyson Bagent,QB,CHI,NA,NA,NA,NA,NA,NA,NA,NA,NA,NA,NA,NA,NA,NA
4996,Kyle Lauletta,QB,NA,NA,NA,NA,NA,NA,NA,NA,NA,NA,NA,NA,NA,NA,NA
13034,Tyrone Broden,WR,NA,NA,NA,NA,NA,NA,NA,NA,NA,NA,NA,NA,NA,NA,NA
13306,Taylen Green,QB,CLE,NA,NA,NA,NA,NA,NA,NA,NA,NA,NA,NA,NA,NA,NA
7943,Zach Davidson,TE,NA,NA,NA,NA,NA,NA,NA,NA,NA,NA,NA,NA,NA,NA,NA
5236,Kyle Lewis,WR,NA,NA,NA,NA,NA,NA,NA,NA,NA,NA,NA,NA,NA,NA,NA
11431,Isaiah Bowser,RB,NA,NA,NA,NA,NA,NA,NA,NA,NA,NA,NA,NA,NA,NA,NA
4750,Lance Lenoir,WR,NA,NA,NA,NA,NA,NA,NA,NA,NA,NA,NA,NA,NA,NA,NA
12670,KeAndre Lambert-Smith,WR,LAC,NA,NA,NA,NA,NA,NA,NA,NA,NA,NA,NA,NA,NA,NA
6151,Miles Sanders,RB,NA,NA,NA,NA,NA,NA,NA,NA,NA,NA,NA,NA,NA,NA,NA
6451,Stephen Carlson,TE,CHI,NA,NA,NA,NA,NA,NA,NA,NA,NA,NA,NA,NA,NA,NA
4807,Mike Estes,TE,NA,NA,NA,NA,NA,NA,NA,NA,NA,NA,NA,NA,NA,NA,NA
13191,TJ Sheffield,WR,NA,NA,NA,NA,NA,NA,NA,NA,NA,NA,NA,NA,NA,NA,NA
12045,Jack Westover,TE,WAS,NA,NA,NA,NA,NA,NA,NA,NA,NA,NA,NA,NA,NA,NA
4651,Corey Clement,RB,NA,NA,NA,NA,NA,NA,NA,NA,NA,NA,NA,NA,NA,NA,NA
5220,Godwin Igwebuike,RB,NA,NA,NA,NA,NA,NA,NA,NA,NA,NA,NA,NA,NA,NA,NA
11114,Elijah Dotson,RB,NA,NA,NA,NA,NA,NA,NA,NA,NA,NA,NA,NA,NA,NA,NA
12218,Jalen Jackson,RB,NA,NA,NA,NA,NA,NA,NA,NA,NA,NA,NA,NA,NA,NA,NA
3614,Tommylee Lewis,WR,NA,NA,NA,NA,NA,NA,NA,NA,NA,NA,NA,NA,NA,NA,NA
1426,DeAndre Hopkins,WR,NA,NA,NA,NA,NA,NA,NA,NA,NA,NA,NA,NA,NA,NA,NA
13327,Desmond Reid,RB,NA,NA,NA,NA,NA,NA,NA,NA,NA,NA,NA,NA,NA,NA,NA
11963,Chris Collier,RB,LV,NA,NA,NA,NA,NA,NA,NA,NA,NA,NA,NA,NA,NA,NA
2422,Blake Bell,TE,NA,NA,NA,NA,NA,NA,NA,NA,NA,NA,NA,NA,NA,NA,NA
8579,Brandon Peters,QB,NA,NA,NA,NA,NA,NA,NA,NA,NA,NA,NA,NA,NA,NA,NA
14085,Matthew Henry,WR,NA,NA,NA,NA,NA,NA,NA,NA,NA,NA,NA,NA,NA,NA,NA
13772,Eni Falayi,TE,NA,NA,NA,NA,NA,NA,NA,NA,NA,NA,NA,NA,NA,NA,NA
12510,Jalen Milroe,QB,SEA,NA,NA,NA,NA,NA,NA,NA,NA,NA,NA,NA,NA,NA,NA
13778,EJ Smith,RB,NA,NA,NA,NA,NA,NA,NA,NA,NA,NA,NA,NA,NA,NA,NA
13630,Evan Svoboda,TE,LAC,NA,NA,NA,NA,NA,NA,NA,NA,NA,NA,NA,NA,NA,NA
7809,Avery Williams,RB,NA,NA,NA,NA,NA,NA,NA,NA,NA,NA,NA,NA,NA,NA,NA
8632,JaVonta Payton,WR,NA,NA,NA,NA,NA,NA,NA,NA,NA,NA,NA,NA,NA,NA,NA
7098,Ty'Son Williams,RB,NA,NA,NA,NA,NA,NA,NA,NA,NA,NA,NA,NA,NA,NA,NA
902,Dwayne Harris,WR,NA,NA,NA,NA,NA,NA,NA,NA,NA,NA,NA,NA,NA,NA,NA
11588,Jawhar Jordan,RB,HOU,NA,NA,NA,NA,NA,NA,NA,NA,NA,NA,NA,NA,NA,NA
8139,Zamir White,RB,NO,NA,NA,NA,NA,NA,NA,NA,NA,NA,NA,NA,NA,NA,NA
4768,Adam Zaruba,TE,NA,NA,NA,NA,NA,NA,NA,NA,NA,NA,NA,NA,NA,NA,NA
2044,Brelan Chancellor,WR,NA,NA,NA,NA,NA,NA,NA,NA,NA,NA,NA,NA,NA,NA,NA
5310,Antonio Callaway,WR,NA,NA,NA,NA,NA,NA,NA,NA,NA,NA,NA,NA,NA,NA,NA
13011,Brennan Presley,WR,LAR,NA,NA,NA,NA,NA,NA,NA,NA,NA,NA,NA,NA,NA,NA
4464,Nick Mullens,QB,JAX,NA,NA,NA,NA,NA,NA,NA,NA,NA,NA,NA,NA,NA,NA
2214,Cameron Brate,TE,NA,NA,NA,NA,NA,NA,NA,NA,NA,NA,NA,NA,NA,NA,NA
4149,Jamaal Williams,RB,NA,NA,NA,NA,NA,NA,NA,NA,NA,NA,NA,NA,NA,NA,NA
4815,Brian Riley,WR,NA,NA,NA,NA,NA,NA,NA,NA,NA,NA,NA,NA,NA,NA,NA
8039,Jibri Blount,TE,NA,NA,NA,NA,NA,NA,NA,NA,NA,NA,NA,NA,NA,NA,NA
13145,ShunDerrick Powell,RB,NA,NA,NA,NA,NA,NA,NA,NA,NA,NA,NA,NA,NA,NA,NA
8214,Cole Turner,TE,MIA,NA,NA,NA,NA,NA,NA,NA,NA,NA,NA,NA,NA,NA,NA
3515,K.J. Maye,WR,NA,NA,NA,NA,NA,NA,NA,NA,NA,NA,NA,NA,NA,NA,NA
6047,Dillon Mitchell,WR,NA,NA,NA,NA,NA,NA,NA,NA,NA,NA,NA,NA,NA,NA,NA
11378,Jordan Mims,RB,NA,NA,NA,NA,NA,NA,NA,NA,NA,NA,NA,NA,NA,NA,NA
12340,Alex Larson,TE,NA,NA,NA,NA,NA,NA,NA,NA,NA,NA,NA,NA,NA,NA,NA
5612,Anthony Mahoungou,WR,NA,NA,NA,NA,NA,NA,NA,NA,NA,NA,NA,NA,NA,NA,NA
12975,JJ Galbreath,TE,NA,NA,NA,NA,NA,NA,NA,NA,NA,NA,NA,NA,NA,NA,NA
11932,Mike DiLiello,QB,NA,NA,NA,NA,NA,NA,NA,NA,NA,NA,NA,NA,NA,NA,NA
3969,Leonard Fournette,RB,NA,NA,NA,NA,NA,NA,NA,NA,NA,NA,NA,NA,NA,NA,NA
8178,Braylon Sanders,WR,NA,NA,NA,NA,NA,NA,NA,NA,NA,NA,NA,NA,NA,NA,NA
11886,Tulu Griffin,WR,NA,NA,NA,NA,NA,NA,NA,NA,NA,NA,NA,NA,NA,NA,NA
13014,Pat Conroy,TE,NA,NA,NA,NA,NA,NA,NA,NA,NA,NA,NA,NA,NA,NA,NA
8199,D'Eriq King,QB,NA,NA,NA,NA,NA,NA,NA,NA,NA,NA,NA,NA,NA,NA,NA
11456,Tre'Shaun Harrison,WR,NA,NA,NA,NA,NA,NA,NA,NA,NA,NA,NA,NA,NA,NA,NA
9502,Tank Dell,WR,HOU,NA,NA,NA,NA,NA,NA,NA,NA,NA,NA,NA,NA,NA,NA
13930,Jordon Vaughn,RB,NA,NA,NA,NA,NA,NA,NA,NA,NA,NA,NA,NA,NA,NA,NA
7733,Josh Pederson,TE,NA,NA,NA,NA,NA,NA,NA,NA,NA,NA,NA,NA,NA,NA,NA
6805,KJ Hamler,WR,NA,NA,NA,NA,NA,NA,NA,NA,NA,NA,NA,NA,NA,NA,NA
2312,Kevin White,WR,NA,NA,NA,NA,NA,NA,NA,NA,NA,NA,NA,NA,NA,NA,NA
2932,Eric Frohnapfel,TE,NA,NA,NA,NA,NA,NA,NA,NA,NA,NA,NA,NA,NA,NA,NA
2412,Justin Hardy,WR,NA,NA,NA,NA,NA,NA,NA,NA,NA,NA,NA,NA,NA,NA,NA
13996,Trent Howland,RB,NA,NA,NA,NA,NA,NA,NA,NA,NA,NA,NA,NA,NA,NA,NA
2753,Rasheed Bailey,WR,NA,NA,NA,NA,NA,NA,NA,NA,NA,NA,NA,NA,NA,NA,NA
12892,Da'Quan Felton,WR,NA,NA,NA,NA,NA,NA,NA,NA,NA,NA,NA,NA,NA,NA,NA
3465,Ben Braunecker,TE,NA,NA,NA,NA,NA,NA,NA,NA,NA,NA,NA,NA,NA,NA,NA
5228,J.T. Barrett,QB,NA,NA,NA,NA,NA,NA,NA,NA,NA,NA,NA,NA,NA,NA,NA
7481,Chase Harrell,TE,NA,NA,NA,NA,NA,NA,NA,NA,NA,NA,NA,NA,NA,NA,NA
5273,Kamryn Pettway,RB,NA,NA,NA,NA,NA,NA,NA,NA,NA,NA,NA,NA,NA,NA,NA
2931,Deshon Foxx,WR,NA,NA,NA,NA,NA,NA,NA,NA,NA,NA,NA,NA,NA,NA,NA
5924,Emanuel Hall,WR,NA,NA,NA,NA,NA,NA,NA,NA,NA,NA,NA,NA,NA,NA,NA
1652,Terrell Sinkfield,WR,NA,NA,NA,NA,NA,NA,NA,NA,NA,NA,NA,NA,NA,NA,NA
12133,Drake Stoops,WR,NA,NA,NA,NA,NA,NA,NA,NA,NA,NA,NA,NA,NA,NA,NA
11113,Joel Wilson,TE,TEN,NA,NA,NA,NA,NA,NA,NA,NA,NA,NA,NA,NA,NA,NA
6384,Justin Sumpter,WR,NA,NA,NA,NA,NA,NA,NA,NA,NA,NA,NA,NA,NA,NA,NA
8185,Johnny Johnson,WR,NA,NA,NA,NA,NA,NA,NA,NA,NA,NA,NA,NA,NA,NA,NA
3380,Devin Lucien,WR,NA,NA,NA,NA,NA,NA,NA,NA,NA,NA,NA,NA,NA,NA,NA
6834,Jared Pinkney,TE,NA,NA,NA,NA,NA,NA,NA,NA,NA,NA,NA,NA,NA,NA,NA
12237,Lincoln Sefcik,TE,NA,NA,NA,NA,NA,NA,NA,NA,NA,NA,NA,NA,NA,NA,NA
6592,Dontae Strickland,RB,NA,NA,NA,NA,NA,NA,NA,NA,NA,NA,NA,NA,NA,NA,NA
13831,Kevorian Barnes,RB,NA,NA,NA,NA,NA,NA,NA,NA,NA,NA,NA,NA,NA,NA,NA
11222,Marcus Cooper,RB,NA,NA,NA,NA,NA,NA,NA,NA,NA,NA,NA,NA,NA,NA,NA
9227,Israel Abanikanda,RB,DAL,NA,NA,NA,NA,NA,NA,NA,NA,NA,NA,NA,NA,NA,NA
7227,Artavis Pierce,RB,NA,NA,NA,NA,NA,NA,NA,NA,NA,NA,NA,NA,NA,NA,NA
312,Matthew Slater,WR,NA,NA,NA,NA,NA,NA,NA,NA,NA,NA,NA,NA,NA,NA,NA
3078,Jamel Johnson,WR,NA,NA,NA,NA,NA,NA,NA,NA,NA,NA,NA,NA,NA,NA,NA
8021,Branden Mack,WR,NA,NA,NA,NA,NA,NA,NA,NA,NA,NA,NA,NA,NA,NA,NA
11105,Shaquan Davis,WR,NA,NA,NA,NA,NA,NA,NA,NA,NA,NA,NA,NA,NA,NA,NA
13153,Giles Jackson,WR,NA,NA,NA,NA,NA,NA,NA,NA,NA,NA,NA,NA,NA,NA,NA
12026,Kobe Lewis,RB,NA,NA,NA,NA,NA,NA,NA,NA,NA,NA,NA,NA,NA,NA,NA
4972,Mason Rudolph,QB,PIT,NA,NA,NA,NA,NA,NA,NA,NA,NA,NA,NA,NA,NA,NA
14021,Kadarius Calloway,RB,NA,NA,NA,NA,NA,NA,NA,NA,NA,NA,NA,NA,NA,NA,NA
4186,T.J. Logan,RB,NA,NA,NA,NA,NA,NA,NA,NA,NA,NA,NA,NA,NA,NA,NA
8707,Tayon Fleet-Davis,RB,NA,NA,NA,NA,NA,NA,NA,NA,NA,NA,NA,NA,NA,NA,NA
7085,Isaiah Coulter,WR,NA,NA,NA,NA,NA,NA,NA,NA,NA,NA,NA,NA,NA,NA,NA
13351,Junior Vandeross,WR,NA,NA,NA,NA,NA,NA,NA,NA,NA,NA,NA,NA,NA,NA,NA
3199,Michael Thomas,WR,NA,NA,NA,NA,NA,NA,NA,NA,NA,NA,NA,NA,NA,NA,NA
1232,Robert Turbin,RB,NA,NA,NA,NA,NA,NA,NA,NA,NA,NA,NA,NA,NA,NA,NA
8242,Shermari Jones,RB,NA,NA,NA,NA,NA,NA,NA,NA,NA,NA,NA,NA,NA,NA,NA
5918,Rodney Anderson,RB,NA,NA,NA,NA,NA,NA,NA,NA,NA,NA,NA,NA,NA,NA,NA
1425,Ryan Griffin,TE,NA,NA,NA,NA,NA,NA,NA,NA,NA,NA,NA,NA,NA,NA,NA
11413,Ronnie Brown,RB,NA,NA,NA,NA,NA,NA,NA,NA,NA,NA,NA,NA,NA,NA,NA
12443,Devon Garrison,TE,NA,NA,NA,NA,NA,NA,NA,NA,NA,NA,NA,NA,NA,NA,NA
12746,JP Richardson,WR,CHI,NA,NA,NA,NA,NA,NA,NA,NA,NA,NA,NA,NA,NA,NA
333,Ryan Fitzpatrick,QB,NA,NA,NA,NA,NA,NA,NA,NA,NA,NA,NA,NA,NA,NA,NA
1223,Garrett Celek,TE,NA,NA,NA,NA,NA,NA,NA,NA,NA,NA,NA,NA,NA,NA,NA
13222,Montana Lemonious-Craig,WR,NA,NA,NA,NA,NA,NA,NA,NA,NA,NA,NA,NA,NA,NA,NA
6155,Jaylen Smith,WR,NA,NA,NA,NA,NA,NA,NA,NA,NA,NA,NA,NA,NA,NA,NA
7309,Siaosi Mariner,WR,NA,NA,NA,NA,NA,NA,NA,NA,NA,NA,NA,NA,NA,NA,NA
4683,Aaron Bailey,QB,BAL,NA,NA,NA,NA,NA,NA,NA,NA,NA,NA,NA,NA,NA,NA
4588,Kyle Sloter,QB,NA,NA,NA,NA,NA,NA,NA,NA,NA,NA,NA,NA,NA,NA,NA
13022,Sone Ntoh,RB,NA,NA,NA,NA,NA,NA,NA,NA,NA,NA,NA,NA,NA,NA,NA
3362,Jeff Driskel,QB,NA,NA,NA,NA,NA,NA,NA,NA,NA,NA,NA,NA,NA,NA,NA
11024,Grant DuBose,WR,NA,NA,NA,NA,NA,NA,NA,NA,NA,NA,NA,NA,NA,NA,NA
8140,Justyn Ross,WR,NA,NA,NA,NA,NA,NA,NA,NA,NA,NA,NA,NA,NA,NA,NA
8892,Keric Wheatfall,WR,NA,NA,NA,NA,NA,NA,NA,NA,NA,NA,NA,NA,NA,NA,NA
11419,Kade Warner,WR,NA,NA,NA,NA,NA,NA,NA,NA,NA,NA,NA,NA,NA,NA,NA
6822,Jake Fromm,QB,NA,NA,NA,NA,NA,NA,NA,NA,NA,NA,NA,NA,NA,NA,NA
11850,Jeff Foreman,WR,NA,NA,NA,NA,NA,NA,NA,NA,NA,NA,NA,NA,NA,NA,NA
12551,Colin Granger,TE,NA,NA,NA,NA,NA,NA,NA,NA,NA,NA,NA,NA,NA,NA,NA
3570,Brandon Ross,RB,NA,NA,NA,NA,NA,NA,NA,NA,NA,NA,NA,NA,NA,NA,NA
2570,Donatella Luckett,WR,NA,NA,NA,NA,NA,NA,NA,NA,NA,NA,NA,NA,NA,NA,NA
8421,Mike Harley,WR,NA,NA,NA,NA,NA,NA,NA,NA,NA,NA,NA,NA,NA,NA,NA
8813,Anthony Turner,WR,NA,NA,NA,NA,NA,NA,NA,NA,NA,NA,NA,NA,NA,NA,NA
11197,Joel Honigford,TE,NA,NA,NA,NA,NA,NA,NA,NA,NA,NA,NA,NA,NA,NA,NA
13862,Treyvhon Saunders,WR,HOU,NA,NA,NA,NA,NA,NA,NA,NA,NA,NA,NA,NA,NA,NA
5113,Cedrick Wilson,WR,NA,NA,NA,NA,NA,NA,NA,NA,NA,NA,NA,NA,NA,NA,NA
8102,DeShon Williams,TE,NA,NA,NA,NA,NA,NA,NA,NA,NA,NA,NA,NA,NA,NA,NA
6443,Eric Dungey,QB,NA,NA,NA,NA,NA,NA,NA,NA,NA,NA,NA,NA,NA,NA,NA
12166,Trey Potts,RB,NA,NA,NA,NA,NA,NA,NA,NA,NA,NA,NA,NA,NA,NA,NA
6763,Reggie Begelton,WR,NA,NA,NA,NA,NA,NA,NA,NA,NA,NA,NA,NA,NA,NA,NA
6753,Derrick Gore,RB,NA,NA,NA,NA,NA,NA,NA,NA,NA,NA,NA,NA,NA,NA,NA
11716,Tip Reiman,TE,ARI,NA,NA,NA,NA,NA,NA,NA,NA,NA,NA,NA,NA,NA,NA
12097,Ayir Asante,WR,NA,NA,NA,NA,NA,NA,NA,NA,NA,NA,NA,NA,NA,NA,NA
7015,Jacob Breeland,TE,NA,NA,NA,NA,NA,NA,NA,NA,NA,NA,NA,NA,NA,NA,NA
5709,Luis Perez,QB,NA,NA,NA,NA,NA,NA,NA,NA,NA,NA,NA,NA,NA,NA,NA
7079,Pete Guerriero,RB,NA,NA,NA,NA,NA,NA,NA,NA,NA,NA,NA,NA,NA,NA,NA
3803,Elijhaa Penny,RB,NA,NA,NA,NA,NA,NA,NA,NA,NA,NA,NA,NA,NA,NA,NA
11538,Toriano Clinton,RB,NA,NA,NA,NA,NA,NA,NA,NA,NA,NA,NA,NA,NA,NA,NA
4805,Pig Howard,WR,NA,NA,NA,NA,NA,NA,NA,NA,NA,NA,NA,NA,NA,NA,NA
12114,Joshua Cephus,WR,NA,NA,NA,NA,NA,NA,NA,NA,NA,NA,NA,NA,NA,NA,NA
5401,Armanti Foreman,WR,NA,NA,NA,NA,NA,NA,NA,NA,NA,NA,NA,NA,NA,NA,NA
11569,Jarquez Hunter,RB,MIA,NA,NA,NA,NA,NA,NA,NA,NA,NA,NA,NA,NA,NA,NA
2836,Kenny Cook,WR,NA,NA,NA,NA,NA,NA,NA,NA,NA,NA,NA,NA,NA,NA,NA
7546,Tre Nixon,WR,NA,NA,NA,NA,NA,NA,NA,NA,NA,NA,NA,NA,NA,NA,NA
3464,Marquez North,WR,NA,NA,NA,NA,NA,NA,NA,NA,NA,NA,NA,NA,NA,NA,NA
6596,Jalan McClendon,QB,NA,NA,NA,NA,NA,NA,NA,NA,NA,NA,NA,NA,NA,NA,NA
6036,Ryan Davis,WR,NA,NA,NA,NA,NA,NA,NA,NA,NA,NA,NA,NA,NA,NA,NA
8756,Brandon Johnson,WR,PIT,NA,NA,NA,NA,NA,NA,NA,NA,NA,NA,NA,NA,NA,NA
2557,Jerry Lovelocke,QB,NA,NA,NA,NA,NA,NA,NA,NA,NA,NA,NA,NA,NA,NA,NA
11989,D.J. Williams,RB,NA,NA,NA,NA,NA,NA,NA,NA,NA,NA,NA,NA,NA,NA,NA
8041,Shane Zylstra,TE,NA,NA,NA,NA,NA,NA,NA,NA,NA,NA,NA,NA,NA,NA,NA
7455,John Hurst,WR,NA,NA,NA,NA,NA,NA,NA,NA,NA,NA,NA,NA,NA,NA,NA
12402,Ramon Jefferson,RB,NA,NA,NA,NA,NA,NA,NA,NA,NA,NA,NA,NA,NA,NA,NA
2905,Josh Reese,WR,NA,NA,NA,NA,NA,NA,NA,NA,NA,NA,NA,NA,NA,NA,NA
13698,Max Tomczak,WR,NA,NA,NA,NA,NA,NA,NA,NA,NA,NA,NA,NA,NA,NA,NA
7351,Kirk Merritt,WR,NA,NA,NA,NA,NA,NA,NA,NA,NA,NA,NA,NA,NA,NA,NA
6359,C.J. Worton,WR,NA,NA,NA,NA,NA,NA,NA,NA,NA,NA,NA,NA,NA,NA,NA
6593,Spencer Schnell,WR,NA,NA,NA,NA,NA,NA,NA,NA,NA,NA,NA,NA,NA,NA,NA
8441,Justin Hall,WR,NA,NA,NA,NA,NA,NA,NA,NA,NA,NA,NA,NA,NA,NA,NA
4861,Kent Taylor,TE,NA,NA,NA,NA,NA,NA,NA,NA,NA,NA,NA,NA,NA,NA,NA
6798,Jalen Reagor,WR,MIA,NA,NA,NA,NA,NA,NA,NA,NA,NA,NA,NA,NA,NA,NA
2821,Jake Kumerow,WR,NA,NA,NA,NA,NA,NA,NA,NA,NA,NA,NA,NA,NA,NA,NA
4349,Taquan Mizzell,RB,NYG,NA,NA,NA,NA,NA,NA,NA,NA,NA,NA,NA,NA,NA,NA
181,Drew Stanton,QB,NA,NA,NA,NA,NA,NA,NA,NA,NA,NA,NA,NA,NA,NA,NA
5130,Auden Tate,WR,NA,NA,NA,NA,NA,NA,NA,NA,NA,NA,NA,NA,NA,NA,NA
2476,James O'Shaughnessy,TE,NA,NA,NA,NA,NA,NA,NA,NA,NA,NA,NA,NA,NA,NA,NA
8149,Master Teague,RB,NA,NA,NA,NA,NA,NA,NA,NA,NA,NA,NA,NA,NA,NA,NA
9490,Tyler Scott,WR,LV,NA,NA,NA,NA,NA,NA,NA,NA,NA,NA,NA,NA,NA,NA
2927,Keshawn Hill,RB,NA,NA,NA,NA,NA,NA,NA,NA,NA,NA,NA,NA,NA,NA,NA
8196,Ty Fryfogle,WR,NA,NA,NA,NA,NA,NA,NA,NA,NA,NA,NA,NA,NA,NA,NA
11560,Caleb Williams,QB,CHI,NA,NA,NA,NA,NA,NA,NA,NA,NA,NA,NA,NA,NA,NA
8162,Sam Howell,QB,DAL,NA,NA,NA,NA,NA,NA,NA,NA,NA,NA,NA,NA,NA,NA
12278,Jacob Sirmon,QB,NA,NA,NA,NA,NA,NA,NA,NA,NA,NA,NA,NA,NA,NA,NA
12743,Junior Bergen,WR,NA,NA,NA,NA,NA,NA,NA,NA,NA,NA,NA,NA,NA,NA,NA
1290,Jermaine Kearse,WR,NA,NA,NA,NA,NA,NA,NA,NA,NA,NA,NA,NA,NA,NA,NA
11969,Xavier Johnson,WR,NA,NA,NA,NA,NA,NA,NA,NA,NA,NA,NA,NA,NA,NA,NA
10863,A.T. Perry,WR,NA,NA,NA,NA,NA,NA,NA,NA,NA,NA,NA,NA,NA,NA,NA
8239,Ricky Person,RB,NA,NA,NA,NA,NA,NA,NA,NA,NA,NA,NA,NA,NA,NA,NA
8573,Talolo Limi-Jones,WR,NA,NA,NA,NA,NA,NA,NA,NA,NA,NA,NA,NA,NA,NA,NA
11558,Sam Hartman,QB,WAS,NA,NA,NA,NA,NA,NA,NA,NA,NA,NA,NA,NA,NA,NA
7532,Rakeem Boyd,RB,NA,NA,NA,NA,NA,NA,NA,NA,NA,NA,NA,NA,NA,NA,NA
12803,Luke Grimm,WR,NA,NA,NA,NA,NA,NA,NA,NA,NA,NA,NA,NA,NA,NA,NA
4435,Anthony Firkser,TE,NA,NA,NA,NA,NA,NA,NA,NA,NA,NA,NA,NA,NA,NA,NA
14038,Trayvon Rudolph,WR,NA,NA,NA,NA,NA,NA,NA,NA,NA,NA,NA,NA,NA,NA,NA
7337,Easop Winston,WR,NA,NA,NA,NA,NA,NA,NA,NA,NA,NA,NA,NA,NA,NA,NA
7941,Nick Ralston,RB,NA,NA,NA,NA,NA,NA,NA,NA,NA,NA,NA,NA,NA,NA,NA
8800,Malik Davis,RB,DAL,NA,NA,NA,NA,NA,NA,NA,NA,NA,NA,NA,NA,NA,NA
3204,C.J. Prosise,RB,NA,NA,NA,NA,NA,NA,NA,NA,NA,NA,NA,NA,NA,NA,NA
1842,Derrick Johnson,WR,NA,NA,NA,NA,NA,NA,NA,NA,NA,NA,NA,NA,NA,NA,NA
6727,Joe Walker,WR,NA,NA,NA,NA,NA,NA,NA,NA,NA,NA,NA,NA,NA,NA,NA
6617,Andre Lindsey,WR,NA,NA,NA,NA,NA,NA,NA,NA,NA,NA,NA,NA,NA,NA,NA
11862,Luke Benson,TE,NA,NA,NA,NA,NA,NA,NA,NA,NA,NA,NA,NA,NA,NA,NA
3412,Devon Johnson,RB,NA,NA,NA,NA,NA,NA,NA,NA,NA,NA,NA,NA,NA,NA,NA
11924,Tanner Mordecai,QB,NA,NA,NA,NA,NA,NA,NA,NA,NA,NA,NA,NA,NA,NA,NA
4526,Krishawn Hogan,WR,NA,NA,NA,NA,NA,NA,NA,NA,NA,NA,NA,NA,NA,NA,NA
138,Ben Roethlisberger,QB,PIT,NA,NA,NA,NA,NA,NA,NA,NA,NA,NA,NA,NA,NA,NA
8191,Slade Bolden,WR,NA,NA,NA,NA,NA,NA,NA,NA,NA,NA,NA,NA,NA,NA,NA
2639,Tony Jones,WR,NA,NA,NA,NA,NA,NA,NA,NA,NA,NA,NA,NA,NA,NA,NA
8915,Drew Plitt,QB,NA,NA,NA,NA,NA,NA,NA,NA,NA,NA,NA,NA,NA,NA,NA
8255,Raheem Blackshear,RB,NA,NA,NA,NA,NA,NA,NA,NA,NA,NA,NA,NA,NA,NA,NA
7319,Jeff Cotton,WR,NA,NA,NA,NA,NA,NA,NA,NA,NA,NA,NA,NA,NA,NA,NA
8745,Lance McCutcheon,WR,NA,NA,NA,NA,NA,NA,NA,NA,NA,NA,NA,NA,NA,NA,NA
13725,Dominic Richardson,RB,NA,NA,NA,NA,NA,NA,NA,NA,NA,NA,NA,NA,NA,NA,NA
886,Taiwan Jones,RB,NA,NA,NA,NA,NA,NA,NA,NA,NA,NA,NA,NA,NA,NA,NA
8200,Kevin Austin,WR,NO,NA,NA,NA,NA,NA,NA,NA,NA,NA,NA,NA,NA,NA,NA
12412,Terrell Jennings,RB,NA,NA,NA,NA,NA,NA,NA,NA,NA,NA,NA,NA,NA,NA,NA
5744,Eldridge Massington,WR,NO,NA,NA,NA,NA,NA,NA,NA,NA,NA,NA,NA,NA,NA,NA
11748,Bub Means,WR,CLE,NA,NA,NA,NA,NA,NA,NA,NA,NA,NA,NA,NA,NA,NA
2588,Malcolm Brown,RB,NA,NA,NA,NA,NA,NA,NA,NA,NA,NA,NA,NA,NA,NA,NA
3520,Jay Lee,WR,NA,NA,NA,NA,NA,NA,NA,NA,NA,NA,NA,NA,NA,NA,NA
11536,Milton Wright,WR,NA,NA,NA,NA,NA,NA,NA,NA,NA,NA,NA,NA,NA,NA,NA
7559,Ihmir Smith-Marsette,WR,CAR,NA,NA,NA,NA,NA,NA,NA,NA,NA,NA,NA,NA,NA,NA
8431,Chase Garbers,QB,NA,NA,NA,NA,NA,NA,NA,NA,NA,NA,NA,NA,NA,NA,NA
4718,Dare Ogunbowale,RB,HOU,NA,NA,NA,NA,NA,NA,NA,NA,NA,NA,NA,NA,NA,NA
8888,Kameron Brown,WR,NA,NA,NA,NA,NA,NA,NA,NA,NA,NA,NA,NA,NA,NA,NA
3393,Devin Fuller,WR,NA,NA,NA,NA,NA,NA,NA,NA,NA,NA,NA,NA,NA,NA,NA
2341,T.J. Yeldon,RB,NA,NA,NA,NA,NA,NA,NA,NA,NA,NA,NA,NA,NA,NA,NA
2390,Tyler Kroft,TE,NA,NA,NA,NA,NA,NA,NA,NA,NA,NA,NA,NA,NA,NA,NA
13989,E.J. Warner,QB,NA,NA,NA,NA,NA,NA,NA,NA,NA,NA,NA,NA,NA,NA,NA
6175,Kerrith Whyte,RB,GB,NA,NA,NA,NA,NA,NA,NA,NA,NA,NA,NA,NA,NA,NA
8418,Jared Smart,WR,NA,NA,NA,NA,NA,NA,NA,NA,NA,NA,NA,NA,NA,NA,NA
8760,Dre Miller,TE,NA,NA,NA,NA,NA,NA,NA,NA,NA,NA,NA,NA,NA,NA,NA
4089,Gerald Everett,TE,NA,NA,NA,NA,NA,NA,NA,NA,NA,NA,NA,NA,NA,NA,NA
5103,Dylan Cantrell,TE,NA,NA,NA,NA,NA,NA,NA,NA,NA,NA,NA,NA,NA,NA,NA
12883,Joshua Simon,TE,NA,NA,NA,NA,NA,NA,NA,NA,NA,NA,NA,NA,NA,NA,NA
12001,Lawrence Keys,WR,DET,NA,NA,NA,NA,NA,NA,NA,NA,NA,NA,NA,NA,NA,NA
8127,Charlie Kolar,TE,LAC,NA,NA,NA,NA,NA,NA,NA,NA,NA,NA,NA,NA,NA,NA
13402,Skyler Bell,WR,BUF,NA,NA,NA,NA,NA,NA,NA,NA,NA,NA,NA,NA,NA,NA
4098,Kareem Hunt,RB,NA,NA,NA,NA,NA,NA,NA,NA,NA,NA,NA,NA,NA,NA,NA
7100,Derrick Dillon,WR,NA,NA,NA,NA,NA,NA,NA,NA,NA,NA,NA,NA,NA,NA,NA
3811,Alstevis Squirewell,RB,NA,NA,NA,NA,NA,NA,NA,NA,NA,NA,NA,NA,NA,NA,NA
5096,Ray-Ray McCloud,WR,NA,NA,NA,NA,NA,NA,NA,NA,NA,NA,NA,NA,NA,NA,NA
6850,Harrison Bryant,TE,NA,NA,NA,NA,NA,NA,NA,NA,NA,NA,NA,NA,NA,NA,NA
3348,Kolby Listenbee,WR,NA,NA,NA,NA,NA,NA,NA,NA,NA,NA,NA,NA,NA,NA,NA
5254,Jimmy Williams,WR,NA,NA,NA,NA,NA,NA,NA,NA,NA,NA,NA,NA,NA,NA,NA
13326,DT Sheffield,WR,NA,NA,NA,NA,NA,NA,NA,NA,NA,NA,NA,NA,NA,NA,NA
5246,Jake Roh,TE,NA,NA,NA,NA,NA,NA,NA,NA,NA,NA,NA,NA,NA,NA,NA
12341,Markese Stepp,RB,NA,NA,NA,NA,NA,NA,NA,NA,NA,NA,NA,NA,NA,NA,NA
11493,Jordan Murray,TE,NA,NA,NA,NA,NA,NA,NA,NA,NA,NA,NA,NA,NA,NA,NA
5252,Ray Lawry,RB,NA,NA,NA,NA,NA,NA,NA,NA,NA,NA,NA,NA,NA,NA,NA
7452,Josh Pearson,WR,NA,NA,NA,NA,NA,NA,NA,NA,NA,NA,NA,NA,NA,NA,NA
13208,Kyrese Rowan,WR,NO,NA,NA,NA,NA,NA,NA,NA,NA,NA,NA,NA,NA,NA,NA
2981,Ross Scheuerman,RB,NA,NA,NA,NA,NA,NA,NA,NA,NA,NA,NA,NA,NA,NA,NA
3852,Jaydon Mickens,WR,NA,NA,NA,NA,NA,NA,NA,NA,NA,NA,NA,NA,NA,NA,NA
5427,LaQuvionte Gonzalez,WR,NA,NA,NA,NA,NA,NA,NA,NA,NA,NA,NA,NA,NA,NA,NA
11508,Princeton Fant,TE,DAL,NA,NA,NA,NA,NA,NA,NA,NA,NA,NA,NA,NA,NA,NA
6879,Quartney Davis,WR,NA,NA,NA,NA,NA,NA,NA,NA,NA,NA,NA,NA,NA,NA,NA
4940,DeSean Smith,TE,NA,NA,NA,NA,NA,NA,NA,NA,NA,NA,NA,NA,NA,NA,NA
4536,Jason Croom,TE,NA,NA,NA,NA,NA,NA,NA,NA,NA,NA,NA,NA,NA,NA,NA
4853,Jerod Evans,QB,NA,NA,NA,NA,NA,NA,NA,NA,NA,NA,NA,NA,NA,NA,NA
5120,Danny Etling,QB,NA,NA,NA,NA,NA,NA,NA,NA,NA,NA,NA,NA,NA,NA,NA
8122,Zonovan Knight,RB,ARI,NA,NA,NA,NA,NA,NA,NA,NA,NA,NA,NA,NA,NA,NA
8570,Derek Wright,WR,NA,NA,NA,NA,NA,NA,NA,NA,NA,NA,NA,NA,NA,NA,NA
12772,Courtney Jackson,WR,NA,NA,NA,NA,NA,NA,NA,NA,NA,NA,NA,NA,NA,NA,NA
6665,Jody Fortson,TE,NA,NA,NA,NA,NA,NA,NA,NA,NA,NA,NA,NA,NA,NA,NA
3934,Troymaine Pope,RB,NA,NA,NA,NA,NA,NA,NA,NA,NA,NA,NA,NA,NA,NA,NA
4774,De'Mard Llorens,RB,NA,NA,NA,NA,NA,NA,NA,NA,NA,NA,NA,NA,NA,NA,NA
9492,Trey Palmer,WR,NO,NA,NA,NA,NA,NA,NA,NA,NA,NA,NA,NA,NA,NA,NA
7175,Chris Rowland,WR,NA,NA,NA,NA,NA,NA,NA,NA,NA,NA,NA,NA,NA,NA,NA
6591,Charles Jones,TE,NA,NA,NA,NA,NA,NA,NA,NA,NA,NA,NA,NA,NA,NA,NA
9497,Jalin Hyatt,WR,NYG,NA,NA,NA,NA,NA,NA,NA,NA,NA,NA,NA,NA,NA,NA
11388,Nolan Henderson,QB,NA,NA,NA,NA,NA,NA,NA,NA,NA,NA,NA,NA,NA,NA,NA
4823,Keevan Lucas,WR,NA,NA,NA,NA,NA,NA,NA,NA,NA,NA,NA,NA,NA,NA,NA
11946,Marcus Rosemy-Jacksaint,WR,NA,NA,NA,NA,NA,NA,NA,NA,NA,NA,NA,NA,NA,NA,NA
11528,Garett Maag,WR,NA,NA,NA,NA,NA,NA,NA,NA,NA,NA,NA,NA,NA,NA,NA
2567,Bryan Bennett,QB,NA,NA,NA,NA,NA,NA,NA,NA,NA,NA,NA,NA,NA,NA,NA
2446,MyCole Pruitt,TE,NA,NA,NA,NA,NA,NA,NA,NA,NA,NA,NA,NA,NA,NA,NA
13122,Carter Runyon,TE,LV,NA,NA,NA,NA,NA,NA,NA,NA,NA,NA,NA,NA,NA,NA
8235,Samori Toure,WR,NA,NA,NA,NA,NA,NA,NA,NA,NA,NA,NA,NA,NA,NA,NA
11851,Carter Bradley,QB,NA,NA,NA,NA,NA,NA,NA,NA,NA,NA,NA,NA,NA,NA,NA
6789,Henry Ruggs,WR,NA,NA,NA,NA,NA,NA,NA,NA,NA,NA,NA,NA,NA,NA,NA
5752,Sherman Badie,RB,NA,NA,NA,NA,NA,NA,NA,NA,NA,NA,NA,NA,NA,NA,NA
8120,Jerrion Ealy,RB,NA,NA,NA,NA,NA,NA,NA,NA,NA,NA,NA,NA,NA,NA,NA
5286,Austin Allen,QB,NA,NA,NA,NA,NA,NA,NA,NA,NA,NA,NA,NA,NA,NA,NA
11438,Dallas Daniels,WR,NA,NA,NA,NA,NA,NA,NA,NA,NA,NA,NA,NA,NA,NA,NA
6239,Malik Taylor,WR,NA,NA,NA,NA,NA,NA,NA,NA,NA,NA,NA,NA,NA,NA,NA
11943,Michael Wiley,RB,NA,NA,NA,NA,NA,NA,NA,NA,NA,NA,NA,NA,NA,NA,NA
2430,Javorius Allen,RB,NA,NA,NA,NA,NA,NA,NA,NA,NA,NA,NA,NA,NA,NA,NA
8571,Ra'Shaun Henry,WR,NA,NA,NA,NA,NA,NA,NA,NA,NA,NA,NA,NA,NA,NA,NA
12954,Kye Robichaux,RB,NA,NA,NA,NA,NA,NA,NA,NA,NA,NA,NA,NA,NA,NA,NA
8801,Dennis Houston,WR,NA,NA,NA,NA,NA,NA,NA,NA,NA,NA,NA,NA,NA,NA,NA
5239,Lamar Jordan,QB,NA,NA,NA,NA,NA,NA,NA,NA,NA,NA,NA,NA,NA,NA,NA
2771,Jimmie Hunt,WR,NA,NA,NA,NA,NA,NA,NA,NA,NA,NA,NA,NA,NA,NA,NA
11537,Wayne Taulapapa,RB,NA,NA,NA,NA,NA,NA,NA,NA,NA,NA,NA,NA,NA,NA,NA
13293,Ja'Kobi Lane,WR,BAL,NA,NA,NA,NA,NA,NA,NA,NA,NA,NA,NA,NA,NA,NA
6557,Jeff Smith,WR,NA,NA,NA,NA,NA,NA,NA,NA,NA,NA,NA,NA,NA,NA,NA
6853,Van Jefferson,WR,WAS,NA,NA,NA,NA,NA,NA,NA,NA,NA,NA,NA,NA,NA,NA
13345,Jonah Coleman,RB,DEN,NA,NA,NA,NA,NA,NA,NA,NA,NA,NA,NA,NA,NA,NA
2914,Luke Lundy,RB,NA,NA,NA,NA,NA,NA,NA,NA,NA,NA,NA,NA,NA,NA,NA
13712,Hayden Large,TE,CHI,NA,NA,NA,NA,NA,NA,NA,NA,NA,NA,NA,NA,NA,NA
8249,Lucas Krull,TE,DEN,NA,NA,NA,NA,NA,NA,NA,NA,NA,NA,NA,NA,NA,NA
3551,Max Wittek,QB,NA,NA,NA,NA,NA,NA,NA,NA,NA,NA,NA,NA,NA,NA,NA
11773,Keilan Robinson,RB,NA,NA,NA,NA,NA,NA,NA,NA,NA,NA,NA,NA,NA,NA,NA
12009,Jack Plummer,QB,NA,NA,NA,NA,NA,NA,NA,NA,NA,NA,NA,NA,NA,NA,NA
5464,De'Lance Turner,RB,NA,NA,NA,NA,NA,NA,NA,NA,NA,NA,NA,NA,NA,NA,NA
8706,Kehinde Oginni,TE,NA,NA,NA,NA,NA,NA,NA,NA,NA,NA,NA,NA,NA,NA,NA
5395,Shaun Wilson,RB,NA,NA,NA,NA,NA,NA,NA,NA,NA,NA,NA,NA,NA,NA,NA
7903,Briley Moore,TE,NA,NA,NA,NA,NA,NA,NA,NA,NA,NA,NA,NA,NA,NA,NA
7050,Josiah Deguara,TE,PHI,NA,NA,NA,NA,NA,NA,NA,NA,NA,NA,NA,NA,NA,NA
6778,Chris Streveler,QB,NA,NA,NA,NA,NA,NA,NA,NA,NA,NA,NA,NA,NA,NA,NA
11421,Ryan Miller,WR,MIA,NA,NA,NA,NA,NA,NA,NA,NA,NA,NA,NA,NA,NA,NA
13870,Quentin Moore,TE,NA,NA,NA,NA,NA,NA,NA,NA,NA,NA,NA,NA,NA,NA,NA
8193,E.J. Perry,QB,NA,NA,NA,NA,NA,NA,NA,NA,NA,NA,NA,NA,NA,NA,NA
12093,Geordon Porter,WR,NA,NA,NA,NA,NA,NA,NA,NA,NA,NA,NA,NA,NA,NA,NA
2331,Breshad Perriman,WR,NA,NA,NA,NA,NA,NA,NA,NA,NA,NA,NA,NA,NA,NA,NA
8222,Josh Johnson,WR,NA,NA,NA,NA,NA,NA,NA,NA,NA,NA,NA,NA,NA,NA,NA
7613,Jonathan Adams,WR,NA,NA,NA,NA,NA,NA,NA,NA,NA,NA,NA,NA,NA,NA,NA
14034,Brock Rechsteiner,WR,NA,NA,NA,NA,NA,NA,NA,NA,NA,NA,NA,NA,NA,NA,NA
7576,Sage Surratt,TE,NA,NA,NA,NA,NA,NA,NA,NA,NA,NA,NA,NA,NA,NA,NA
9222,Zach Evans,RB,NA,NA,NA,NA,NA,NA,NA,NA,NA,NA,NA,NA,NA,NA,NA
12398,Jadon Janke,WR,NA,NA,NA,NA,NA,NA,NA,NA,NA,NA,NA,NA,NA,NA,NA
2916,Ify Umodu,WR,NA,NA,NA,NA,NA,NA,NA,NA,NA,NA,NA,NA,NA,NA,NA
7092,Chris Finke,WR,NA,NA,NA,NA,NA,NA,NA,NA,NA,NA,NA,NA,NA,NA,NA
11359,Kody Case,WR,NA,NA,NA,NA,NA,NA,NA,NA,NA,NA,NA,NA,NA,NA,NA
4730,Sam Cotton,TE,NA,NA,NA,NA,NA,NA,NA,NA,NA,NA,NA,NA,NA,NA,NA
13943,Squirrel White,WR,NA,NA,NA,NA,NA,NA,NA,NA,NA,NA,NA,NA,NA,NA,NA
6032,Keelan Doss,WR,NA,NA,NA,NA,NA,NA,NA,NA,NA,NA,NA,NA,NA,NA,NA
5407,Ervin Philips,RB,NA,NA,NA,NA,NA,NA,NA,NA,NA,NA,NA,NA,NA,NA,NA
11249,Chris Smith,RB,NA,NA,NA,NA,NA,NA,NA,NA,NA,NA,NA,NA,NA,NA,NA
14069,Connor Hulstein,TE,NA,NA,NA,NA,NA,NA,NA,NA,NA,NA,NA,NA,NA,NA,NA
6803,Brandon Aiyuk,WR,SF,NA,NA,NA,NA,NA,NA,NA,NA,NA,NA,NA,NA,NA,NA
5010,Will Dissly,TE,NA,NA,NA,NA,NA,NA,NA,NA,NA,NA,NA,NA,NA,NA,NA
1048,Lamar Miller,RB,NA,NA,NA,NA,NA,NA,NA,NA,NA,NA,NA,NA,NA,NA,NA
6318,Jordan Ellis,RB,NA,NA,NA,NA,NA,NA,NA,NA,NA,NA,NA,NA,NA,NA,NA
11130,Pokey Wilson,WR,NA,NA,NA,NA,NA,NA,NA,NA,NA,NA,NA,NA,NA,NA,NA
11231,Christian Trahan,TE,NA,NA,NA,NA,NA,NA,NA,NA,NA,NA,NA,NA,NA,NA,NA
3668,Joshua Perkins,TE,NYJ,NA,NA,NA,NA,NA,NA,NA,NA,NA,NA,NA,NA,NA,NA
12357,David Martin-Robinson,TE,TEN,NA,NA,NA,NA,NA,NA,NA,NA,NA,NA,NA,NA,NA,NA
12516,Kalel Mullings,RB,TEN,NA,NA,NA,NA,NA,NA,NA,NA,NA,NA,NA,NA,NA,NA
7602,Kylen Granson,TE,TEN,NA,NA,NA,NA,NA,NA,NA,NA,NA,NA,NA,NA,NA,NA
7582,Jhamon Ausbon,WR,NA,NA,NA,NA,NA,NA,NA,NA,NA,NA,NA,NA,NA,NA,NA
6261,Reggie White,WR,NA,NA,NA,NA,NA,NA,NA,NA,NA,NA,NA,NA,NA,NA,NA
947,Julio Jones,WR,NA,NA,NA,NA,NA,NA,NA,NA,NA,NA,NA,NA,NA,NA,NA
4328,Jerome Lane,WR,NA,NA,NA,NA,NA,NA,NA,NA,NA,NA,NA,NA,NA,NA,NA
12907,Quentin Skinner,WR,NA,NA,NA,NA,NA,NA,NA,NA,NA,NA,NA,NA,NA,NA,NA
4937,Al Riles,WR,IND,NA,NA,NA,NA,NA,NA,NA,NA,NA,NA,NA,NA,NA,NA
7580,Khalil McClain,WR,NA,NA,NA,NA,NA,NA,NA,NA,NA,NA,NA,NA,NA,NA,NA
12029,Tyler Harrell,WR,NA,NA,NA,NA,NA,NA,NA,NA,NA,NA,NA,NA,NA,NA,NA
14005,Tommy Thomas,WR,NA,NA,NA,NA,NA,NA,NA,NA,NA,NA,NA,NA,NA,NA,NA
7579,Austin Watkins,WR,NA,NA,NA,NA,NA,NA,NA,NA,NA,NA,NA,NA,NA,NA,NA
12938,Jackson Meeks,TE,DET,NA,NA,NA,NA,NA,NA,NA,NA,NA,NA,NA,NA,NA,NA
1848,James White,RB,NA,NA,NA,NA,NA,NA,NA,NA,NA,NA,NA,NA,NA,NA,NA
7234,Maurice Ffrench,WR,NA,NA,NA,NA,NA,NA,NA,NA,NA,NA,NA,NA,NA,NA,NA
11053,Antoine Green,WR,NA,NA,NA,NA,NA,NA,NA,NA,NA,NA,NA,NA,NA,NA,NA
6529,Chris Myarick,TE,LV,NA,NA,NA,NA,NA,NA,NA,NA,NA,NA,NA,NA,NA,NA
11621,Brenden Rice,WR,NA,NA,NA,NA,NA,NA,NA,NA,NA,NA,NA,NA,NA,NA,NA
3503,Geronimo Allison,WR,NA,NA,NA,NA,NA,NA,NA,NA,NA,NA,NA,NA,NA,NA,NA
8114,Erik Ezukanma,WR,NA,NA,NA,NA,NA,NA,NA,NA,NA,NA,NA,NA,NA,NA,NA
6439,Hale Hentges,TE,NA,NA,NA,NA,NA,NA,NA,NA,NA,NA,NA,NA,NA,NA,NA
5661,Chris Lacy,WR,NA,NA,NA,NA,NA,NA,NA,NA,NA,NA,NA,NA,NA,NA,NA
2577,Devante Davis,WR,NA,NA,NA,NA,NA,NA,NA,NA,NA,NA,NA,NA,NA,NA,NA
5889,Bryce Love,RB,NA,NA,NA,NA,NA,NA,NA,NA,NA,NA,NA,NA,NA,NA,NA
2909,Beau Gardner,TE,NA,NA,NA,NA,NA,NA,NA,NA,NA,NA,NA,NA,NA,NA,NA
12471,DJ Giddens,RB,IND,NA,NA,NA,NA,NA,NA,NA,NA,NA,NA,NA,NA,NA,NA
7537,Jaret Patterson,RB,NA,NA,NA,NA,NA,NA,NA,NA,NA,NA,NA,NA,NA,NA,NA
2800,Mario Hull,WR,NA,NA,NA,NA,NA,NA,NA,NA,NA,NA,NA,NA,NA,NA,NA
8407,T.J. Pledger,RB,NA,NA,NA,NA,NA,NA,NA,NA,NA,NA,NA,NA,NA,NA,NA
3655,Reggie Diggs,WR,NA,NA,NA,NA,NA,NA,NA,NA,NA,NA,NA,NA,NA,NA,NA
11821,Tahj Washington,WR,NA,NA,NA,NA,NA,NA,NA,NA,NA,NA,NA,NA,NA,NA,NA
6552,Malik Henry,WR,NA,NA,NA,NA,NA,NA,NA,NA,NA,NA,NA,NA,NA,NA,NA
4938,Speedy Noil,WR,NA,NA,NA,NA,NA,NA,NA,NA,NA,NA,NA,NA,NA,NA,NA
4198,Jamal Agnew,WR,NA,NA,NA,NA,NA,NA,NA,NA,NA,NA,NA,NA,NA,NA,NA
7972,Tony Poljan,TE,NA,NA,NA,NA,NA,NA,NA,NA,NA,NA,NA,NA,NA,NA,NA
11080,Malik Knowles,WR,NA,NA,NA,NA,NA,NA,NA,NA,NA,NA,NA,NA,NA,NA,NA
7367,Will Hastings,WR,NA,NA,NA,NA,NA,NA,NA,NA,NA,NA,NA,NA,NA,NA,NA
6938,Cam Akers,RB,NA,NA,NA,NA,NA,NA,NA,NA,NA,NA,NA,NA,NA,NA,NA
2922,Devin Mahina,TE,NA,NA,NA,NA,NA,NA,NA,NA,NA,NA,NA,NA,NA,NA,NA
11540,La'Michael Pettway,TE,NA,NA,NA,NA,NA,NA,NA,NA,NA,NA,NA,NA,NA,NA,NA
5747,Kayaune Ross,WR,NA,NA,NA,NA,NA,NA,NA,NA,NA,NA,NA,NA,NA,NA,NA
4610,Deante' Gray,WR,NA,NA,NA,NA,NA,NA,NA,NA,NA,NA,NA,NA,NA,NA,NA
7618,Micah Simon,WR,CAR,NA,NA,NA,NA,NA,NA,NA,NA,NA,NA,NA,NA,NA,NA
4806,Brandon Radcliff,RB,NA,NA,NA,NA,NA,NA,NA,NA,NA,NA,NA,NA,NA,NA,NA
3440,Josh Woodrum,QB,NA,NA,NA,NA,NA,NA,NA,NA,NA,NA,NA,NA,NA,NA,NA
12786,Anthony Landphere,TE,NA,NA,NA,NA,NA,NA,NA,NA,NA,NA,NA,NA,NA,NA,NA
6894,Mitchell Wilcox,TE,NA,NA,NA,NA,NA,NA,NA,NA,NA,NA,NA,NA,NA,NA,NA
6446,Jon Hilliman,RB,NA,NA,NA,NA,NA,NA,NA,NA,NA,NA,NA,NA,NA,NA,NA
233,Matt Moore,QB,NA,NA,NA,NA,NA,NA,NA,NA,NA,NA,NA,NA,NA,NA,NA
13210,Drake Dabney,TE,GB,NA,NA,NA,NA,NA,NA,NA,NA,NA,NA,NA,NA,NA,NA
13238,Winston Wright,WR,NA,NA,NA,NA,NA,NA,NA,NA,NA,NA,NA,NA,NA,NA,NA
5570,Chad Beebe,WR,NA,NA,NA,NA,NA,NA,NA,NA,NA,NA,NA,NA,NA,NA,NA
4537,Jordan Johnson,RB,NA,NA,NA,NA,NA,NA,NA,NA,NA,NA,NA,NA,NA,NA,NA
3177,Corey Coleman,WR,NA,NA,NA,NA,NA,NA,NA,NA,NA,NA,NA,NA,NA,NA,NA
11580,Dillon Johnson,RB,NA,NA,NA,NA,NA,NA,NA,NA,NA,NA,NA,NA,NA,NA,NA
11607,Hayden Hatten,WR,NA,NA,NA,NA,NA,NA,NA,NA,NA,NA,NA,NA,NA,NA,NA
5705,John Franklin,WR,NA,NA,NA,NA,NA,NA,NA,NA,NA,NA,NA,NA,NA,NA,NA
5235,David Wells,TE,NA,NA,NA,NA,NA,NA,NA,NA,NA,NA,NA,NA,NA,NA,NA
5587,Chris Warren,RB,NA,NA,NA,NA,NA,NA,NA,NA,NA,NA,NA,NA,NA,NA,NA
6453,D.J. Montgomery,WR,IND,NA,NA,NA,NA,NA,NA,NA,NA,NA,NA,NA,NA,NA,NA
11126,Michael Ezeike,TE,NA,NA,NA,NA,NA,NA,NA,NA,NA,NA,NA,NA,NA,NA,NA
13867,Sean Brown,WR,NA,NA,NA,NA,NA,NA,NA,NA,NA,NA,NA,NA,NA,NA,NA
12363,Xavier Wade,WR,NA,NA,NA,NA,NA,NA,NA,NA,NA,NA,NA,NA,NA,NA,NA
4607,Zach Conque,QB,NA,NA,NA,NA,NA,NA,NA,NA,NA,NA,NA,NA,NA,NA,NA
5800,Justin Stockton,RB,NA,NA,NA,NA,NA,NA,NA,NA,NA,NA,NA,NA,NA,NA,NA
2752,Trent Steelman,WR,NA,NA,NA,NA,NA,NA,NA,NA,NA,NA,NA,NA,NA,NA,NA
2431,Mike Davis,RB,NA,NA,NA,NA,NA,NA,NA,NA,NA,NA,NA,NA,NA,NA,NA
5112,Bo Scarbrough,RB,NA,NA,NA,NA,NA,NA,NA,NA,NA,NA,NA,NA,NA,NA,NA
14018,Jordan Nubin,RB,NA,NA,NA,NA,NA,NA,NA,NA,NA,NA,NA,NA,NA,NA,NA
5760,Josh Crockett,WR,NA,NA,NA,NA,NA,NA,NA,NA,NA,NA,NA,NA,NA,NA,NA
2939,Javess Blue,WR,NA,NA,NA,NA,NA,NA,NA,NA,NA,NA,NA,NA,NA,NA,NA
6269,Kyle Shurmur,QB,NA,NA,NA,NA,NA,NA,NA,NA,NA,NA,NA,NA,NA,NA,NA
4160,Josh Malone,WR,NA,NA,NA,NA,NA,NA,NA,NA,NA,NA,NA,NA,NA,NA,NA
10651,Mohamed Ibrahim,RB,NA,NA,NA,NA,NA,NA,NA,NA,NA,NA,NA,NA,NA,NA,NA
8665,Armani Rogers,TE,NA,NA,NA,NA,NA,NA,NA,NA,NA,NA,NA,NA,NA,NA,NA
6628,Ventell Bryant,WR,NA,NA,NA,NA,NA,NA,NA,NA,NA,NA,NA,NA,NA,NA,NA
5785,James Butler,RB,NA,NA,NA,NA,NA,NA,NA,NA,NA,NA,NA,NA,NA,NA,NA
9230,Tanner McKee,QB,PHI,NA,NA,NA,NA,NA,NA,NA,NA,NA,NA,NA,NA,NA,NA
1903,Taylor Gabriel,WR,NA,NA,NA,NA,NA,NA,NA,NA,NA,NA,NA,NA,NA,NA,NA
5980,Myles Gaskin,RB,NA,NA,NA,NA,NA,NA,NA,NA,NA,NA,NA,NA,NA,NA,NA
6553,Austin Walter,RB,NA,NA,NA,NA,NA,NA,NA,NA,NA,NA,NA,NA,NA,NA,NA
12126,Isaac Rex,TE,NA,NA,NA,NA,NA,NA,NA,NA,NA,NA,NA,NA,NA,NA,NA
676,LeSean McCoy,RB,NA,NA,NA,NA,NA,NA,NA,NA,NA,NA,NA,NA,NA,NA,NA
2917,Brian Vogler,TE,NA,NA,NA,NA,NA,NA,NA,NA,NA,NA,NA,NA,NA,NA,NA
4475,Sefo Liufau,QB,NA,NA,NA,NA,NA,NA,NA,NA,NA,NA,NA,NA,NA,NA,NA
11600,Ja'Tavion Sanders,TE,CAR,NA,NA,NA,NA,NA,NA,NA,NA,NA,NA,NA,NA,NA,NA
2381,Chris Conley,WR,NA,NA,NA,NA,NA,NA,NA,NA,NA,NA,NA,NA,NA,NA,NA
1067,Marvin Jones,WR,NA,NA,NA,NA,NA,NA,NA,NA,NA,NA,NA,NA,NA,NA,NA
8202,Michael Woods,WR,NA,NA,NA,NA,NA,NA,NA,NA,NA,NA,NA,NA,NA,NA,NA
7992,Matt Bushman,TE,NA,NA,NA,NA,NA,NA,NA,NA,NA,NA,NA,NA,NA,NA,NA
2943,Mark Weisman,RB,NA,NA,NA,NA,NA,NA,NA,NA,NA,NA,NA,NA,NA,NA,NA
8411,Devon Allen,WR,NA,NA,NA,NA,NA,NA,NA,NA,NA,NA,NA,NA,NA,NA,NA
6322,Xavier Ubosi,WR,NA,NA,NA,NA,NA,NA,NA,NA,NA,NA,NA,NA,NA,NA,NA
7988,Riley Lees,WR,NA,NA,NA,NA,NA,NA,NA,NA,NA,NA,NA,NA,NA,NA,NA
7400,Manasseh Bailey,WR,NA,NA,NA,NA,NA,NA,NA,NA,NA,NA,NA,NA,NA,NA,NA
11184,Daniel Arias,WR,NA,NA,NA,NA,NA,NA,NA,NA,NA,NA,NA,NA,NA,NA,NA
11377,Tyrell Shavers,WR,BUF,NA,NA,NA,NA,NA,NA,NA,NA,NA,NA,NA,NA,NA,NA
11089,Jordan Byrd,WR,NA,NA,NA,NA,NA,NA,NA,NA,NA,NA,NA,NA,NA,NA,NA
11347,Chase Cota,WR,NA,NA,NA,NA,NA,NA,NA,NA,NA,NA,NA,NA,NA,NA,NA
3336,Moritz Bohringer,TE,NA,NA,NA,NA,NA,NA,NA,NA,NA,NA,NA,NA,NA,NA,NA
13436,Kentrel Bullock,RB,CIN,NA,NA,NA,NA,NA,NA,NA,NA,NA,NA,NA,NA,NA,NA
11942,Colson Yankoff,TE,WAS,NA,NA,NA,NA,NA,NA,NA,NA,NA,NA,NA,NA,NA,NA
2093,Ryan Grant,WR,NA,NA,NA,NA,NA,NA,NA,NA,NA,NA,NA,NA,NA,NA,NA
12077,Lincoln Victor,WR,NA,NA,NA,NA,NA,NA,NA,NA,NA,NA,NA,NA,NA,NA,NA
4934,Jalen Williams,WR,NA,NA,NA,NA,NA,NA,NA,NA,NA,NA,NA,NA,NA,NA,NA
11815,Cornelius Johnson,WR,NA,NA,NA,NA,NA,NA,NA,NA,NA,NA,NA,NA,NA,NA,NA
6308,Ian Bunting,TE,NA,NA,NA,NA,NA,NA,NA,NA,NA,NA,NA,NA,NA,NA,NA
2593,Antwan Goodley,WR,NA,NA,NA,NA,NA,NA,NA,NA,NA,NA,NA,NA,NA,NA,NA
13404,Garrett Nussmeier,QB,KC,NA,NA,NA,NA,NA,NA,NA,NA,NA,NA,NA,NA,NA,NA
6074,Donald Parham,TE,NA,NA,NA,NA,NA,NA,NA,NA,NA,NA,NA,NA,NA,NA,NA
13645,Michael Wortham,WR,JAX,NA,NA,NA,NA,NA,NA,NA,NA,NA,NA,NA,NA,NA,NA
7595,Tylan Wallace,WR,CLE,NA,NA,NA,NA,NA,NA,NA,NA,NA,NA,NA,NA,NA,NA
8234,Jaivon Heiligh,WR,NA,NA,NA,NA,NA,NA,NA,NA,NA,NA,NA,NA,NA,NA,NA
12484,Jayden Higgins,WR,HOU,NA,NA,NA,NA,NA,NA,NA,NA,NA,NA,NA,NA,NA,NA
8027,Tre Harbison,RB,NA,NA,NA,NA,NA,NA,NA,NA,NA,NA,NA,NA,NA,NA,NA
5265,Nic Shimonek,QB,NA,NA,NA,NA,NA,NA,NA,NA,NA,NA,NA,NA,NA,NA,NA
12479,Ja'Quinden Jackson,RB,NA,NA,NA,NA,NA,NA,NA,NA,NA,NA,NA,NA,NA,NA,NA
5094,Ryan Izzo,TE,NA,NA,NA,NA,NA,NA,NA,NA,NA,NA,NA,NA,NA,NA,NA
6357,Shawn Bane,WR,NA,NA,NA,NA,NA,NA,NA,NA,NA,NA,NA,NA,NA,NA,NA
13477,Colbie Young,WR,CIN,NA,NA,NA,NA,NA,NA,NA,NA,NA,NA,NA,NA,NA,NA
11073,Thayer Thomas,WR,NA,NA,NA,NA,NA,NA,NA,NA,NA,NA,NA,NA,NA,NA,NA
13624,Shaleak Knotts,WR,NA,NA,NA,NA,NA,NA,NA,NA,NA,NA,NA,NA,NA,NA,NA
12520,Xavier Restrepo,WR,TEN,NA,NA,NA,NA,NA,NA,NA,NA,NA,NA,NA,NA,NA,NA
13889,Levi Wentz,WR,NA,NA,NA,NA,NA,NA,NA,NA,NA,NA,NA,NA,NA,NA,NA
3347,Jake Rudock,QB,NA,NA,NA,NA,NA,NA,NA,NA,NA,NA,NA,NA,NA,NA,NA
5154,Trent Sherfield,WR,BUF,NA,NA,NA,NA,NA,NA,NA,NA,NA,NA,NA,NA,NA,NA
491,Danny Amendola,WR,NA,NA,NA,NA,NA,NA,NA,NA,NA,NA,NA,NA,NA,NA,NA
13065,Ben Wooldridge,QB,NA,NA,NA,NA,NA,NA,NA,NA,NA,NA,NA,NA,NA,NA,NA
8103,Ryan Willis,QB,NA,NA,NA,NA,NA,NA,NA,NA,NA,NA,NA,NA,NA,NA,NA
7395,Rashad Medaris,WR,NA,NA,NA,NA,NA,NA,NA,NA,NA,NA,NA,NA,NA,NA,NA
6730,Jordan Ta'amu,QB,NA,NA,NA,NA,NA,NA,NA,NA,NA,NA,NA,NA,NA,NA,NA
12500,Quinn Ewers,QB,JAX,NA,NA,NA,NA,NA,NA,NA,NA,NA,NA,NA,NA,NA,NA
12725,Luke Lachey,TE,NA,NA,NA,NA,NA,NA,NA,NA,NA,NA,NA,NA,NA,NA,NA
7288,Ben Ellefson,TE,NA,NA,NA,NA,NA,NA,NA,NA,NA,NA,NA,NA,NA,NA,NA
5700,Robert Martin,RB,NA,NA,NA,NA,NA,NA,NA,NA,NA,NA,NA,NA,NA,NA,NA
11573,Frank Gore,RB,BUF,NA,NA,NA,NA,NA,NA,NA,NA,NA,NA,NA,NA,NA,NA
11864,Zach Heins,TE,NA,NA,NA,NA,NA,NA,NA,NA,NA,NA,NA,NA,NA,NA,NA
8559,Josh Babicz,TE,NA,NA,NA,NA,NA,NA,NA,NA,NA,NA,NA,NA,NA,NA,NA
9489,Justin Shorter,WR,NA,NA,NA,NA,NA,NA,NA,NA,NA,NA,NA,NA,NA,NA,NA
7744,Antonio Nunn,WR,NA,NA,NA,NA,NA,NA,NA,NA,NA,NA,NA,NA,NA,NA,NA
11582,Carson Steele,RB,PHI,NA,NA,NA,NA,NA,NA,NA,NA,NA,NA,NA,NA,NA,NA
4146,Dede Westbrook,WR,NA,NA,NA,NA,NA,NA,NA,NA,NA,NA,NA,NA,NA,NA,NA
11626,Xavier Legette,WR,CAR,NA,NA,NA,NA,NA,NA,NA,NA,NA,NA,NA,NA,NA,NA
4942,Marcell Ateman,WR,NA,NA,NA,NA,NA,NA,NA,NA,NA,NA,NA,NA,NA,NA,NA
13929,Sahmir Hagans,WR,NA,NA,NA,NA,NA,NA,NA,NA,NA,NA,NA,NA,NA,NA,NA
12494,Kyle McCord,QB,MIA,NA,NA,NA,NA,NA,NA,NA,NA,NA,NA,NA,NA,NA,NA
5171,Kevin Rader,TE,NA,NA,NA,NA,NA,NA,NA,NA,NA,NA,NA,NA,NA,NA,NA
13280,Chamon Metayer,TE,NA,NA,NA,NA,NA,NA,NA,NA,NA,NA,NA,NA,NA,NA,NA
7173,Jalen McCleskey,WR,NA,NA,NA,NA,NA,NA,NA,NA,NA,NA,NA,NA,NA,NA,NA
6590,Michael Colubiale,TE,NA,NA,NA,NA,NA,NA,NA,NA,NA,NA,NA,NA,NA,NA,NA
4749,Cameron Posey,WR,NA,NA,NA,NA,NA,NA,NA,NA,NA,NA,NA,NA,NA,NA,NA
6136,Jarrett Stidham,QB,DEN,NA,NA,NA,NA,NA,NA,NA,NA,NA,NA,NA,NA,NA,NA
7581,Kellen Mond,QB,NA,NA,NA,NA,NA,NA,NA,NA,NA,NA,NA,NA,NA,NA,NA
3921,Nick Truesdell,TE,NA,NA,NA,NA,NA,NA,NA,NA,NA,NA,NA,NA,NA,NA,NA
8732,Raleigh Webb,WR,NA,NA,NA,NA,NA,NA,NA,NA,NA,NA,NA,NA,NA,NA,NA
4680,Larry Clark,WR,NA,NA,NA,NA,NA,NA,NA,NA,NA,NA,NA,NA,NA,NA,NA
12268,Colby Suits,QB,NA,NA,NA,NA,NA,NA,NA,NA,NA,NA,NA,NA,NA,NA,NA
4453,Victor Bolden,WR,NA,NA,NA,NA,NA,NA,NA,NA,NA,NA,NA,NA,NA,NA,NA
3296,Seth DeValve,TE,NA,NA,NA,NA,NA,NA,NA,NA,NA,NA,NA,NA,NA,NA,NA
5089,Mike White,QB,NA,NA,NA,NA,NA,NA,NA,NA,NA,NA,NA,NA,NA,NA,NA
6011,Gardner Minshew,QB,ARI,NA,NA,NA,NA,NA,NA,NA,NA,NA,NA,NA,NA,NA,NA
8230,Ty Chandler,RB,NO,NA,NA,NA,NA,NA,NA,NA,NA,NA,NA,NA,NA,NA,NA
11562,Spencer Rattler,QB,NO,NA,NA,NA,NA,NA,NA,NA,NA,NA,NA,NA,NA,NA,NA
8229,Isaiah Weston,WR,NA,NA,NA,NA,NA,NA,NA,NA,NA,NA,NA,NA,NA,NA,NA
5774,Cam Serigne,TE,NA,NA,NA,NA,NA,NA,NA,NA,NA,NA,NA,NA,NA,NA,NA
4786,Jhajuan Seales,WR,NA,NA,NA,NA,NA,NA,NA,NA,NA,NA,NA,NA,NA,NA,NA
11483,Ellis Merriweather,RB,NA,NA,NA,NA,NA,NA,NA,NA,NA,NA,NA,NA,NA,NA,NA
4951,DJ Chark,WR,NA,NA,NA,NA,NA,NA,NA,NA,NA,NA,NA,NA,NA,NA,NA
7558,Whop Philyor,WR,NA,NA,NA,NA,NA,NA,NA,NA,NA,NA,NA,NA,NA,NA,NA
1559,Mike Glennon,QB,NA,NA,NA,NA,NA,NA,NA,NA,NA,NA,NA,NA,NA,NA,NA
5201,Terry Swanson,RB,NA,NA,NA,NA,NA,NA,NA,NA,NA,NA,NA,NA,NA,NA,NA
11381,Travis Vokolek,TE,ARI,NA,NA,NA,NA,NA,NA,NA,NA,NA,NA,NA,NA,NA,NA
5831,Bryant Mitchell,WR,NA,NA,NA,NA,NA,NA,NA,NA,NA,NA,NA,NA,NA,NA,NA
12486,Dillon Gabriel,QB,CLE,NA,NA,NA,NA,NA,NA,NA,NA,NA,NA,NA,NA,NA,NA
4922,Garrett Scantling,WR,ATL,NA,NA,NA,NA,NA,NA,NA,NA,NA,NA,NA,NA,NA,NA
12688,Cam Miller,QB,NA,NA,NA,NA,NA,NA,NA,NA,NA,NA,NA,NA,NA,NA,NA
5168,Jordan Chunn,RB,NA,NA,NA,NA,NA,NA,NA,NA,NA,NA,NA,NA,NA,NA,NA
11104,SaRodorick Thompson,RB,NA,NA,NA,NA,NA,NA,NA,NA,NA,NA,NA,NA,NA,NA,NA
331,Philip Rivers,QB,NA,NA,NA,NA,NA,NA,NA,NA,NA,NA,NA,NA,NA,NA,NA
223,Larry Fitzgerald,WR,NA,NA,NA,NA,NA,NA,NA,NA,NA,NA,NA,NA,NA,NA,NA
12860,Theo Wease,WR,LAC,NA,NA,NA,NA,NA,NA,NA,NA,NA,NA,NA,NA,NA,NA
2672,Damarr Aultman,WR,NA,NA,NA,NA,NA,NA,NA,NA,NA,NA,NA,NA,NA,NA,NA
11645,Javon Baker,WR,NA,NA,NA,NA,NA,NA,NA,NA,NA,NA,NA,NA,NA,NA,NA
8602,Danny Davis,WR,NA,NA,NA,NA,NA,NA,NA,NA,NA,NA,NA,NA,NA,NA,NA
6002,Qadree Ollison,RB,NA,NA,NA,NA,NA,NA,NA,NA,NA,NA,NA,NA,NA,NA,NA
13026,Moochie Dixon,WR,NA,NA,NA,NA,NA,NA,NA,NA,NA,NA,NA,NA,NA,NA,NA
12705,Graham Mertz,QB,HOU,NA,NA,NA,NA,NA,NA,NA,NA,NA,NA,NA,NA,NA,NA
5791,Gerald Holmes,RB,NA,NA,NA,NA,NA,NA,NA,NA,NA,NA,NA,NA,NA,NA,NA
5111,Javon Wims,WR,NA,NA,NA,NA,NA,NA,NA,NA,NA,NA,NA,NA,NA,NA,NA
3161,Carson Wentz,QB,MIN,NA,NA,NA,NA,NA,NA,NA,NA,NA,NA,NA,NA,NA,NA
8033,Bernhard Seikovits,TE,NA,NA,NA,NA,NA,NA,NA,NA,NA,NA,NA,NA,NA,NA,NA
8123,Hassan Haskins,RB,NA,NA,NA,NA,NA,NA,NA,NA,NA,NA,NA,NA,NA,NA,NA
12187,Malcolm Epps,TE,NA,NA,NA,NA,NA,NA,NA,NA,NA,NA,NA,NA,NA,NA,NA
8005,Tarik Black,WR,NA,NA,NA,NA,NA,NA,NA,NA,NA,NA,NA,NA,NA,NA,NA
5890,Damien Harris,RB,NA,NA,NA,NA,NA,NA,NA,NA,NA,NA,NA,NA,NA,NA,NA
4197,Isaiah McKenzie,WR,NA,NA,NA,NA,NA,NA,NA,NA,NA,NA,NA,NA,NA,NA,NA
538,Emmanuel Sanders,WR,NA,NA,NA,NA,NA,NA,NA,NA,NA,NA,NA,NA,NA,NA,NA
11857,Daijun Edwards,RB,NA,NA,NA,NA,NA,NA,NA,NA,NA,NA,NA,NA,NA,NA,NA
5276,Tyler Hoppes,TE,NA,NA,NA,NA,NA,NA,NA,NA,NA,NA,NA,NA,NA,NA,NA
3297,Tajae Sharpe,WR,NA,NA,NA,NA,NA,NA,NA,NA,NA,NA,NA,NA,NA,NA,NA
4747,Stevie Donatell,TE,NA,NA,NA,NA,NA,NA,NA,NA,NA,NA,NA,NA,NA,NA,NA
3333,Temarrick Hemingway,TE,WAS,NA,NA,NA,NA,NA,NA,NA,NA,NA,NA,NA,NA,NA,NA
8101,Mark Vital,TE,NA,NA,NA,NA,NA,NA,NA,NA,NA,NA,NA,NA,NA,NA,NA
5125,Damoun Patterson,WR,NA,NA,NA,NA,NA,NA,NA,NA,NA,NA,NA,NA,NA,NA,NA
5275,Jeff Badet,WR,NA,NA,NA,NA,NA,NA,NA,NA,NA,NA,NA,NA,NA,NA,NA
5796,Austin Wolf,WR,NA,NA,NA,NA,NA,NA,NA,NA,NA,NA,NA,NA,NA,NA,NA
4626,Amba Etta-Tawo,WR,NA,NA,NA,NA,NA,NA,NA,NA,NA,NA,NA,NA,NA,NA,NA
2229,Garrett Gilbert,QB,NA,NA,NA,NA,NA,NA,NA,NA,NA,NA,NA,NA,NA,NA,NA
13205,Luke Deal,TE,NA,NA,NA,NA,NA,NA,NA,NA,NA,NA,NA,NA,NA,NA,NA
7035,Kendrick Rogers,WR,NA,NA,NA,NA,NA,NA,NA,NA,NA,NA,NA,NA,NA,NA,NA
3548,Jamal Robinson,WR,NA,NA,NA,NA,NA,NA,NA,NA,NA,NA,NA,NA,NA,NA,NA
5249,Andre Levrone,WR,NA,NA,NA,NA,NA,NA,NA,NA,NA,NA,NA,NA,NA,NA,NA
2039,Seth Roberts,WR,NA,NA,NA,NA,NA,NA,NA,NA,NA,NA,NA,NA,NA,NA,NA
6438,Kelvin McKnight,WR,NA,NA,NA,NA,NA,NA,NA,NA,NA,NA,NA,NA,NA,NA,NA
12190,Jason Bean,QB,NA,NA,NA,NA,NA,NA,NA,NA,NA,NA,NA,NA,NA,NA,NA
11863,Leon Johnson,WR,NA,NA,NA,NA,NA,NA,NA,NA,NA,NA,NA,NA,NA,NA,NA
4229,Mason Schreck,TE,NA,NA,NA,NA,NA,NA,NA,NA,NA,NA,NA,NA,NA,NA,NA
13348,J'Mari Taylor,RB,JAX,NA,NA,NA,NA,NA,NA,NA,NA,NA,NA,NA,NA,NA,NA
8094,Michael Jacobson,TE,NA,NA,NA,NA,NA,NA,NA,NA,NA,NA,NA,NA,NA,NA,NA
4721,Shakeir Ryan,WR,NA,NA,NA,NA,NA,NA,NA,NA,NA,NA,NA,NA,NA,NA,NA
4533,James Summers,RB,NA,NA,NA,NA,NA,NA,NA,NA,NA,NA,NA,NA,NA,NA,NA
13407,Carson Towt,TE,IND,NA,NA,NA,NA,NA,NA,NA,NA,NA,NA,NA,NA,NA,NA
2319,DeVante Parker,WR,NA,NA,NA,NA,NA,NA,NA,NA,NA,NA,NA,NA,NA,NA,NA
13227,Mitch Van Vooren,WR,NA,NA,NA,NA,NA,NA,NA,NA,NA,NA,NA,NA,NA,NA,NA
4018,Joe Mixon,RB,NA,NA,NA,NA,NA,NA,NA,NA,NA,NA,NA,NA,NA,NA,NA
6063,Tyron Billy-Johnson,WR,NA,NA,NA,NA,NA,NA,NA,NA,NA,NA,NA,NA,NA,NA,NA
7589,Ian Book,QB,NA,NA,NA,NA,NA,NA,NA,NA,NA,NA,NA,NA,NA,NA,NA
7218,Cam Sutton,TE,NA,NA,NA,NA,NA,NA,NA,NA,NA,NA,NA,NA,NA,NA,NA
2082,Xavier Grimble,TE,NA,NA,NA,NA,NA,NA,NA,NA,NA,NA,NA,NA,NA,NA,NA
6365,Carson Meier,TE,NA,NA,NA,NA,NA,NA,NA,NA,NA,NA,NA,NA,NA,NA,NA
8863,Kaylon Geiger,WR,NA,NA,NA,NA,NA,NA,NA,NA,NA,NA,NA,NA,NA,NA,NA
2549,Trevor Siemian,QB,NA,NA,NA,NA,NA,NA,NA,NA,NA,NA,NA,NA,NA,NA,NA
2004,Cody Latimer,WR,NA,NA,NA,NA,NA,NA,NA,NA,NA,NA,NA,NA,NA,NA,NA
6450,David Blough,QB,NA,NA,NA,NA,NA,NA,NA,NA,NA,NA,NA,NA,NA,NA,NA
7158,Riley Neal,QB,NA,NA,NA,NA,NA,NA,NA,NA,NA,NA,NA,NA,NA,NA,NA
6097,Jamal Custis,WR,NA,NA,NA,NA,NA,NA,NA,NA,NA,NA,NA,NA,NA,NA,NA
5915,Andy Isabella,WR,NA,NA,NA,NA,NA,NA,NA,NA,NA,NA,NA,NA,NA,NA,NA
5886,Hakeem Butler,TE,NA,NA,NA,NA,NA,NA,NA,NA,NA,NA,NA,NA,NA,NA,NA
2597,Michael Dyer,RB,NA,NA,NA,NA,NA,NA,NA,NA,NA,NA,NA,NA,NA,NA,NA
6154,David Sills,WR,TB,NA,NA,NA,NA,NA,NA,NA,NA,NA,NA,NA,NA,NA,NA
12850,Tyler Neville,TE,NA,NA,NA,NA,NA,NA,NA,NA,NA,NA,NA,NA,NA,NA,NA
12169,Reggie Brown,WR,NA,NA,NA,NA,NA,NA,NA,NA,NA,NA,NA,NA,NA,NA,NA
8019,Devontres Dukes,WR,NA,NA,NA,NA,NA,NA,NA,NA,NA,NA,NA,NA,NA,NA,NA
3880,M.J. McFarland,TE,NA,NA,NA,NA,NA,NA,NA,NA,NA,NA,NA,NA,NA,NA,NA
3621,Jordan Williams-Lambert,WR,NA,NA,NA,NA,NA,NA,NA,NA,NA,NA,NA,NA,NA,NA,NA
4085,Adam Shaheen,TE,NA,NA,NA,NA,NA,NA,NA,NA,NA,NA,NA,NA,NA,NA,NA
13242,Lawrance Toafili,RB,NA,NA,NA,NA,NA,NA,NA,NA,NA,NA,NA,NA,NA,NA,NA
12498,Mason Taylor,TE,NYJ,NA,NA,NA,NA,NA,NA,NA,NA,NA,NA,NA,NA,NA,NA
284,Delanie Walker,TE,NA,NA,NA,NA,NA,NA,NA,NA,NA,NA,NA,NA,NA,NA,NA
4004,Chris Briggs,TE,NA,NA,NA,NA,NA,NA,NA,NA,NA,NA,NA,NA,NA,NA,NA
13316,Eric Rivers,WR,TB,NA,NA,NA,NA,NA,NA,NA,NA,NA,NA,NA,NA,NA,NA
12865,AJ Henning,WR,MIA,NA,NA,NA,NA,NA,NA,NA,NA,NA,NA,NA,NA,NA,NA
1777,Josh Hill,TE,NA,NA,NA,NA,NA,NA,NA,NA,NA,NA,NA,NA,NA,NA,NA
6399,Kano Dillon,TE,NA,NA,NA,NA,NA,NA,NA,NA,NA,NA,NA,NA,NA,NA,NA
3150,Xavier Rush,WR,NA,NA,NA,NA,NA,NA,NA,NA,NA,NA,NA,NA,NA,NA,NA
4950,Christian Kirk,WR,SF,NA,NA,NA,NA,NA,NA,NA,NA,NA,NA,NA,NA,NA,NA
6156,Benny Snell,RB,NA,NA,NA,NA,NA,NA,NA,NA,NA,NA,NA,NA,NA,NA,NA
6449,Dorian Baker,WR,NA,NA,NA,NA,NA,NA,NA,NA,NA,NA,NA,NA,NA,NA,NA
2595,Tim Semisch,TE,NA,NA,NA,NA,NA,NA,NA,NA,NA,NA,NA,NA,NA,NA,NA
4515,B.J. Johnson,WR,NA,NA,NA,NA,NA,NA,NA,NA,NA,NA,NA,NA,NA,NA,NA
5618,Larry Rose,RB,NA,NA,NA,NA,NA,NA,NA,NA,NA,NA,NA,NA,NA,NA,NA
14029,Johnny Pascuzzi,TE,NA,NA,NA,NA,NA,NA,NA,NA,NA,NA,NA,NA,NA,NA,NA
5974,Trace McSorley,QB,NA,NA,NA,NA,NA,NA,NA,NA,NA,NA,NA,NA,NA,NA,NA
6209,Ishmael Hyman,WR,NA,NA,NA,NA,NA,NA,NA,NA,NA,NA,NA,NA,NA,NA,NA
12308,Samson Evans,RB,NA,NA,NA,NA,NA,NA,NA,NA,NA,NA,NA,NA,NA,NA,NA
7554,Tre' McKitty,TE,NA,NA,NA,NA,NA,NA,NA,NA,NA,NA,NA,NA,NA,NA,NA
11306,Xavier Gipson,WR,PHI,NA,NA,NA,NA,NA,NA,NA,NA,NA,NA,NA,NA,NA,NA
11418,Taye Barber,WR,NA,NA,NA,NA,NA,NA,NA,NA,NA,NA,NA,NA,NA,NA,NA
6705,Taj McGowan,RB,NA,NA,NA,NA,NA,NA,NA,NA,NA,NA,NA,NA,NA,NA,NA
11615,Ainias Smith,WR,NA,NA,NA,NA,NA,NA,NA,NA,NA,NA,NA,NA,NA,NA,NA
627,Andre Roberts,WR,NA,NA,NA,NA,NA,NA,NA,NA,NA,NA,NA,NA,NA,NA,NA
8924,Thomas Odukoya,TE,KC,NA,NA,NA,NA,NA,NA,NA,NA,NA,NA,NA,NA,NA,NA
5975,Alize Mack,TE,NA,NA,NA,NA,NA,NA,NA,NA,NA,NA,NA,NA,NA,NA,NA
2040,Scott Simonson,TE,NA,NA,NA,NA,NA,NA,NA,NA,NA,NA,NA,NA,NA,NA,NA
4878,Brandon Zylstra,WR,NA,NA,NA,NA,NA,NA,NA,NA,NA,NA,NA,NA,NA,NA,NA
13357,Lance Mason,TE,NA,NA,NA,NA,NA,NA,NA,NA,NA,NA,NA,NA,NA,NA,NA
13577,Dallen Bentley,TE,DEN,NA,NA,NA,NA,NA,NA,NA,NA,NA,NA,NA,NA,NA,NA
12210,Cole Burgess,WR,NA,NA,NA,NA,NA,NA,NA,NA,NA,NA,NA,NA,NA,NA,NA
11590,Jase McClellan,RB,NA,NA,NA,NA,NA,NA,NA,NA,NA,NA,NA,NA,NA,NA,NA
13120,Jacoby Jones,WR,NA,NA,NA,NA,NA,NA,NA,NA,NA,NA,NA,NA,NA,NA,NA
5197,Rico Gafford,WR,NA,NA,NA,NA,NA,NA,NA,NA,NA,NA,NA,NA,NA,NA,NA
2783,Kenzel Doe,WR,NA,NA,NA,NA,NA,NA,NA,NA,NA,NA,NA,NA,NA,NA,NA
1601,Spencer Ware,RB,NA,NA,NA,NA,NA,NA,NA,NA,NA,NA,NA,NA,NA,NA,NA
4854,River Cracraft,WR,NA,NA,NA,NA,NA,NA,NA,NA,NA,NA,NA,NA,NA,NA,NA
5465,Nick Keizer,TE,NA,NA,NA,NA,NA,NA,NA,NA,NA,NA,NA,NA,NA,NA,NA
6728,Jackson Harris,TE,NA,NA,NA,NA,NA,NA,NA,NA,NA,NA,NA,NA,NA,NA,NA
8783,Kendric Pryor,WR,NA,NA,NA,NA,NA,NA,NA,NA,NA,NA,NA,NA,NA,NA,NA
1329,Chris Hogan,WR,NA,NA,NA,NA,NA,NA,NA,NA,NA,NA,NA,NA,NA,NA,NA
4621,Caleb Bluiett,TE,NA,NA,NA,NA,NA,NA,NA,NA,NA,NA,NA,NA,NA,NA,NA
5046,Royce Freeman,RB,NA,NA,NA,NA,NA,NA,NA,NA,NA,NA,NA,NA,NA,NA,NA
6618,Isaiah Searight,TE,NA,NA,NA,NA,NA,NA,NA,NA,NA,NA,NA,NA,NA,NA,NA
13297,Reggie Virgil,WR,ARI,NA,NA,NA,NA,NA,NA,NA,NA,NA,NA,NA,NA,NA,NA
7935,Eli Stove,WR,NA,NA,NA,NA,NA,NA,NA,NA,NA,NA,NA,NA,NA,NA,NA
5463,Mark Thompson,RB,NA,NA,NA,NA,NA,NA,NA,NA,NA,NA,NA,NA,NA,NA,NA
8731,Shemar Bridges,WR,NA,NA,NA,NA,NA,NA,NA,NA,NA,NA,NA,NA,NA,NA,NA
8052,Donte Sylencieux,WR,NA,NA,NA,NA,NA,NA,NA,NA,NA,NA,NA,NA,NA,NA,NA
7751,Dax Milne,WR,NA,NA,NA,NA,NA,NA,NA,NA,NA,NA,NA,NA,NA,NA,NA
7603,Shi Smith,WR,NA,NA,NA,NA,NA,NA,NA,NA,NA,NA,NA,NA,NA,NA,NA
4489,Gehrig Dieter,WR,NA,NA,NA,NA,NA,NA,NA,NA,NA,NA,NA,NA,NA,NA,NA
8187,CJ Verdell,RB,NA,NA,NA,NA,NA,NA,NA,NA,NA,NA,NA,NA,NA,NA,NA
178,Matt Schaub,QB,NA,NA,NA,NA,NA,NA,NA,NA,NA,NA,NA,NA,NA,NA,NA
246,Darren Sproles,RB,NA,NA,NA,NA,NA,NA,NA,NA,NA,NA,NA,NA,NA,NA,NA
4305,Tyler Renew,RB,NA,NA,NA,NA,NA,NA,NA,NA,NA,NA,NA,NA,NA,NA,NA
6535,Nate Becker,TE,NA,NA,NA,NA,NA,NA,NA,NA,NA,NA,NA,NA,NA,NA,NA
13834,Cody Hardy,TE,NYJ,NA,NA,NA,NA,NA,NA,NA,NA,NA,NA,NA,NA,NA,NA
11366,Chris Coleman,WR,NA,NA,NA,NA,NA,NA,NA,NA,NA,NA,NA,NA,NA,NA,NA
6845,Zack Moss,RB,NA,NA,NA,NA,NA,NA,NA,NA,NA,NA,NA,NA,NA,NA,NA
8217,Leddie Brown,RB,NA,NA,NA,NA,NA,NA,NA,NA,NA,NA,NA,NA,NA,NA,NA
13179,Ja'seem Reed,WR,CAR,NA,NA,NA,NA,NA,NA,NA,NA,NA,NA,NA,NA,NA,NA
12933,Caden Prieskorn,TE,NA,NA,NA,NA,NA,NA,NA,NA,NA,NA,NA,NA,NA,NA,NA
13336,Dane Key,WR,DEN,NA,NA,NA,NA,NA,NA,NA,NA,NA,NA,NA,NA,NA,NA
13291,Kejon Owens,RB,NA,NA,NA,NA,NA,NA,NA,NA,NA,NA,NA,NA,NA,NA,NA
8697,Kevin Shaa,WR,NA,NA,NA,NA,NA,NA,NA,NA,NA,NA,NA,NA,NA,NA,NA
4931,Austin Appleby,QB,NA,NA,NA,NA,NA,NA,NA,NA,NA,NA,NA,NA,NA,NA,NA
2930,Justin Tukes,TE,NA,NA,NA,NA,NA,NA,NA,NA,NA,NA,NA,NA,NA,NA,NA
1603,Luke Willson,TE,NA,NA,NA,NA,NA,NA,NA,NA,NA,NA,NA,NA,NA,NA,NA
5285,Ross Dwelley,TE,NA,NA,NA,NA,NA,NA,NA,NA,NA,NA,NA,NA,NA,NA,NA
2879,Isiah Ferguson,WR,NA,NA,NA,NA,NA,NA,NA,NA,NA,NA,NA,NA,NA,NA,NA
3020,Dan Light,TE,NA,NA,NA,NA,NA,NA,NA,NA,NA,NA,NA,NA,NA,NA,NA
12469,Dylan Sampson,RB,CLE,NA,NA,NA,NA,NA,NA,NA,NA,NA,NA,NA,NA,NA,NA
5408,Sergio Bailey,WR,NA,NA,NA,NA,NA,NA,NA,NA,NA,NA,NA,NA,NA,NA,NA
11447,Kris Leach,TE,NA,NA,NA,NA,NA,NA,NA,NA,NA,NA,NA,NA,NA,NA,NA
5127,Kyle Allen,QB,BUF,NA,NA,NA,NA,NA,NA,NA,NA,NA,NA,NA,NA,NA,NA
7396,Devin Phelps,WR,NA,NA,NA,NA,NA,NA,NA,NA,NA,NA,NA,NA,NA,NA,NA
11583,Jonathon Brooks,RB,CAR,NA,NA,NA,NA,NA,NA,NA,NA,NA,NA,NA,NA,NA,NA
11186,Carlos Washington,RB,MIA,NA,NA,NA,NA,NA,NA,NA,NA,NA,NA,NA,NA,NA,NA
6290,Scotty Miller,WR,NA,NA,NA,NA,NA,NA,NA,NA,NA,NA,NA,NA,NA,NA,NA
6755,Tavonn Salter,WR,NA,NA,NA,NA,NA,NA,NA,NA,NA,NA,NA,NA,NA,NA,NA
7081,James Morgan,QB,NA,NA,NA,NA,NA,NA,NA,NA,NA,NA,NA,NA,NA,NA,NA
2118,Eric Ebron,TE,PIT,NA,NA,NA,NA,NA,NA,NA,NA,NA,NA,NA,NA,NA,NA
13162,Maximilian Mang,TE,NA,NA,NA,NA,NA,NA,NA,NA,NA,NA,NA,NA,NA,NA,NA
3355,Cody Core,WR,NA,NA,NA,NA,NA,NA,NA,NA,NA,NA,NA,NA,NA,NA,NA
5210,Korey Robertson,WR,NA,NA,NA,NA,NA,NA,NA,NA,NA,NA,NA,NA,NA,NA,NA
4327,Colin Jeter,TE,NA,NA,NA,NA,NA,NA,NA,NA,NA,NA,NA,NA,NA,NA,NA
6007,Ryquell Armstead,RB,NA,NA,NA,NA,NA,NA,NA,NA,NA,NA,NA,NA,NA,NA,NA
13941,Omari Kelly,WR,NA,NA,NA,NA,NA,NA,NA,NA,NA,NA,NA,NA,NA,NA,NA
13681,Kaidon Salter,QB,NA,NA,NA,NA,NA,NA,NA,NA,NA,NA,NA,NA,NA,NA,NA
8572,Andrew Parchment,WR,NA,NA,NA,NA,NA,NA,NA,NA,NA,NA,NA,NA,NA,NA,NA
12212,Austin Stogner,TE,NA,NA,NA,NA,NA,NA,NA,NA,NA,NA,NA,NA,NA,NA,NA
11523,Cody Chrest,WR,NA,NA,NA,NA,NA,NA,NA,NA,NA,NA,NA,NA,NA,NA,NA
5358,Anthony Manzo-Lewis,TE,NA,NA,NA,NA,NA,NA,NA,NA,NA,NA,NA,NA,NA,NA,NA
3582,Chester Rogers,WR,NA,NA,NA,NA,NA,NA,NA,NA,NA,NA,NA,NA,NA,NA,NA
12061,Noah Cain,RB,NA,NA,NA,NA,NA,NA,NA,NA,NA,NA,NA,NA,NA,NA,NA
13101,Gage Larvadain,WR,BAL,NA,NA,NA,NA,NA,NA,NA,NA,NA,NA,NA,NA,NA,NA
7190,Bronson Rechsteiner,RB,NA,NA,NA,NA,NA,NA,NA,NA,NA,NA,NA,NA,NA,NA,NA
2600,Ricky Seale,RB,NA,NA,NA,NA,NA,NA,NA,NA,NA,NA,NA,NA,NA,NA,NA
868,Virgil Green,TE,NA,NA,NA,NA,NA,NA,NA,NA,NA,NA,NA,NA,NA,NA,NA
5392,Jack Heneghan,QB,NA,NA,NA,NA,NA,NA,NA,NA,NA,NA,NA,NA,NA,NA,NA
13931,E.J. Horton,WR,NA,NA,NA,NA,NA,NA,NA,NA,NA,NA,NA,NA,NA,NA,NA
8018,Shaun Beyer,TE,NA,NA,NA,NA,NA,NA,NA,NA,NA,NA,NA,NA,NA,NA,NA
2152,Teddy Bridgewater,QB,NA,NA,NA,NA,NA,NA,NA,NA,NA,NA,NA,NA,NA,NA,NA
3554,David Reeves,TE,NA,NA,NA,NA,NA,NA,NA,NA,NA,NA,NA,NA,NA,NA,NA
4895,Lamar Atkins,WR,NA,NA,NA,NA,NA,NA,NA,NA,NA,NA,NA,NA,NA,NA,NA
2938,Cam Worthy,WR,NA,NA,NA,NA,NA,NA,NA,NA,NA,NA,NA,NA,NA,NA,NA
2751,Daniel Brown,TE,NA,NA,NA,NA,NA,NA,NA,NA,NA,NA,NA,NA,NA,NA,NA
8159,Desmond Ridder,QB,NA,NA,NA,NA,NA,NA,NA,NA,NA,NA,NA,NA,NA,NA,NA
8849,Tanner Conner,TE,NE,NA,NA,NA,NA,NA,NA,NA,NA,NA,NA,NA,NA,NA,NA
13597,Matthew Caldwell,QB,LAR,NA,NA,NA,NA,NA,NA,NA,NA,NA,NA,NA,NA,NA,NA
1642,Levine Toilolo,TE,NYG,NA,NA,NA,NA,NA,NA,NA,NA,NA,NA,NA,NA,NA,NA
12154,Messiah Swinson,TE,NA,NA,NA,NA,NA,NA,NA,NA,NA,NA,NA,NA,NA,NA,NA
6178,Darwin Thompson,RB,NA,NA,NA,NA,NA,NA,NA,NA,NA,NA,NA,NA,NA,NA,NA
4218,Trent Taylor,WR,NA,NA,NA,NA,NA,NA,NA,NA,NA,NA,NA,NA,NA,NA,NA
13890,Michael Briscoe,WR,MIN,NA,NA,NA,NA,NA,NA,NA,NA,NA,NA,NA,NA,NA,NA
6892,Nate Stanley,QB,NA,NA,NA,NA,NA,NA,NA,NA,NA,NA,NA,NA,NA,NA,NA
8195,Ronnie Rivers,RB,LAR,NA,NA,NA,NA,NA,NA,NA,NA,NA,NA,NA,NA,NA,NA
12150,Jarveon Howard,RB,NA,NA,NA,NA,NA,NA,NA,NA,NA,NA,NA,NA,NA,NA,NA
4344,C.J. Board,WR,NA,NA,NA,NA,NA,NA,NA,NA,NA,NA,NA,NA,NA,NA,NA
11874,Jaylen Johnson,WR,NA,NA,NA,NA,NA,NA,NA,NA,NA,NA,NA,NA,NA,NA,NA
1029,Nick Foles,QB,NA,NA,NA,NA,NA,NA,NA,NA,NA,NA,NA,NA,NA,NA,NA
12984,CJ Dippre,TE,TB,NA,NA,NA,NA,NA,NA,NA,NA,NA,NA,NA,NA,NA,NA
8560,Davis Cheek,QB,NA,NA,NA,NA,NA,NA,NA,NA,NA,NA,NA,NA,NA,NA,NA
208,Josh McCown,QB,NA,NA,NA,NA,NA,NA,NA,NA,NA,NA,NA,NA,NA,NA,NA
6873,Austin Mack,WR,NA,NA,NA,NA,NA,NA,NA,NA,NA,NA,NA,NA,NA,NA,NA
13844,Coleman Bennett,RB,NA,NA,NA,NA,NA,NA,NA,NA,NA,NA,NA,NA,NA,NA,NA
5863,J.J. Arcega-Whiteside,WR,NA,NA,NA,NA,NA,NA,NA,NA,NA,NA,NA,NA,NA,NA,NA
4803,Nate Iese,TE,NA,NA,NA,NA,NA,NA,NA,NA,NA,NA,NA,NA,NA,NA,NA
11159,Zion Bowens,WR,NA,NA,NA,NA,NA,NA,NA,NA,NA,NA,NA,NA,NA,NA,NA
7076,Jeff Thomas,WR,NA,NA,NA,NA,NA,NA,NA,NA,NA,NA,NA,NA,NA,NA,NA
268,Alex Smith,QB,NA,NA,NA,NA,NA,NA,NA,NA,NA,NA,NA,NA,NA,NA,NA
2532,Da'Ron Brown,WR,NA,NA,NA,NA,NA,NA,NA,NA,NA,NA,NA,NA,NA,NA,NA
2817,Daniel Rodriguez,WR,NA,NA,NA,NA,NA,NA,NA,NA,NA,NA,NA,NA,NA,NA,NA
6824,Donovan Peoples-Jones,WR,NA,NA,NA,NA,NA,NA,NA,NA,NA,NA,NA,NA,NA,NA,NA
1386,Giovani Bernard,RB,NA,NA,NA,NA,NA,NA,NA,NA,NA,NA,NA,NA,NA,NA,NA
13343,Vinny Anthony,WR,ATL,NA,NA,NA,NA,NA,NA,NA,NA,NA,NA,NA,NA,NA,NA
4323,Darrell Daniels,TE,NA,NA,NA,NA,NA,NA,NA,NA,NA,NA,NA,NA,NA,NA,NA
14062,Tyler Moore,TE,NA,NA,NA,NA,NA,NA,NA,NA,NA,NA,NA,NA,NA,NA,NA
8583,Stone Smartt,TE,NO,NA,NA,NA,NA,NA,NA,NA,NA,NA,NA,NA,NA,NA,NA
7904,Stevie Scott,RB,NA,NA,NA,NA,NA,NA,NA,NA,NA,NA,NA,NA,NA,NA,NA
3824,Alex Ellis,TE,NA,NA,NA,NA,NA,NA,NA,NA,NA,NA,NA,NA,NA,NA,NA
5801,Kobe McCrary,RB,NA,NA,NA,NA,NA,NA,NA,NA,NA,NA,NA,NA,NA,NA,NA
1817,Sammy Watkins,WR,NA,NA,NA,NA,NA,NA,NA,NA,NA,NA,NA,NA,NA,NA,NA
5745,Nick Stevens,QB,NA,NA,NA,NA,NA,NA,NA,NA,NA,NA,NA,NA,NA,NA,NA
7572,Kylin Hill,RB,NA,NA,NA,NA,NA,NA,NA,NA,NA,NA,NA,NA,NA,NA,NA
5590,Jordan Smallwood,WR,NA,NA,NA,NA,NA,NA,NA,NA,NA,NA,NA,NA,NA,NA,NA
1841,Stephen Houston,RB,NA,NA,NA,NA,NA,NA,NA,NA,NA,NA,NA,NA,NA,NA,NA
5139,Trey Quinn,WR,NA,NA,NA,NA,NA,NA,NA,NA,NA,NA,NA,NA,NA,NA,NA
11502,Brian Cobbs,WR,NA,NA,NA,NA,NA,NA,NA,NA,NA,NA,NA,NA,NA,NA,NA
8192,Curtis Hodges,TE,NA,NA,NA,NA,NA,NA,NA,NA,NA,NA,NA,NA,NA,NA,NA
7793,Racey McMath,WR,NA,NA,NA,NA,NA,NA,NA,NA,NA,NA,NA,NA,NA,NA,NA
12217,Shawn Bowman,TE,ARI,NA,NA,NA,NA,NA,NA,NA,NA,NA,NA,NA,NA,NA,NA
7543,Travis Etienne,RB,NO,NA,NA,NA,NA,NA,NA,NA,NA,NA,NA,NA,NA,NA,NA
6540,DeAndre Thompkins,WR,GB,NA,NA,NA,NA,NA,NA,NA,NA,NA,NA,NA,NA,NA,NA
7522,Hunter Thedford,TE,NA,NA,NA,NA,NA,NA,NA,NA,NA,NA,NA,NA,NA,NA,NA
11802,Tejhaun Palmer,WR,NA,NA,NA,NA,NA,NA,NA,NA,NA,NA,NA,NA,NA,NA,NA
7032,Tyrie Cleveland,WR,NA,NA,NA,NA,NA,NA,NA,NA,NA,NA,NA,NA,NA,NA,NA
7954,Connor Wedington,WR,NA,NA,NA,NA,NA,NA,NA,NA,NA,NA,NA,NA,NA,NA,NA
7299,Justice Shelton-Mosley,WR,NA,NA,NA,NA,NA,NA,NA,NA,NA,NA,NA,NA,NA,NA,NA
2880,Zach Laskey,RB,NA,NA,NA,NA,NA,NA,NA,NA,NA,NA,NA,NA,NA,NA,NA
7551,Deon Jackson,RB,NA,NA,NA,NA,NA,NA,NA,NA,NA,NA,NA,NA,NA,NA,NA
6605,Cortrelle Simpson,WR,NA,NA,NA,NA,NA,NA,NA,NA,NA,NA,NA,NA,NA,NA,NA
8539,Seth Green,TE,NA,NA,NA,NA,NA,NA,NA,NA,NA,NA,NA,NA,NA,NA,NA
12170,Jaaron Hayek,WR,NA,NA,NA,NA,NA,NA,NA,NA,NA,NA,NA,NA,NA,NA,NA
13760,Jaden Bradley,WR,WAS,NA,NA,NA,NA,NA,NA,NA,NA,NA,NA,NA,NA,NA,NA
1984,Allen Hurns,WR,MIA,NA,NA,NA,NA,NA,NA,NA,NA,NA,NA,NA,NA,NA,NA
6943,Gabe Davis,WR,NA,NA,NA,NA,NA,NA,NA,NA,NA,NA,NA,NA,NA,NA,NA
13121,Ben Yurosek,TE,MIN,NA,NA,NA,NA,NA,NA,NA,NA,NA,NA,NA,NA,NA,NA
13003,Tru Edwards,WR,NA,NA,NA,NA,NA,NA,NA,NA,NA,NA,NA,NA,NA,NA,NA
13152,Justin Lockhart,WR,NA,NA,NA,NA,NA,NA,NA,NA,NA,NA,NA,NA,NA,NA,NA
7550,Warren Jackson,WR,NA,NA,NA,NA,NA,NA,NA,NA,NA,NA,NA,NA,NA,NA,NA
111,Marcedes Lewis,TE,NA,NA,NA,NA,NA,NA,NA,NA,NA,NA,NA,NA,NA,NA,NA
8890,Naz Bohannon,TE,NA,NA,NA,NA,NA,NA,NA,NA,NA,NA,NA,NA,NA,NA,NA
3652,Mike Thomas,WR,NA,NA,NA,NA,NA,NA,NA,NA,NA,NA,NA,NA,NA,NA,NA
7859,Nick Eubanks,TE,NA,NA,NA,NA,NA,NA,NA,NA,NA,NA,NA,NA,NA,NA,NA
3594,Peyton Barber,RB,NA,NA,NA,NA,NA,NA,NA,NA,NA,NA,NA,NA,NA,NA,NA
8089,Sal Cannella,TE,NA,NA,NA,NA,NA,NA,NA,NA,NA,NA,NA,NA,NA,NA,NA
13963,Nick DeGennaro,WR,NA,NA,NA,NA,NA,NA,NA,NA,NA,NA,NA,NA,NA,NA,NA
4636,Lenard Tillery,RB,NA,NA,NA,NA,NA,NA,NA,NA,NA,NA,NA,NA,NA,NA,NA
11210,Malik Heath,WR,ATL,NA,NA,NA,NA,NA,NA,NA,NA,NA,NA,NA,NA,NA,NA
7245,Nate Wieting,TE,NA,NA,NA,NA,NA,NA,NA,NA,NA,NA,NA,NA,NA,NA,NA
8051,Josh Johnson,RB,NA,NA,NA,NA,NA,NA,NA,NA,NA,NA,NA,NA,NA,NA,NA
12818,Elijah Young,RB,NA,NA,NA,NA,NA,NA,NA,NA,NA,NA,NA,NA,NA,NA,NA
13276,Omar Cooper,WR,NYJ,NA,NA,NA,NA,NA,NA,NA,NA,NA,NA,NA,NA,NA,NA
5156,Andrew Vollert,TE,NA,NA,NA,NA,NA,NA,NA,NA,NA,NA,NA,NA,NA,NA,NA
8209,Makai Polk,WR,NA,NA,NA,NA,NA,NA,NA,NA,NA,NA,NA,NA,NA,NA,NA
2394,Sean Mannion,QB,NA,NA,NA,NA,NA,NA,NA,NA,NA,NA,NA,NA,NA,NA,NA
6401,T.J. Rahming,WR,NA,NA,NA,NA,NA,NA,NA,NA,NA,NA,NA,NA,NA,NA,NA
7236,Devwah Whaley,RB,NA,NA,NA,NA,NA,NA,NA,NA,NA,NA,NA,NA,NA,NA,NA
7622,Sammis Reyes,TE,NA,NA,NA,NA,NA,NA,NA,NA,NA,NA,NA,NA,NA,NA,NA
8224,Cole Kelley,QB,NA,NA,NA,NA,NA,NA,NA,NA,NA,NA,NA,NA,NA,NA,NA
5199,Byron Pringle,WR,NA,NA,NA,NA,NA,NA,NA,NA,NA,NA,NA,NA,NA,NA,NA
13225,Sam Brown,WR,NA,NA,NA,NA,NA,NA,NA,NA,NA,NA,NA,NA,NA,NA,NA
2528,Ben Koyack,TE,NA,NA,NA,NA,NA,NA,NA,NA,NA,NA,NA,NA,NA,NA,NA
5250,Robert Foster,WR,NA,NA,NA,NA,NA,NA,NA,NA,NA,NA,NA,NA,NA,NA,NA
12134,Sam Wiglusz,WR,NA,NA,NA,NA,NA,NA,NA,NA,NA,NA,NA,NA,NA,NA,NA
6161,L.J. Scott,RB,NA,NA,NA,NA,NA,NA,NA,NA,NA,NA,NA,NA,NA,NA,NA
7287,Josh Hammond,WR,NA,NA,NA,NA,NA,NA,NA,NA,NA,NA,NA,NA,NA,NA,NA
7597,Kenny Yeboah,TE,NA,NA,NA,NA,NA,NA,NA,NA,NA,NA,NA,NA,NA,NA,NA
10223,Eric Gray,RB,CLE,NA,NA,NA,NA,NA,NA,NA,NA,NA,NA,NA,NA,NA,NA
12314,Beau Corrales,WR,NA,NA,NA,NA,NA,NA,NA,NA,NA,NA,NA,NA,NA,NA,NA
6585,Tony Brooks-James,RB,NA,NA,NA,NA,NA,NA,NA,NA,NA,NA,NA,NA,NA,NA,NA
5548,Elijah Marks,WR,NA,NA,NA,NA,NA,NA,NA,NA,NA,NA,NA,NA,NA,NA,NA
6973,J.J. Taylor,RB,NA,NA,NA,NA,NA,NA,NA,NA,NA,NA,NA,NA,NA,NA,NA
13726,Camden Brown,WR,DAL,NA,NA,NA,NA,NA,NA,NA,NA,NA,NA,NA,NA,NA,NA
13193,Ketron Jackson,WR,NA,NA,NA,NA,NA,NA,NA,NA,NA,NA,NA,NA,NA,NA,NA
5126,Austin Proehl,WR,NA,NA,NA,NA,NA,NA,NA,NA,NA,NA,NA,NA,NA,NA,NA
8621,Garrett Walston,TE,NA,NA,NA,NA,NA,NA,NA,NA,NA,NA,NA,NA,NA,NA,NA
8416,Jalen Virgil,WR,NA,NA,NA,NA,NA,NA,NA,NA,NA,NA,NA,NA,NA,NA,NA
11867,Jaelen Gill,WR,NA,NA,NA,NA,NA,NA,NA,NA,NA,NA,NA,NA,NA,NA,NA
13010,Jordan Waters,RB,LAR,NA,NA,NA,NA,NA,NA,NA,NA,NA,NA,NA,NA,NA,NA
4050,Cyril Grayson,WR,NA,NA,NA,NA,NA,NA,NA,NA,NA,NA,NA,NA,NA,NA,NA
12538,Brady Cook,QB,MIA,NA,NA,NA,NA,NA,NA,NA,NA,NA,NA,NA,NA,NA,NA
11312,T.J. Luther,WR,NA,NA,NA,NA,NA,NA,NA,NA,NA,NA,NA,NA,NA,NA,NA
4728,Bart Houston,QB,NA,NA,NA,NA,NA,NA,NA,NA,NA,NA,NA,NA,NA,NA,NA
3418,Mekale McKay,WR,NA,NA,NA,NA,NA,NA,NA,NA,NA,NA,NA,NA,NA,NA,NA
4997,Mark Walton,RB,NA,NA,NA,NA,NA,NA,NA,NA,NA,NA,NA,NA,NA,NA,NA
14058,Malick Meiga,WR,SEA,NA,NA,NA,NA,NA,NA,NA,NA,NA,NA,NA,NA,NA,NA
4080,Zay Jones,WR,NA,NA,NA,NA,NA,NA,NA,NA,NA,NA,NA,NA,NA,NA,NA
5032,Jordan Akins,TE,NA,NA,NA,NA,NA,NA,NA,NA,NA,NA,NA,NA,NA,NA,NA
13962,Cameron Dorner,WR,NE,NA,NA,NA,NA,NA,NA,NA,NA,NA,NA,NA,NA,NA,NA
8201,Jack Coan,QB,NA,NA,NA,NA,NA,NA,NA,NA,NA,NA,NA,NA,NA,NA,NA
5754,Jaeden Graham,TE,NA,NA,NA,NA,NA,NA,NA,NA,NA,NA,NA,NA,NA,NA,NA
559,Tim Tebow,TE,NA,NA,NA,NA,NA,NA,NA,NA,NA,NA,NA,NA,NA,NA,NA
13303,Cade Klubnik,QB,NYJ,NA,NA,NA,NA,NA,NA,NA,NA,NA,NA,NA,NA,NA,NA
8243,DeAndre Torrey,RB,NA,NA,NA,NA,NA,NA,NA,NA,NA,NA,NA,NA,NA,NA,NA
8173,ZaQuandre White,RB,NA,NA,NA,NA,NA,NA,NA,NA,NA,NA,NA,NA,NA,NA,NA
6595,Devlin Hodges,QB,NA,NA,NA,NA,NA,NA,NA,NA,NA,NA,NA,NA,NA,NA,NA
8437,Thomas Hennigan,WR,NA,NA,NA,NA,NA,NA,NA,NA,NA,NA,NA,NA,NA,NA,NA
13281,Jordyn Tyson,WR,NO,NA,NA,NA,NA,NA,NA,NA,NA,NA,NA,NA,NA,NA,NA
8685,John Mitchell,TE,NA,NA,NA,NA,NA,NA,NA,NA,NA,NA,NA,NA,NA,NA,NA
8129,Dameon Pierce,RB,PHI,NA,NA,NA,NA,NA,NA,NA,NA,NA,NA,NA,NA,NA,NA
12226,Lorenzo Lingard,RB,NA,NA,NA,NA,NA,NA,NA,NA,NA,NA,NA,NA,NA,NA,NA
7109,Malcolm Perry,WR,NA,NA,NA,NA,NA,NA,NA,NA,NA,NA,NA,NA,NA,NA,NA
4326,Bug Howard,TE,NA,NA,NA,NA,NA,NA,NA,NA,NA,NA,NA,NA,NA,NA,NA
11548,Aaron Dykes,RB,NA,NA,NA,NA,NA,NA,NA,NA,NA,NA,NA,NA,NA,NA,NA
12939,Anthony Tyus,RB,CAR,NA,NA,NA,NA,NA,NA,NA,NA,NA,NA,NA,NA,NA,NA
5131,Justin Jackson,RB,NA,NA,NA,NA,NA,NA,NA,NA,NA,NA,NA,NA,NA,NA,NA
4600,Noel Thomas,WR,NA,NA,NA,NA,NA,NA,NA,NA,NA,NA,NA,NA,NA,NA,NA
5224,Taj Williams,WR,NA,NA,NA,NA,NA,NA,NA,NA,NA,NA,NA,NA,NA,NA,NA
13419,Jaydn Ott,RB,KC,NA,NA,NA,NA,NA,NA,NA,NA,NA,NA,NA,NA,NA,NA
11213,Camren McDonald,TE,NA,NA,NA,NA,NA,NA,NA,NA,NA,NA,NA,NA,NA,NA,NA
9481,Luke Musgrave,TE,GB,NA,NA,NA,NA,NA,NA,NA,NA,NA,NA,NA,NA,NA,NA
2206,Logan Kilgore,QB,NA,NA,NA,NA,NA,NA,NA,NA,NA,NA,NA,NA,NA,NA,NA
7176,Caleb Repp,TE,NA,NA,NA,NA,NA,NA,NA,NA,NA,NA,NA,NA,NA,NA,NA
12773,DJ Uiagalelei,QB,LAC,NA,NA,NA,NA,NA,NA,NA,NA,NA,NA,NA,NA,NA,NA
8828,Michael Young,WR,NA,NA,NA,NA,NA,NA,NA,NA,NA,NA,NA,NA,NA,NA,NA
13677,Noah Short,WR,NA,NA,NA,NA,NA,NA,NA,NA,NA,NA,NA,NA,NA,NA,NA
12829,Coleman Owen,WR,GB,NA,NA,NA,NA,NA,NA,NA,NA,NA,NA,NA,NA,NA,NA
6059,Travis Fulgham,WR,NA,NA,NA,NA,NA,NA,NA,NA,NA,NA,NA,NA,NA,NA,NA
6364,Papi White,WR,NA,NA,NA,NA,NA,NA,NA,NA,NA,NA,NA,NA,NA,NA,NA
4409,Josiah Price,TE,NA,NA,NA,NA,NA,NA,NA,NA,NA,NA,NA,NA,NA,NA,NA
7009,Trishton Jackson,WR,NA,NA,NA,NA,NA,NA,NA,NA,NA,NA,NA,NA,NA,NA,NA
5751,Austin Roberts,TE,NA,NA,NA,NA,NA,NA,NA,NA,NA,NA,NA,NA,NA,NA,NA
8105,Brayden Lenius,TE,NA,NA,NA,NA,NA,NA,NA,NA,NA,NA,NA,NA,NA,NA,NA
12834,Jimmy Bell,TE,NA,NA,NA,NA,NA,NA,NA,NA,NA,NA,NA,NA,NA,NA,NA
8928,Daylen Baldwin,WR,NA,NA,NA,NA,NA,NA,NA,NA,NA,NA,NA,NA,NA,NA,NA
3504,Steven Scheu,TE,NA,NA,NA,NA,NA,NA,NA,NA,NA,NA,NA,NA,NA,NA,NA
13063,Darius Lassiter,WR,NA,NA,NA,NA,NA,NA,NA,NA,NA,NA,NA,NA,NA,NA,NA
11474,Dylan Drummond,WR,ATL,NA,NA,NA,NA,NA,NA,NA,NA,NA,NA,NA,NA,NA,NA
8413,Chris Oladokun,QB,NA,NA,NA,NA,NA,NA,NA,NA,NA,NA,NA,NA,NA,NA,NA
11900,Jacob Kibodi,RB,NA,NA,NA,NA,NA,NA,NA,NA,NA,NA,NA,NA,NA,NA,NA
6089,Daniel Helm,TE,NA,NA,NA,NA,NA,NA,NA,NA,NA,NA,NA,NA,NA,NA,NA
8026,Landon Rice,TE,NA,NA,NA,NA,NA,NA,NA,NA,NA,NA,NA,NA,NA,NA,NA
3732,Richard Mullaney,WR,NA,NA,NA,NA,NA,NA,NA,NA,NA,NA,NA,NA,NA,NA,NA
4485,William Stanback,RB,NA,NA,NA,NA,NA,NA,NA,NA,NA,NA,NA,NA,NA,NA,NA
5295,De'Mornay Pierson-El,WR,NA,NA,NA,NA,NA,NA,NA,NA,NA,NA,NA,NA,NA,NA,NA
12893,Nate McCollum,WR,NA,NA,NA,NA,NA,NA,NA,NA,NA,NA,NA,NA,NA,NA,NA
6487,Charles Scarff,TE,NA,NA,NA,NA,NA,NA,NA,NA,NA,NA,NA,NA,NA,NA,NA
12462,Damien Martinez,RB,NA,NA,NA,NA,NA,NA,NA,NA,NA,NA,NA,NA,NA,NA,NA
4338,Levern Jacobs,WR,NA,NA,NA,NA,NA,NA,NA,NA,NA,NA,NA,NA,NA,NA,NA
11247,Mac Hippenhammer,WR,NA,NA,NA,NA,NA,NA,NA,NA,NA,NA,NA,NA,NA,NA,NA
12062,Cam Grandy,TE,MIN,NA,NA,NA,NA,NA,NA,NA,NA,NA,NA,NA,NA,NA,NA
4752,Fred Brown,WR,NA,NA,NA,NA,NA,NA,NA,NA,NA,NA,NA,NA,NA,NA,NA
12352,Jeremy Moussa,QB,NA,NA,NA,NA,NA,NA,NA,NA,NA,NA,NA,NA,NA,NA,NA
12383,John Jiles,WR,NA,NA,NA,NA,NA,NA,NA,NA,NA,NA,NA,NA,NA,NA,NA
12003,Gunnar Watson,QB,NA,NA,NA,NA,NA,NA,NA,NA,NA,NA,NA,NA,NA,NA,NA
2078,Odell Beckham,WR,NA,NA,NA,NA,NA,NA,NA,NA,NA,NA,NA,NA,NA,NA,NA
13773,Isaiah Jacobs,RB,NA,NA,NA,NA,NA,NA,NA,NA,NA,NA,NA,NA,NA,NA,NA
6919,Thaddeus Moss,TE,NA,NA,NA,NA,NA,NA,NA,NA,NA,NA,NA,NA,NA,NA,NA
11472,Alfonzo Graham,RB,NA,NA,NA,NA,NA,NA,NA,NA,NA,NA,NA,NA,NA,NA,NA
4392,Malcolm Lewis,WR,NA,NA,NA,NA,NA,NA,NA,NA,NA,NA,NA,NA,NA,NA,NA
4335,P.J. Walker,QB,NA,NA,NA,NA,NA,NA,NA,NA,NA,NA,NA,NA,NA,NA,NA
13810,Rohan Jones,TE,NA,NA,NA,NA,NA,NA,NA,NA,NA,NA,NA,NA,NA,NA,NA
6951,Eno Benjamin,RB,NA,NA,NA,NA,NA,NA,NA,NA,NA,NA,NA,NA,NA,NA,NA
10230,Jalen Wayne,WR,NA,NA,NA,NA,NA,NA,NA,NA,NA,NA,NA,NA,NA,NA,NA
13166,Kisean Johnson,WR,NA,NA,NA,NA,NA,NA,NA,NA,NA,NA,NA,NA,NA,NA,NA
6334,Damarea Crockett,RB,NA,NA,NA,NA,NA,NA,NA,NA,NA,NA,NA,NA,NA,NA,NA
11385,Brian Walker,TE,NA,NA,NA,NA,NA,NA,NA,NA,NA,NA,NA,NA,NA,NA,NA
3495,Mike Bercovici,QB,NA,NA,NA,NA,NA,NA,NA,NA,NA,NA,NA,NA,NA,NA,NA
3542,DeAndre Reaves,WR,NA,NA,NA,NA,NA,NA,NA,NA,NA,NA,NA,NA,NA,NA,NA
6144,Trayveon Williams,RB,NA,NA,NA,NA,NA,NA,NA,NA,NA,NA,NA,NA,NA,NA,NA
7005,Scottie Phillips,RB,NA,NA,NA,NA,NA,NA,NA,NA,NA,NA,NA,NA,NA,NA,NA
8419,Stanley Berryhill,WR,NA,NA,NA,NA,NA,NA,NA,NA,NA,NA,NA,NA,NA,NA,NA
4930,Franko House,TE,CHI,NA,NA,NA,NA,NA,NA,NA,NA,NA,NA,NA,NA,NA,NA
1352,Robert Woods,WR,NA,NA,NA,NA,NA,NA,NA,NA,NA,NA,NA,NA,NA,NA,NA
8589,Marcus Santos-Silva,TE,NA,NA,NA,NA,NA,NA,NA,NA,NA,NA,NA,NA,NA,NA,NA
7103,Tavien Feaster,RB,ARI,NA,NA,NA,NA,NA,NA,NA,NA,NA,NA,NA,NA,NA,NA
11257,Shedrick Jackson,WR,NA,NA,NA,NA,NA,NA,NA,NA,NA,NA,NA,NA,NA,NA,NA
11374,James Blackman,QB,NA,NA,NA,NA,NA,NA,NA,NA,NA,NA,NA,NA,NA,NA,NA
7565,Terrace Marshall,WR,NA,NA,NA,NA,NA,NA,NA,NA,NA,NA,NA,NA,NA,NA,NA
5710,Nick Holley,WR,NA,NA,NA,NA,NA,NA,NA,NA,NA,NA,NA,NA,NA,NA,NA
1110,T.Y. Hilton,WR,NA,NA,NA,NA,NA,NA,NA,NA,NA,NA,NA,NA,NA,NA,NA
5195,Akrum Wadley,RB,NA,NA,NA,NA,NA,NA,NA,NA,NA,NA,NA,NA,NA,NA,NA
13124,Jeremiah Webb,WR,NE,NA,NA,NA,NA,NA,NA,NA,NA,NA,NA,NA,NA,NA,NA
4151,Jake Butt,TE,NA,NA,NA,NA,NA,NA,NA,NA,NA,NA,NA,NA,NA,NA,NA
12107,Dylan Leonard,TE,NA,NA,NA,NA,NA,NA,NA,NA,NA,NA,NA,NA,NA,NA,NA
8884,JJ Howland,TE,NA,NA,NA,NA,NA,NA,NA,NA,NA,NA,NA,NA,NA,NA,NA
5080,Damion Ratley,WR,NA,NA,NA,NA,NA,NA,NA,NA,NA,NA,NA,NA,NA,NA,NA
1476,Latavius Murray,RB,NA,NA,NA,NA,NA,NA,NA,NA,NA,NA,NA,NA,NA,NA,NA
2279,Paul Richardson,WR,NA,NA,NA,NA,NA,NA,NA,NA,NA,NA,NA,NA,NA,NA,NA
4187,Brian Hill,RB,NA,NA,NA,NA,NA,NA,NA,NA,NA,NA,NA,NA,NA,NA,NA
8634,Chris Pierce,TE,NA,NA,NA,NA,NA,NA,NA,NA,NA,NA,NA,NA,NA,NA,NA
1338,Matt Barkley,QB,NA,NA,NA,NA,NA,NA,NA,NA,NA,NA,NA,NA,NA,NA,NA
13269,Fernando Mendoza,QB,LV,NA,NA,NA,NA,NA,NA,NA,NA,NA,NA,NA,NA,NA,NA
7996,Dillon Stoner,WR,NA,NA,NA,NA,NA,NA,NA,NA,NA,NA,NA,NA,NA,NA,NA
13781,Ken Seals,QB,NA,NA,NA,NA,NA,NA,NA,NA,NA,NA,NA,NA,NA,NA,NA
12296,Kaylon Horton,WR,NA,NA,NA,NA,NA,NA,NA,NA,NA,NA,NA,NA,NA,NA,NA
12732,Dominic Lovett,WR,DET,NA,NA,NA,NA,NA,NA,NA,NA,NA,NA,NA,NA,NA,NA
11491,Austin Aune,QB,NA,NA,NA,NA,NA,NA,NA,NA,NA,NA,NA,NA,NA,NA,NA
12306,La'Damian Webb,RB,NA,NA,NA,NA,NA,NA,NA,NA,NA,NA,NA,NA,NA,NA,NA
2913,Gavin Lutman,WR,NA,NA,NA,NA,NA,NA,NA,NA,NA,NA,NA,NA,NA,NA,NA
12541,Dont'e Thornton,WR,LV,NA,NA,NA,NA,NA,NA,NA,NA,NA,NA,NA,NA,NA,NA
2900,Terrence Franks,RB,NA,NA,NA,NA,NA,NA,NA,NA,NA,NA,NA,NA,NA,NA,NA
1234,Russell Wilson,QB,NA,NA,NA,NA,NA,NA,NA,NA,NA,NA,NA,NA,NA,NA,NA
11133,Jaray Jenkins,WR,NA,NA,NA,NA,NA,NA,NA,NA,NA,NA,NA,NA,NA,NA,NA
7084,Jake Luton,QB,NA,NA,NA,NA,NA,NA,NA,NA,NA,NA,NA,NA,NA,NA,NA
12007,Nathaniel Peat,RB,NA,NA,NA,NA,NA,NA,NA,NA,NA,NA,NA,NA,NA,NA,NA
14037,Rashad Rochelle,WR,NA,NA,NA,NA,NA,NA,NA,NA,NA,NA,NA,NA,NA,NA,NA
14067,Jeff Weimer,WR,NA,NA,NA,NA,NA,NA,NA,NA,NA,NA,NA,NA,NA,NA,NA
12080,Aidan Robbins,RB,NA,NA,NA,NA,NA,NA,NA,NA,NA,NA,NA,NA,NA,NA,NA
13920,Jonathan Brady,WR,NA,NA,NA,NA,NA,NA,NA,NA,NA,NA,NA,NA,NA,NA,NA
4309,Scott Orndoff,TE,NA,NA,NA,NA,NA,NA,NA,NA,NA,NA,NA,NA,NA,NA,NA
12815,Stevo Klotz,TE,NA,NA,NA,NA,NA,NA,NA,NA,NA,NA,NA,NA,NA,NA,NA
10865,Travis Dye,RB,NA,NA,NA,NA,NA,NA,NA,NA,NA,NA,NA,NA,NA,NA,NA
8423,Brittain Brown,RB,CHI,NA,NA,NA,NA,NA,NA,NA,NA,NA,NA,NA,NA,NA,NA
12969,Lan Larison,RB,NE,NA,NA,NA,NA,NA,NA,NA,NA,NA,NA,NA,NA,NA,NA
7087,Jonathan Ward,RB,BAL,NA,NA,NA,NA,NA,NA,NA,NA,NA,NA,NA,NA,NA,NA
13275,Ty Simpson,QB,LAR,NA,NA,NA,NA,NA,NA,NA,NA,NA,NA,NA,NA,NA,NA
14008,Rodney Hammond,RB,NA,NA,NA,NA,NA,NA,NA,NA,NA,NA,NA,NA,NA,NA,NA
8749,Tyreik McAllister,RB,NA,NA,NA,NA,NA,NA,NA,NA,NA,NA,NA,NA,NA,NA,NA
7789,Jalen Camp,WR,NA,NA,NA,NA,NA,NA,NA,NA,NA,NA,NA,NA,NA,NA,NA
6147,Clayton Thorson,QB,NYG,NA,NA,NA,NA,NA,NA,NA,NA,NA,NA,NA,NA,NA,NA
3606,Amir Carlisle,WR,NA,NA,NA,NA,NA,NA,NA,NA,NA,NA,NA,NA,NA,NA,NA
5009,Chris Herndon,TE,NA,NA,NA,NA,NA,NA,NA,NA,NA,NA,NA,NA,NA,NA,NA
3660,Valdez Showers,WR,NA,NA,NA,NA,NA,NA,NA,NA,NA,NA,NA,NA,NA,NA,NA
14039,Mante Morrow,WR,NA,NA,NA,NA,NA,NA,NA,NA,NA,NA,NA,NA,NA,NA,NA
8864,Ben Beise,TE,NA,NA,NA,NA,NA,NA,NA,NA,NA,NA,NA,NA,NA,NA,NA
12777,Joaquin Davis,WR,NA,NA,NA,NA,NA,NA,NA,NA,NA,NA,NA,NA,NA,NA,NA
6898,Anthony Gordon,QB,NA,NA,NA,NA,NA,NA,NA,NA,NA,NA,NA,NA,NA,NA,NA
11136,Oliver Martin,WR,NA,NA,NA,NA,NA,NA,NA,NA,NA,NA,NA,NA,NA,NA,NA
6843,Albert Okwuegbunam,TE,NA,NA,NA,NA,NA,NA,NA,NA,NA,NA,NA,NA,NA,NA,NA
12281,Dimitri Stanley,WR,NA,NA,NA,NA,NA,NA,NA,NA,NA,NA,NA,NA,NA,NA,NA
8568,John Lovett,RB,NA,NA,NA,NA,NA,NA,NA,NA,NA,NA,NA,NA,NA,NA,NA
7357,Dan Chisena,WR,NA,NA,NA,NA,NA,NA,NA,NA,NA,NA,NA,NA,NA,NA,NA
12539,Arian Smith,WR,NYJ,NA,NA,NA,NA,NA,NA,NA,NA,NA,NA,NA,NA,NA,NA
4831,Justice Liggins,WR,NA,NA,NA,NA,NA,NA,NA,NA,NA,NA,NA,NA,NA,NA,NA
11808,Jha'Quan Jackson,WR,NA,NA,NA,NA,NA,NA,NA,NA,NA,NA,NA,NA,NA,NA,NA
4839,Mitch Leidner,QB,NA,NA,NA,NA,NA,NA,NA,NA,NA,NA,NA,NA,NA,NA,NA
13117,Qualan Jones,RB,NA,NA,NA,NA,NA,NA,NA,NA,NA,NA,NA,NA,NA,NA,NA
1619,Demetrius Harris,TE,NA,NA,NA,NA,NA,NA,NA,NA,NA,NA,NA,NA,NA,NA,NA
12973,DJ Thomas-Jones,TE,NA,NA,NA,NA,NA,NA,NA,NA,NA,NA,NA,NA,NA,NA,NA
13705,Ty Pezza,TE,BAL,NA,NA,NA,NA,NA,NA,NA,NA,NA,NA,NA,NA,NA,NA
12431,Rory Starkey,WR,NA,NA,NA,NA,NA,NA,NA,NA,NA,NA,NA,NA,NA,NA,NA
5101,Deon Cain,WR,NA,NA,NA,NA,NA,NA,NA,NA,NA,NA,NA,NA,NA,NA,NA
8057,Kenji Bahar,QB,NA,NA,NA,NA,NA,NA,NA,NA,NA,NA,NA,NA,NA,NA,NA
4676,Darreus Rogers,WR,NA,NA,NA,NA,NA,NA,NA,NA,NA,NA,NA,NA,NA,NA,NA
6963,Patrick Taylor,RB,NA,NA,NA,NA,NA,NA,NA,NA,NA,NA,NA,NA,NA,NA,NA
4531,Ricky Seals-Jones,TE,NA,NA,NA,NA,NA,NA,NA,NA,NA,NA,NA,NA,NA,NA,NA
6554,Shawn Poindexter,WR,NA,NA,NA,NA,NA,NA,NA,NA,NA,NA,NA,NA,NA,NA,NA
4221,Jeremy Sprinkle,TE,NA,NA,NA,NA,NA,NA,NA,NA,NA,NA,NA,NA,NA,NA,NA
8420,Jack Sorenson,WR,NA,NA,NA,NA,NA,NA,NA,NA,NA,NA,NA,NA,NA,NA,NA
7335,Bryce Perkins,QB,NA,NA,NA,NA,NA,NA,NA,NA,NA,NA,NA,NA,NA,NA,NA
8238,Emeka Emezie,WR,NA,NA,NA,NA,NA,NA,NA,NA,NA,NA,NA,NA,NA,NA,NA
7320,Dalton Schoen,WR,NA,NA,NA,NA,NA,NA,NA,NA,NA,NA,NA,NA,NA,NA,NA
5264,Blake Mack,TE,NA,NA,NA,NA,NA,NA,NA,NA,NA,NA,NA,NA,NA,NA,NA
4183,Nathan Peterman,QB,NA,NA,NA,NA,NA,NA,NA,NA,NA,NA,NA,NA,NA,NA,NA
5123,Trenton Cannon,RB,NA,NA,NA,NA,NA,NA,NA,NA,NA,NA,NA,NA,NA,NA,NA
4790,Robert Wheelwright,WR,NA,NA,NA,NA,NA,NA,NA,NA,NA,NA,NA,NA,NA,NA,NA
12531,Trevor Etienne,RB,CAR,NA,NA,NA,NA,NA,NA,NA,NA,NA,NA,NA,NA,NA,NA
11595,Jared Wiley,TE,KC,NA,NA,NA,NA,NA,NA,NA,NA,NA,NA,NA,NA,NA,NA
6167,Jordan Scarlett,RB,MIA,NA,NA,NA,NA,NA,NA,NA,NA,NA,NA,NA,NA,NA,NA
4962,Sony Michel,RB,NA,NA,NA,NA,NA,NA,NA,NA,NA,NA,NA,NA,NA,NA,NA
8741,Jamal Pettigrew,TE,NA,NA,NA,NA,NA,NA,NA,NA,NA,NA,NA,NA,NA,NA,NA
1793,Trey Burton,TE,NA,NA,NA,NA,NA,NA,NA,NA,NA,NA,NA,NA,NA,NA,NA
7454,Travis Jonsen,WR,NA,NA,NA,NA,NA,NA,NA,NA,NA,NA,NA,NA,NA,NA,NA
5117,Jordan Thomas,TE,NA,NA,NA,NA,NA,NA,NA,NA,NA,NA,NA,NA,NA,NA,NA
7899,Isaiah McKoy,WR,NA,NA,NA,NA,NA,NA,NA,NA,NA,NA,NA,NA,NA,NA,NA
4169,Jehu Chesson,WR,NA,NA,NA,NA,NA,NA,NA,NA,NA,NA,NA,NA,NA,NA,NA
12477,Kurtis Rourke,QB,SF,NA,NA,NA,NA,NA,NA,NA,NA,NA,NA,NA,NA,NA,NA
4381,Taysom Hill,TE,NA,NA,NA,NA,NA,NA,NA,NA,NA,NA,NA,NA,NA,NA,NA
973,Anthony Sherman,RB,NA,NA,NA,NA,NA,NA,NA,NA,NA,NA,NA,NA,NA,NA,NA
12188,Justin Strong,RB,NA,NA,NA,NA,NA,NA,NA,NA,NA,NA,NA,NA,NA,NA,NA
11556,Devin Leary,QB,NA,NA,NA,NA,NA,NA,NA,NA,NA,NA,NA,NA,NA,NA,NA
3410,Jake Coker,QB,NA,NA,NA,NA,NA,NA,NA,NA,NA,NA,NA,NA,NA,NA,NA
7211,Zimari Manning,WR,NA,NA,NA,NA,NA,NA,NA,NA,NA,NA,NA,NA,NA,NA,NA
5549,Darrel Williams,RB,NA,NA,NA,NA,NA,NA,NA,NA,NA,NA,NA,NA,NA,NA,NA
5547,Ryan Smith,TE,NA,NA,NA,NA,NA,NA,NA,NA,NA,NA,NA,NA,NA,NA,NA
2587,Dres Anderson,WR,NA,NA,NA,NA,NA,NA,NA,NA,NA,NA,NA,NA,NA,NA,NA
184,Adrian Peterson,RB,NA,NA,NA,NA,NA,NA,NA,NA,NA,NA,NA,NA,NA,NA,NA
6164,Kahale Warring,TE,NA,NA,NA,NA,NA,NA,NA,NA,NA,NA,NA,NA,NA,NA,NA
3258,Nick Vannett,TE,BAL,NA,NA,NA,NA,NA,NA,NA,NA,NA,NA,NA,NA,NA,NA
5699,Matt Fleming,WR,NA,NA,NA,NA,NA,NA,NA,NA,NA,NA,NA,NA,NA,NA,NA
13032,Marshall Lang,TE,MIN,NA,NA,NA,NA,NA,NA,NA,NA,NA,NA,NA,NA,NA,NA
4924,Zach Terrell,QB,BAL,NA,NA,NA,NA,NA,NA,NA,NA,NA,NA,NA,NA,NA,NA
8061,Jake Hausmann,TE,NA,NA,NA,NA,NA,NA,NA,NA,NA,NA,NA,NA,NA,NA,NA
7529,Gary Brightwell,RB,NA,NA,NA,NA,NA,NA,NA,NA,NA,NA,NA,NA,NA,NA,NA
4955,Ronald Jones,RB,NA,NA,NA,NA,NA,NA,NA,NA,NA,NA,NA,NA,NA,NA,NA
8215,Austin Allen,TE,NA,NA,NA,NA,NA,NA,NA,NA,NA,NA,NA,NA,NA,NA,NA
4283,Khalfani Muhammad,RB,NA,NA,NA,NA,NA,NA,NA,NA,NA,NA,NA,NA,NA,NA,NA
12480,Moliki Matavao,TE,NO,NA,NA,NA,NA,NA,NA,NA,NA,NA,NA,NA,NA,NA,NA
3319,Trevor Davis,WR,NA,NA,NA,NA,NA,NA,NA,NA,NA,NA,NA,NA,NA,NA,NA
12100,Chris Autman-Bell,WR,NA,NA,NA,NA,NA,NA,NA,NA,NA,NA,NA,NA,NA,NA,NA
7612,Dee Eskridge,WR,NA,NA,NA,NA,NA,NA,NA,NA,NA,NA,NA,NA,NA,NA,NA
6238,Tyree Mayfield,TE,NA,NA,NA,NA,NA,NA,NA,NA,NA,NA,NA,NA,NA,NA,NA
6203,Valentine Holmes,RB,NA,NA,NA,NA,NA,NA,NA,NA,NA,NA,NA,NA,NA,NA,NA
1825,Jarvis Landry,WR,NA,NA,NA,NA,NA,NA,NA,NA,NA,NA,NA,NA,NA,NA,NA
6539,Devontae Jackson,RB,NA,NA,NA,NA,NA,NA,NA,NA,NA,NA,NA,NA,NA,NA,NA
13085,Kole Taylor,TE,NA,NA,NA,NA,NA,NA,NA,NA,NA,NA,NA,NA,NA,NA,NA
1144,Cole Beasley,WR,NA,NA,NA,NA,NA,NA,NA,NA,NA,NA,NA,NA,NA,NA,NA
2200,Timothy Flanders,RB,NA,NA,NA,NA,NA,NA,NA,NA,NA,NA,NA,NA,NA,NA,NA
10444,Cedric Tillman,WR,NO,NA,NA,NA,NA,NA,NA,NA,NA,NA,NA,NA,NA,NA,NA
5233,Marcus Baugh,TE,NA,NA,NA,NA,NA,NA,NA,NA,NA,NA,NA,NA,NA,NA,NA
4408,Terrell Newby,RB,NA,NA,NA,NA,NA,NA,NA,NA,NA,NA,NA,NA,NA,NA,NA
7541,Cornell Powell,WR,NA,NA,NA,NA,NA,NA,NA,NA,NA,NA,NA,NA,NA,NA,NA
8247,Gerrit Prince,TE,NA,NA,NA,NA,NA,NA,NA,NA,NA,NA,NA,NA,NA,NA,NA
574,Dez Bryant,WR,NA,NA,NA,NA,NA,NA,NA,NA,NA,NA,NA,NA,NA,NA,NA
7370,JoJo Ward,WR,NA,NA,NA,NA,NA,NA,NA,NA,NA,NA,NA,NA,NA,NA,NA
4605,Evan Baylis,TE,NA,NA,NA,NA,NA,NA,NA,NA,NA,NA,NA,NA,NA,NA,NA
7978,Tre Walker,WR,NA,NA,NA,NA,NA,NA,NA,NA,NA,NA,NA,NA,NA,NA,NA
7949,Trevon Grimes,WR,NA,NA,NA,NA,NA,NA,NA,NA,NA,NA,NA,NA,NA,NA,NA
7237,Scotty Washington,WR,NA,NA,NA,NA,NA,NA,NA,NA,NA,NA,NA,NA,NA,NA,NA
147,DeSean Jackson,WR,NA,NA,NA,NA,NA,NA,NA,NA,NA,NA,NA,NA,NA,NA,NA
11975,Jordan Terrell,RB,NA,NA,NA,NA,NA,NA,NA,NA,NA,NA,NA,NA,NA,NA,NA
13426,Sawyer Robertson,QB,NA,NA,NA,NA,NA,NA,NA,NA,NA,NA,NA,NA,NA,NA,NA
11204,Duece Watts,WR,NA,NA,NA,NA,NA,NA,NA,NA,NA,NA,NA,NA,NA,NA,NA
7414,Johnathon Johnson,WR,NA,NA,NA,NA,NA,NA,NA,NA,NA,NA,NA,NA,NA,NA,NA
818,Bilal Powell,RB,NA,NA,NA,NA,NA,NA,NA,NA,NA,NA,NA,NA,NA,NA,NA
3041,Ross Travis,TE,NA,NA,NA,NA,NA,NA,NA,NA,NA,NA,NA,NA,NA,NA,NA
4622,Keelan Cole,WR,NA,NA,NA,NA,NA,NA,NA,NA,NA,NA,NA,NA,NA,NA,NA
23,Jason Witten,TE,NA,NA,NA,NA,NA,NA,NA,NA,NA,NA,NA,NA,NA,NA,NA
7989,DJ Turner,WR,NA,NA,NA,NA,NA,NA,NA,NA,NA,NA,NA,NA,NA,NA,NA
536,Antonio Brown,WR,NA,NA,NA,NA,NA,NA,NA,NA,NA,NA,NA,NA,NA,NA,NA
5162,Reggie Bonnafon,RB,NA,NA,NA,NA,NA,NA,NA,NA,NA,NA,NA,NA,NA,NA,NA
13904,Jacob De Jesus,WR,NA,NA,NA,NA,NA,NA,NA,NA,NA,NA,NA,NA,NA,NA,NA
8190,Abram Smith,RB,NA,NA,NA,NA,NA,NA,NA,NA,NA,NA,NA,NA,NA,NA,NA
7503,Connor Davis,TE,NA,NA,NA,NA,NA,NA,NA,NA,NA,NA,NA,NA,NA,NA,NA
7563,Javian Hawkins,RB,NA,NA,NA,NA,NA,NA,NA,NA,NA,NA,NA,NA,NA,NA,NA
12953,Jalen White,RB,NA,NA,NA,NA,NA,NA,NA,NA,NA,NA,NA,NA,NA,NA,NA
14040,Terrill Davis,WR,NA,NA,NA,NA,NA,NA,NA,NA,NA,NA,NA,NA,NA,NA,NA
11601,Trey Knox,TE,NA,NA,NA,NA,NA,NA,NA,NA,NA,NA,NA,NA,NA,NA,NA
4463,Tyler McCloskey,RB,NA,NA,NA,NA,NA,NA,NA,NA,NA,NA,NA,NA,NA,NA,NA
13410,Chase Roberts,WR,NA,NA,NA,NA,NA,NA,NA,NA,NA,NA,NA,NA,NA,NA,NA
5425,John Diarse,WR,NA,NA,NA,NA,NA,NA,NA,NA,NA,NA,NA,NA,NA,NA,NA
3340,Jerell Adams,TE,NA,NA,NA,NA,NA,NA,NA,NA,NA,NA,NA,NA,NA,NA,NA
11158,Jalen Sample,WR,NA,NA,NA,NA,NA,NA,NA,NA,NA,NA,NA,NA,NA,NA,NA
2578,John Harris,WR,NA,NA,NA,NA,NA,NA,NA,NA,NA,NA,NA,NA,NA,NA,NA
14041,Anderson Castle,RB,NA,NA,NA,NA,NA,NA,NA,NA,NA,NA,NA,NA,NA,NA,NA
13776,Hank Beatty,WR,NA,NA,NA,NA,NA,NA,NA,NA,NA,NA,NA,NA,NA,NA,NA
7568,Brevin Jordan,TE,HOU,NA,NA,NA,NA,NA,NA,NA,NA,NA,NA,NA,NA,NA,NA
13313,Emmanuel Henderson,WR,SEA,NA,NA,NA,NA,NA,NA,NA,NA,NA,NA,NA,NA,NA,NA
5885,Ryan Finley,QB,NA,NA,NA,NA,NA,NA,NA,NA,NA,NA,NA,NA,NA,NA,NA
12013,Jaden Shirden,RB,NA,NA,NA,NA,NA,NA,NA,NA,NA,NA,NA,NA,NA,NA,NA
12800,Oscar Cardenas,TE,NA,NA,NA,NA,NA,NA,NA,NA,NA,NA,NA,NA,NA,NA,NA
13849,Cortez Braham,WR,NA,NA,NA,NA,NA,NA,NA,NA,NA,NA,NA,NA,NA,NA,NA
6223,Juwann Winfree,WR,NA,NA,NA,NA,NA,NA,NA,NA,NA,NA,NA,NA,NA,NA,NA
12483,Jack Bech,WR,LV,NA,NA,NA,NA,NA,NA,NA,NA,NA,NA,NA,NA,NA,NA
6846,Hunter Bryant,TE,NA,NA,NA,NA,NA,NA,NA,NA,NA,NA,NA,NA,NA,NA,NA
4777,De'Chavon Hayes,RB,NA,NA,NA,NA,NA,NA,NA,NA,NA,NA,NA,NA,NA,NA,NA
7610,Trey Lance,QB,LAC,NA,NA,NA,NA,NA,NA,NA,NA,NA,NA,NA,NA,NA,NA
11410,Braxton Burmeister,WR,NA,NA,NA,NA,NA,NA,NA,NA,NA,NA,NA,NA,NA,NA,NA
7462,Stephen Guidry,WR,NA,NA,NA,NA,NA,NA,NA,NA,NA,NA,NA,NA,NA,NA,NA
3688,Tra Carson,RB,NA,NA,NA,NA,NA,NA,NA,NA,NA,NA,NA,NA,NA,NA,NA
3770,Quenton Bundrage,WR,NA,NA,NA,NA,NA,NA,NA,NA,NA,NA,NA,NA,NA,NA,NA
13240,Toa Taua,RB,NA,NA,NA,NA,NA,NA,NA,NA,NA,NA,NA,NA,NA,NA,NA
4832,Andrew Price,TE,NA,NA,NA,NA,NA,NA,NA,NA,NA,NA,NA,NA,NA,NA,NA
12151,Julian Hicks,WR,NA,NA,NA,NA,NA,NA,NA,NA,NA,NA,NA,NA,NA,NA,NA
7951,B.J. Emmons,RB,NA,NA,NA,NA,NA,NA,NA,NA,NA,NA,NA,NA,NA,NA,NA
8858,Keshunn Abram,WR,NA,NA,NA,NA,NA,NA,NA,NA,NA,NA,NA,NA,NA,NA,NA
12891,Jordan Bly,WR,NA,NA,NA,NA,NA,NA,NA,NA,NA,NA,NA,NA,NA,NA,NA
11380,Johnny Lumpkin,TE,NA,NA,NA,NA,NA,NA,NA,NA,NA,NA,NA,NA,NA,NA,NA
6895,Quintez Cephus,WR,NA,NA,NA,NA,NA,NA,NA,NA,NA,NA,NA,NA,NA,NA,NA
8690,Jake Herslow,WR,NA,NA,NA,NA,NA,NA,NA,NA,NA,NA,NA,NA,NA,NA,NA
455,Michael Crabtree,WR,NA,NA,NA,NA,NA,NA,NA,NA,NA,NA,NA,NA,NA,NA,NA
7983,Collin Hill,QB,NA,NA,NA,NA,NA,NA,NA,NA,NA,NA,NA,NA,NA,NA,NA
13779,Al-Jay Henderson,RB,NYJ,NA,NA,NA,NA,NA,NA,NA,NA,NA,NA,NA,NA,NA,NA
8747,Roger Carter,TE,NA,NA,NA,NA,NA,NA,NA,NA,NA,NA,NA,NA,NA,NA,NA
964,Lance Kendricks,TE,NA,NA,NA,NA,NA,NA,NA,NA,NA,NA,NA,NA,NA,NA,NA
3486,Chris Brown,WR,NA,NA,NA,NA,NA,NA,NA,NA,NA,NA,NA,NA,NA,NA,NA
14068,Drew Biber,TE,NA,NA,NA,NA,NA,NA,NA,NA,NA,NA,NA,NA,NA,NA,NA
11901,Kyle Sheets,WR,NA,NA,NA,NA,NA,NA,NA,NA,NA,NA,NA,NA,NA,NA,NA
11299,Zavier Scott,RB,CHI,NA,NA,NA,NA,NA,NA,NA,NA,NA,NA,NA,NA,NA,NA
13595,Cash Jones,RB,ATL,NA,NA,NA,NA,NA,NA,NA,NA,NA,NA,NA,NA,NA,NA
606,Joe Webb,QB,NA,NA,NA,NA,NA,NA,NA,NA,NA,NA,NA,NA,NA,NA,NA
12222,Joseph Scates,WR,NA,NA,NA,NA,NA,NA,NA,NA,NA,NA,NA,NA,NA,NA,NA
12528,Ajou Ajou,WR,NA,NA,NA,NA,NA,NA,NA,NA,NA,NA,NA,NA,NA,NA,NA
13967,Jimmy Kibble,WR,NA,NA,NA,NA,NA,NA,NA,NA,NA,NA,NA,NA,NA,NA,NA
13013,Mark Redman,TE,GB,NA,NA,NA,NA,NA,NA,NA,NA,NA,NA,NA,NA,NA,NA
6142,Caleb Wilson,TE,NA,NA,NA,NA,NA,NA,NA,NA,NA,NA,NA,NA,NA,NA,NA
4055,O.J. Howard,TE,NA,NA,NA,NA,NA,NA,NA,NA,NA,NA,NA,NA,NA,NA,NA
4775,David Olson,QB,NA,NA,NA,NA,NA,NA,NA,NA,NA,NA,NA,NA,NA,NA,NA
9503,Jacob Copeland,WR,NA,NA,NA,NA,NA,NA,NA,NA,NA,NA,NA,NA,NA,NA,NA
3859,Jalen Simmons,RB,NA,NA,NA,NA,NA,NA,NA,NA,NA,NA,NA,NA,NA,NA,NA
6037,Brett Rypien,QB,TB,NA,NA,NA,NA,NA,NA,NA,NA,NA,NA,NA,NA,NA,NA
4301,Josh Magee,WR,NA,NA,NA,NA,NA,NA,NA,NA,NA,NA,NA,NA,NA,NA,NA
10866,Aidan O'Connell,QB,LV,NA,NA,NA,NA,NA,NA,NA,NA,NA,NA,NA,NA,NA,NA
11216,Holton Ahlers,QB,NA,NA,NA,NA,NA,NA,NA,NA,NA,NA,NA,NA,NA,NA,NA
13888,DeShawn Hanika,TE,NA,NA,NA,NA,NA,NA,NA,NA,NA,NA,NA,NA,NA,NA,NA
4179,Joshua Dobbs,QB,DET,NA,NA,NA,NA,NA,NA,NA,NA,NA,NA,NA,NA,NA,NA
5107,Jaylen Samuels,RB,NA,NA,NA,NA,NA,NA,NA,NA,NA,NA,NA,NA,NA,NA,NA
7308,Nick Bowers,TE,NA,NA,NA,NA,NA,NA,NA,NA,NA,NA,NA,NA,NA,NA,NA
8153,Isaiah Spiller,RB,NA,NA,NA,NA,NA,NA,NA,NA,NA,NA,NA,NA,NA,NA,NA
13139,Taylor Morin,WR,NA,NA,NA,NA,NA,NA,NA,NA,NA,NA,NA,NA,NA,NA,NA
11543,Lachlan Pitts,TE,NA,NA,NA,NA,NA,NA,NA,NA,NA,NA,NA,NA,NA,NA,NA
7915,Landen Akers,WR,NA,NA,NA,NA,NA,NA,NA,NA,NA,NA,NA,NA,NA,NA,NA
8624,Changa Hodge,WR,NA,NA,NA,NA,NA,NA,NA,NA,NA,NA,NA,NA,NA,NA,NA
9229,Anthony Richardson,QB,IND,NA,NA,NA,NA,NA,NA,NA,NA,NA,NA,NA,NA,NA,NA
2733,Kasey Closs,WR,NA,NA,NA,NA,NA,NA,NA,NA,NA,NA,NA,NA,NA,NA,NA
10857,Stetson Bennett,QB,LAR,NA,NA,NA,NA,NA,NA,NA,NA,NA,NA,NA,NA,NA,NA
13328,Anthony Hankerson,RB,NA,NA,NA,NA,NA,NA,NA,NA,NA,NA,NA,NA,NA,NA,NA
4650,Billy Brown,TE,NA,NA,NA,NA,NA,NA,NA,NA,NA,NA,NA,NA,NA,NA,NA
12715,Thomas Fidone,TE,NYG,NA,NA,NA,NA,NA,NA,NA,NA,NA,NA,NA,NA,NA,NA
7101,Rodney Smith,RB,NA,NA,NA,NA,NA,NA,NA,NA,NA,NA,NA,NA,NA,NA,NA
13662,Will Pauling,WR,SF,NA,NA,NA,NA,NA,NA,NA,NA,NA,NA,NA,NA,NA,NA
12090,Corey Crooms,WR,NA,NA,NA,NA,NA,NA,NA,NA,NA,NA,NA,NA,NA,NA,NA
6598,Trenton Irwin,WR,NA,NA,NA,NA,NA,NA,NA,NA,NA,NA,NA,NA,NA,NA,NA
11371,Julian Hill,TE,NE,NA,NA,NA,NA,NA,NA,NA,NA,NA,NA,NA,NA,NA,NA
8246,Bryant Koback,RB,NA,NA,NA,NA,NA,NA,NA,NA,NA,NA,NA,NA,NA,NA,NA
11169,Dresser Winn,QB,NA,NA,NA,NA,NA,NA,NA,NA,NA,NA,NA,NA,NA,NA,NA
1854,Quincy Enunwa,WR,NA,NA,NA,NA,NA,NA,NA,NA,NA,NA,NA,NA,NA,NA,NA
6723,Vincent Testaverde,QB,NA,NA,NA,NA,NA,NA,NA,NA,NA,NA,NA,NA,NA,NA,NA
13850,Octavian Smith,WR,NA,NA,NA,NA,NA,NA,NA,NA,NA,NA,NA,NA,NA,NA,NA
12757,Hal Presley,WR,NA,NA,NA,NA,NA,NA,NA,NA,NA,NA,NA,NA,NA,NA,NA
4358,Austin Duke,WR,NA,NA,NA,NA,NA,NA,NA,NA,NA,NA,NA,NA,NA,NA,NA
8435,Kwamie Lassiter,WR,NA,NA,NA,NA,NA,NA,NA,NA,NA,NA,NA,NA,NA,NA,NA
2749,Raheem Mostert,RB,NA,NA,NA,NA,NA,NA,NA,NA,NA,NA,NA,NA,NA,NA,NA
9512,DeWayne McBride,RB,NA,NA,NA,NA,NA,NA,NA,NA,NA,NA,NA,NA,NA,NA,NA
6021,Nick Brossette,RB,NA,NA,NA,NA,NA,NA,NA,NA,NA,NA,NA,NA,NA,NA,NA
13001,Mario Williams,WR,NA,NA,NA,NA,NA,NA,NA,NA,NA,NA,NA,NA,NA,NA,NA
8438,Corey Sutton,WR,NA,NA,NA,NA,NA,NA,NA,NA,NA,NA,NA,NA,NA,NA,NA
13113,Dante Wright,WR,NA,NA,NA,NA,NA,NA,NA,NA,NA,NA,NA,NA,NA,NA,NA
12168,Zach Mathis,WR,NA,NA,NA,NA,NA,NA,NA,NA,NA,NA,NA,NA,NA,NA,NA
2028,Derek Carr,QB,NA,NA,NA,NA,NA,NA,NA,NA,NA,NA,NA,NA,NA,NA,NA
1992,Allen Robinson,WR,NA,NA,NA,NA,NA,NA,NA,NA,NA,NA,NA,NA,NA,NA,NA
6954,Cole McDonald,QB,NA,NA,NA,NA,NA,NA,NA,NA,NA,NA,NA,NA,NA,NA,NA
2238,John Brown,WR,NA,NA,NA,NA,NA,NA,NA,NA,NA,NA,NA,NA,NA,NA,NA
12966,Moose Muhammad,WR,NA,NA,NA,NA,NA,NA,NA,NA,NA,NA,NA,NA,NA,NA,NA
4699,Kevin Snead,WR,NA,NA,NA,NA,NA,NA,NA,NA,NA,NA,NA,NA,NA,NA,NA
8212,Dustin Crum,QB,NA,NA,NA,NA,NA,NA,NA,NA,NA,NA,NA,NA,NA,NA,NA
6049,Tyre Brady,WR,NA,NA,NA,NA,NA,NA,NA,NA,NA,NA,NA,NA,NA,NA,NA
3475,Keyarris Garrett,WR,NA,NA,NA,NA,NA,NA,NA,NA,NA,NA,NA,NA,NA,NA,NA
4373,Stanley Williams,RB,NA,NA,NA,NA,NA,NA,NA,NA,NA,NA,NA,NA,NA,NA,NA
13859,Jalen Walthall,WR,NA,NA,NA,NA,NA,NA,NA,NA,NA,NA,NA,NA,NA,NA,NA
7548,Tyler Vaughns,WR,NA,NA,NA,NA,NA,NA,NA,NA,NA,NA,NA,NA,NA,NA,NA
7578,Myron Mitchell,WR,NA,NA,NA,NA,NA,NA,NA,NA,NA,NA,NA,NA,NA,NA,NA
12457,Jaydon Blue,RB,PHI,NA,NA,NA,NA,NA,NA,NA,NA,NA,NA,NA,NA,NA,NA
12478,Nick Nash,WR,NA,NA,NA,NA,NA,NA,NA,NA,NA,NA,NA,NA,NA,NA,NA
11123,Tyler Hoosman,RB,NA,NA,NA,NA,NA,NA,NA,NA,NA,NA,NA,NA,NA,NA,NA
8769,Josh Bist,TE,NA,NA,NA,NA,NA,NA,NA,NA,NA,NA,NA,NA,NA,NA,NA
6165,Antoine Wesley,WR,NA,NA,NA,NA,NA,NA,NA,NA,NA,NA,NA,NA,NA,NA,NA
3343,Nate Sudfeld,QB,NA,NA,NA,NA,NA,NA,NA,NA,NA,NA,NA,NA,NA,NA,NA
2632,Desmond Martin,RB,NA,NA,NA,NA,NA,NA,NA,NA,NA,NA,NA,NA,NA,NA,NA
4864,Jevoni Robinson,TE,NA,NA,NA,NA,NA,NA,NA,NA,NA,NA,NA,NA,NA,NA,NA
13355,DJ Rogers,TE,DAL,NA,NA,NA,NA,NA,NA,NA,NA,NA,NA,NA,NA,NA,NA
8118,David Bell,WR,NA,NA,NA,NA,NA,NA,NA,NA,NA,NA,NA,NA,NA,NA,NA
7540,Amari Rodgers,WR,NA,NA,NA,NA,NA,NA,NA,NA,NA,NA,NA,NA,NA,NA,NA
11554,Chase Cota,WR,NA,NA,NA,NA,NA,NA,NA,NA,NA,NA,NA,NA,NA,NA,NA
8002,Shane Buechele,QB,BUF,NA,NA,NA,NA,NA,NA,NA,NA,NA,NA,NA,NA,NA,NA
12511,Will Howard,QB,PIT,NA,NA,NA,NA,NA,NA,NA,NA,NA,NA,NA,NA,NA,NA
3894,Garrett Griffin,TE,NA,NA,NA,NA,NA,NA,NA,NA,NA,NA,NA,NA,NA,NA,NA
8595,Kyric McGowan,WR,NA,NA,NA,NA,NA,NA,NA,NA,NA,NA,NA,NA,NA,NA,NA
12476,Devin Neal,RB,MIN,NA,NA,NA,NA,NA,NA,NA,NA,NA,NA,NA,NA,NA,NA
8433,Cade Brewer,TE,NA,NA,NA,NA,NA,NA,NA,NA,NA,NA,NA,NA,NA,NA,NA
11292,Tommy DeVito,QB,NE,NA,NA,NA,NA,NA,NA,NA,NA,NA,NA,NA,NA,NA,NA
2573,DaVaris Daniels,WR,NA,NA,NA,NA,NA,NA,NA,NA,NA,NA,NA,NA,NA,NA,NA
2918,Demetrius Wilson,WR,NA,NA,NA,NA,NA,NA,NA,NA,NA,NA,NA,NA,NA,NA,NA
7525,DeVonta Smith,WR,PHI,NA,NA,NA,NA,NA,NA,NA,NA,NA,NA,NA,NA,NA,NA
6234,Deonte Harty,WR,NA,NA,NA,NA,NA,NA,NA,NA,NA,NA,NA,NA,NA,NA,NA
6115,Wes Hills,RB,NA,NA,NA,NA,NA,NA,NA,NA,NA,NA,NA,NA,NA,NA,NA
13923,Joshua Pitsenberger,RB,NA,NA,NA,NA,NA,NA,NA,NA,NA,NA,NA,NA,NA,NA,NA
4480,Bobo Wilson,WR,NA,NA,NA,NA,NA,NA,NA,NA,NA,NA,NA,NA,NA,NA,NA
13830,Kyle Dixon,WR,NE,NA,NA,NA,NA,NA,NA,NA,NA,NA,NA,NA,NA,NA,NA
13256,Roderick Daniels,WR,NA,NA,NA,NA,NA,NA,NA,NA,NA,NA,NA,NA,NA,NA,NA
13017,Hajj-Malik Williams,QB,NA,NA,NA,NA,NA,NA,NA,NA,NA,NA,NA,NA,NA,NA,NA
6108,Jacques Patrick,RB,NA,NA,NA,NA,NA,NA,NA,NA,NA,NA,NA,NA,NA,NA,NA
4175,Chad Hansen,WR,NA,NA,NA,NA,NA,NA,NA,NA,NA,NA,NA,NA,NA,NA,NA
11654,Dante Miller,RB,NA,NA,NA,NA,NA,NA,NA,NA,NA,NA,NA,NA,NA,NA,NA
13427,Diego Pavia,QB,NA,NA,NA,NA,NA,NA,NA,NA,NA,NA,NA,NA,NA,NA,NA
344,Julian Edelman,WR,NA,NA,NA,NA,NA,NA,NA,NA,NA,NA,NA,NA,NA,NA,NA
1388,Tyler Eifert,TE,NA,NA,NA,NA,NA,NA,NA,NA,NA,NA,NA,NA,NA,NA,NA
4641,Keeon Johnson,WR,NA,NA,NA,NA,NA,NA,NA,NA,NA,NA,NA,NA,NA,NA,NA
13212,Cade McDonald,WR,NA,NA,NA,NA,NA,NA,NA,NA,NA,NA,NA,NA,NA,NA,NA
533,Colt McCoy,QB,NA,NA,NA,NA,NA,NA,NA,NA,NA,NA,NA,NA,NA,NA,NA
6982,Cheyenne O'Grady,TE,NA,NA,NA,NA,NA,NA,NA,NA,NA,NA,NA,NA,NA,NA,NA
13946,Jamal Haynes,RB,NA,NA,NA,NA,NA,NA,NA,NA,NA,NA,NA,NA,NA,NA,NA
5166,Da'Mari Scott,WR,NA,NA,NA,NA,NA,NA,NA,NA,NA,NA,NA,NA,NA,NA,NA
13151,Nick Kallerup,TE,SEA,NA,NA,NA,NA,NA,NA,NA,NA,NA,NA,NA,NA,NA,NA
5323,Equanimeous St. Brown,WR,NA,NA,NA,NA,NA,NA,NA,NA,NA,NA,NA,NA,NA,NA,NA
3868,Jalen Richard,RB,LV,NA,NA,NA,NA,NA,NA,NA,NA,NA,NA,NA,NA,NA,NA
1592,Darren Fells,TE,TB,NA,NA,NA,NA,NA,NA,NA,NA,NA,NA,NA,NA,NA,NA
6493,Justin Johnson,TE,NA,NA,NA,NA,NA,NA,NA,NA,NA,NA,NA,NA,NA,NA,NA
2191,Marcus Lucas,WR,NA,NA,NA,NA,NA,NA,NA,NA,NA,NA,NA,NA,NA,NA,NA
13403,Jam Miller,RB,NA,NA,NA,NA,NA,NA,NA,NA,NA,NA,NA,NA,NA,NA,NA
5955,Hunter Renfrow,WR,NA,NA,NA,NA,NA,NA,NA,NA,NA,NA,NA,NA,NA,NA,NA
1273,Francis Owusu,WR,NA,NA,NA,NA,NA,NA,NA,NA,NA,NA,NA,NA,NA,NA,NA
7735,Cary Angeline,TE,NA,NA,NA,NA,NA,NA,NA,NA,NA,NA,NA,NA,NA,NA,NA
2755,Eric Tomlinson,TE,NA,NA,NA,NA,NA,NA,NA,NA,NA,NA,NA,NA,NA,NA,NA
5248,Gus Edwards,RB,NA,NA,NA,NA,NA,NA,NA,NA,NA,NA,NA,NA,NA,NA,NA
12113,Thomas Yassmin,TE,GB,NA,NA,NA,NA,NA,NA,NA,NA,NA,NA,NA,NA,NA,NA
7848,Scooter Harrington,TE,NA,NA,NA,NA,NA,NA,NA,NA,NA,NA,NA,NA,NA,NA,NA
12928,Amar Johnson,RB,LAC,NA,NA,NA,NA,NA,NA,NA,NA,NA,NA,NA,NA,NA,NA
6394,Romell Guerrier,WR,NA,NA,NA,NA,NA,NA,NA,NA,NA,NA,NA,NA,NA,NA,NA
4367,Monty Madaris,WR,NA,NA,NA,NA,NA,NA,NA,NA,NA,NA,NA,NA,NA,NA,NA
4613,Shaq Hill,WR,NA,NA,NA,NA,NA,NA,NA,NA,NA,NA,NA,NA,NA,NA,NA
12070,McCallan Castles,TE,NA,NA,NA,NA,NA,NA,NA,NA,NA,NA,NA,NA,NA,NA,NA
4665,Eli Jenkins,QB,NA,NA,NA,NA,NA,NA,NA,NA,NA,NA,NA,NA,NA,NA,NA
8184,D'Vonte Price,RB,NA,NA,NA,NA,NA,NA,NA,NA,NA,NA,NA,NA,NA,NA,NA
7993,Trey Ragas,RB,NA,NA,NA,NA,NA,NA,NA,NA,NA,NA,NA,NA,NA,NA,NA
6878,Anthony McFarland,RB,NA,NA,NA,NA,NA,NA,NA,NA,NA,NA,NA,NA,NA,NA,NA
2382,Duke Johnson,RB,NA,NA,NA,NA,NA,NA,NA,NA,NA,NA,NA,NA,NA,NA,NA
4535,Steven Wroblewski,TE,NA,NA,NA,NA,NA,NA,NA,NA,NA,NA,NA,NA,NA,NA,NA
12905,John Copenhaver,TE,NA,NA,NA,NA,NA,NA,NA,NA,NA,NA,NA,NA,NA,NA,NA
4973,Hayden Hurst,TE,NA,NA,NA,NA,NA,NA,NA,NA,NA,NA,NA,NA,NA,NA,NA
4362,Cethan Carter,TE,NA,NA,NA,NA,NA,NA,NA,NA,NA,NA,NA,NA,NA,NA,NA
5243,Detrich Clark,WR,NA,NA,NA,NA,NA,NA,NA,NA,NA,NA,NA,NA,NA,NA,NA
5536,Dontrell Hilliard,RB,NA,NA,NA,NA,NA,NA,NA,NA,NA,NA,NA,NA,NA,NA,NA
9226,De'Von Achane,RB,MIA,NA,NA,NA,NA,NA,NA,NA,NA,NA,NA,NA,NA,NA,NA
6956,Devin Asiasi,TE,NA,NA,NA,NA,NA,NA,NA,NA,NA,NA,NA,NA,NA,NA,NA
6685,Jalen Greene,WR,NA,NA,NA,NA,NA,NA,NA,NA,NA,NA,NA,NA,NA,NA,NA
12776,Connor Bazelak,QB,NA,NA,NA,NA,NA,NA,NA,NA,NA,NA,NA,NA,NA,NA,NA
4208,Rodney Adams,WR,NA,NA,NA,NA,NA,NA,NA,NA,NA,NA,NA,NA,NA,NA,NA
7161,Shane Leatherbury,WR,NA,NA,NA,NA,NA,NA,NA,NA,NA,NA,NA,NA,NA,NA,NA
1451,C.J. Anderson,RB,NA,NA,NA,NA,NA,NA,NA,NA,NA,NA,NA,NA,NA,NA,NA
7466,Nathan Cottrell,RB,NA,NA,NA,NA,NA,NA,NA,NA,NA,NA,NA,NA,NA,NA,NA
8881,Willie Johnson,WR,NA,NA,NA,NA,NA,NA,NA,NA,NA,NA,NA,NA,NA,NA,NA
7573,Damon Hazelton,WR,NA,NA,NA,NA,NA,NA,NA,NA,NA,NA,NA,NA,NA,NA,NA
3357,Brandon Allen,QB,NA,NA,NA,NA,NA,NA,NA,NA,NA,NA,NA,NA,NA,NA,NA
6957,James Proche,WR,NA,NA,NA,NA,NA,NA,NA,NA,NA,NA,NA,NA,NA,NA,NA
2374,Tyler Lockett,WR,NA,NA,NA,NA,NA,NA,NA,NA,NA,NA,NA,NA,NA,NA,NA
7901,Rico Bussey,WR,NA,NA,NA,NA,NA,NA,NA,NA,NA,NA,NA,NA,NA,NA,NA
12291,Dakota Caton,WR,NA,NA,NA,NA,NA,NA,NA,NA,NA,NA,NA,NA,NA,NA,NA
12901,Patrick Herbert,TE,LAC,NA,NA,NA,NA,NA,NA,NA,NA,NA,NA,NA,NA,NA,NA
12775,Max Brosmer,QB,MIN,NA,NA,NA,NA,NA,NA,NA,NA,NA,NA,NA,NA,NA,NA
3646,Quayvon Hicks,RB,NA,NA,NA,NA,NA,NA,NA,NA,NA,NA,NA,NA,NA,NA,NA
12320,Treyton Pickering,TE,NA,NA,NA,NA,NA,NA,NA,NA,NA,NA,NA,NA,NA,NA,NA
7885,Bailey Gaither,WR,NA,NA,NA,NA,NA,NA,NA,NA,NA,NA,NA,NA,NA,NA,NA
8221,Keaontay Ingram,RB,NA,NA,NA,NA,NA,NA,NA,NA,NA,NA,NA,NA,NA,NA,NA
11176,Khalan Laborn,RB,NA,NA,NA,NA,NA,NA,NA,NA,NA,NA,NA,NA,NA,NA,NA
11140,Leonard Taylor,TE,NA,NA,NA,NA,NA,NA,NA,NA,NA,NA,NA,NA,NA,NA,NA
6370,Damion Jeanpiere,WR,NA,NA,NA,NA,NA,NA,NA,NA,NA,NA,NA,NA,NA,NA,NA
5734,C.J. Duncan,WR,NA,NA,NA,NA,NA,NA,NA,NA,NA,NA,NA,NA,NA,NA,NA
13100,Eli Wilson,TE,NA,NA,NA,NA,NA,NA,NA,NA,NA,NA,NA,NA,NA,NA,NA
12852,Monaray Baldwin,WR,NA,NA,NA,NA,NA,NA,NA,NA,NA,NA,NA,NA,NA,NA,NA
5133,Tyler Conklin,TE,DET,NA,NA,NA,NA,NA,NA,NA,NA,NA,NA,NA,NA,NA,NA
12863,Andrew Armstrong,WR,KC,NA,NA,NA,NA,NA,NA,NA,NA,NA,NA,NA,NA,NA,NA
12260,Mason Fairchild,TE,NA,NA,NA,NA,NA,NA,NA,NA,NA,NA,NA,NA,NA,NA,NA
5695,Brandon Powell,WR,NA,NA,NA,NA,NA,NA,NA,NA,NA,NA,NA,NA,NA,NA,NA
8825,Kekoa Crawford,WR,NA,NA,NA,NA,NA,NA,NA,NA,NA,NA,NA,NA,NA,NA,NA
13354,Eric McAlister,WR,NA,NA,NA,NA,NA,NA,NA,NA,NA,NA,NA,NA,NA,NA,NA
1794,David Fluellen,RB,NA,NA,NA,NA,NA,NA,NA,NA,NA,NA,NA,NA,NA,NA,NA
5005,Jaleel Scott,WR,NA,NA,NA,NA,NA,NA,NA,NA,NA,NA,NA,NA,NA,NA,NA
4497,Tony Stevens,WR,NA,NA,NA,NA,NA,NA,NA,NA,NA,NA,NA,NA,NA,NA,NA
11544,Avery Davis,WR,NA,NA,NA,NA,NA,NA,NA,NA,NA,NA,NA,NA,NA,NA,NA
3727,Dennis Parks,WR,NA,NA,NA,NA,NA,NA,NA,NA,NA,NA,NA,NA,NA,NA,NA
4364,Karel Hamilton,WR,NA,NA,NA,NA,NA,NA,NA,NA,NA,NA,NA,NA,NA,NA,NA
5919,Elijah Holyfield,RB,NA,NA,NA,NA,NA,NA,NA,NA,NA,NA,NA,NA,NA,NA,NA
4125,Taywan Taylor,WR,NA,NA,NA,NA,NA,NA,NA,NA,NA,NA,NA,NA,NA,NA,NA
7586,Dazz Newsome,WR,NA,NA,NA,NA,NA,NA,NA,NA,NA,NA,NA,NA,NA,NA,NA
6187,Aca'Cedric Ware,RB,NA,NA,NA,NA,NA,NA,NA,NA,NA,NA,NA,NA,NA,NA,NA
5261,Jester Weah,WR,NA,NA,NA,NA,NA,NA,NA,NA,NA,NA,NA,NA,NA,NA,NA
5102,Daurice Fountain,WR,NA,NA,NA,NA,NA,NA,NA,NA,NA,NA,NA,NA,NA,NA,NA
1170,Alfred Morris,RB,NA,NA,NA,NA,NA,NA,NA,NA,NA,NA,NA,NA,NA,NA,NA
14055,Louis Hansen,TE,NA,NA,NA,NA,NA,NA,NA,NA,NA,NA,NA,NA,NA,NA,NA
11941,Isaiah Wooden,WR,NA,NA,NA,NA,NA,NA,NA,NA,NA,NA,NA,NA,NA,NA,NA
7387,George Campbell,WR,NA,NA,NA,NA,NA,NA,NA,NA,NA,NA,NA,NA,NA,NA,NA
2121,T.J. Jones,WR,NA,NA,NA,NA,NA,NA,NA,NA,NA,NA,NA,NA,NA,NA,NA
5068,Kerryon Johnson,RB,NA,NA,NA,NA,NA,NA,NA,NA,NA,NA,NA,NA,NA,NA,NA
6606,Nick Fitzgerald,QB,NA,NA,NA,NA,NA,NA,NA,NA,NA,NA,NA,NA,NA,NA,NA
6955,James Robinson,RB,NA,NA,NA,NA,NA,NA,NA,NA,NA,NA,NA,NA,NA,NA,NA
5292,Devin Ross,WR,NA,NA,NA,NA,NA,NA,NA,NA,NA,NA,NA,NA,NA,NA,NA
12392,Tre Mosley,WR,NA,NA,NA,NA,NA,NA,NA,NA,NA,NA,NA,NA,NA,NA,NA
8755,Kaden Davis,WR,CHI,NA,NA,NA,NA,NA,NA,NA,NA,NA,NA,NA,NA,NA,NA
8233,Mataeo Durant,RB,NA,NA,NA,NA,NA,NA,NA,NA,NA,NA,NA,NA,NA,NA,NA
12033,OJ Hiliare,WR,NA,NA,NA,NA,NA,NA,NA,NA,NA,NA,NA,NA,NA,NA,NA
12085,Alec Holler,TE,NA,NA,NA,NA,NA,NA,NA,NA,NA,NA,NA,NA,NA,NA,NA
11082,Ben Sims,TE,NA,NA,NA,NA,NA,NA,NA,NA,NA,NA,NA,NA,NA,NA,NA
12231,JJ Laap,WR,NA,NA,NA,NA,NA,NA,NA,NA,NA,NA,NA,NA,NA,NA,NA
1689,Adam Thielen,WR,NA,NA,NA,NA,NA,NA,NA,NA,NA,NA,NA,NA,NA,NA,NA
8705,Landon Lenoir,WR,NA,NA,NA,NA,NA,NA,NA,NA,NA,NA,NA,NA,NA,NA,NA
5799,Darius Prince,WR,NA,NA,NA,NA,NA,NA,NA,NA,NA,NA,NA,NA,NA,NA,NA
2886,Justin Sinz,TE,NA,NA,NA,NA,NA,NA,NA,NA,NA,NA,NA,NA,NA,NA,NA
13160,Reggie Brown,TE,NA,NA,NA,NA,NA,NA,NA,NA,NA,NA,NA,NA,NA,NA,NA
13043,Chris Tyree,WR,NA,NA,NA,NA,NA,NA,NA,NA,NA,NA,NA,NA,NA,NA,NA
6692,Joe Horn,WR,NA,NA,NA,NA,NA,NA,NA,NA,NA,NA,NA,NA,NA,NA,NA
3205,Cody Kessler,QB,NA,NA,NA,NA,NA,NA,NA,NA,NA,NA,NA,NA,NA,NA,NA
4708,KeVonn Mabon,WR,NA,NA,NA,NA,NA,NA,NA,NA,NA,NA,NA,NA,NA,NA,NA
4273,Chris Carson,RB,NA,NA,NA,NA,NA,NA,NA,NA,NA,NA,NA,NA,NA,NA,NA
3462,Jared Dangerfield,WR,NA,NA,NA,NA,NA,NA,NA,NA,NA,NA,NA,NA,NA,NA,NA
7556,Marquez Stevenson,WR,NA,NA,NA,NA,NA,NA,NA,NA,NA,NA,NA,NA,NA,NA,NA
13042,Xavier Guillory,WR,BAL,NA,NA,NA,NA,NA,NA,NA,NA,NA,NA,NA,NA,NA,NA
11182,Ronald Awatt,RB,NA,NA,NA,NA,NA,NA,NA,NA,NA,NA,NA,NA,NA,NA,NA
6031,Alex Barnes,RB,NA,NA,NA,NA,NA,NA,NA,NA,NA,NA,NA,NA,NA,NA,NA
6701,Fred Trevillion,WR,NA,NA,NA,NA,NA,NA,NA,NA,NA,NA,NA,NA,NA,NA,NA
1943,Lacoltan Bester,WR,NA,NA,NA,NA,NA,NA,NA,NA,NA,NA,NA,NA,NA,NA,NA
14031,Kyron Hudson,WR,NA,NA,NA,NA,NA,NA,NA,NA,NA,NA,NA,NA,NA,NA,NA
5176,Davon Grayson,WR,NA,NA,NA,NA,NA,NA,NA,NA,NA,NA,NA,NA,NA,NA,NA
2923,Connor Neighbors,RB,NA,NA,NA,NA,NA,NA,NA,NA,NA,NA,NA,NA,NA,NA,NA
3045,Gannon Sinclair,TE,NA,NA,NA,NA,NA,NA,NA,NA,NA,NA,NA,NA,NA,NA,NA
4434,Brisly Estime,WR,NA,NA,NA,NA,NA,NA,NA,NA,NA,NA,NA,NA,NA,NA,NA
7436,Mason Kinsey,WR,NA,NA,NA,NA,NA,NA,NA,NA,NA,NA,NA,NA,NA,NA,NA
13334,C.J. Charleston,WR,NA,NA,NA,NA,NA,NA,NA,NA,NA,NA,NA,NA,NA,NA,NA
616,Jimmy Graham,TE,NA,NA,NA,NA,NA,NA,NA,NA,NA,NA,NA,NA,NA,NA,NA
12849,Traeshon Holden,WR,NA,NA,NA,NA,NA,NA,NA,NA,NA,NA,NA,NA,NA,NA,NA
5022,Dallas Goedert,TE,PHI,NA,NA,NA,NA,NA,NA,NA,NA,NA,NA,NA,NA,NA,NA
12460,Antwane Wells,WR,ATL,NA,NA,NA,NA,NA,NA,NA,NA,NA,NA,NA,NA,NA,NA
2945,Lee Ward,RB,NA,NA,NA,NA,NA,NA,NA,NA,NA,NA,NA,NA,NA,NA,NA
5917,Mecole Hardman,WR,NA,NA,NA,NA,NA,NA,NA,NA,NA,NA,NA,NA,NA,NA,NA
4725,Phazahn Odom,TE,NA,NA,NA,NA,NA,NA,NA,NA,NA,NA,NA,NA,NA,NA,NA
4985,Rashaad Penny,RB,NA,NA,NA,NA,NA,NA,NA,NA,NA,NA,NA,NA,NA,NA,NA
5271,Buddy Howell,RB,NA,NA,NA,NA,NA,NA,NA,NA,NA,NA,NA,NA,NA,NA,NA
4563,Taylor McNamara,TE,NA,NA,NA,NA,NA,NA,NA,NA,NA,NA,NA,NA,NA,NA,NA
4051,Chad Kelly,QB,NA,NA,NA,NA,NA,NA,NA,NA,NA,NA,NA,NA,NA,NA,NA
12880,Silas Bolden,WR,NA,NA,NA,NA,NA,NA,NA,NA,NA,NA,NA,NA,NA,NA,NA
13780,Terion Stewart,RB,NA,NA,NA,NA,NA,NA,NA,NA,NA,NA,NA,NA,NA,NA,NA
8428,Zander Horvath,RB,NA,NA,NA,NA,NA,NA,NA,NA,NA,NA,NA,NA,NA,NA,NA
4827,Germone Hopper,WR,NA,NA,NA,NA,NA,NA,NA,NA,NA,NA,NA,NA,NA,NA,NA
12118,Jacob Warren,TE,NA,NA,NA,NA,NA,NA,NA,NA,NA,NA,NA,NA,NA,NA,NA
12470,Riley Leonard,QB,IND,NA,NA,NA,NA,NA,NA,NA,NA,NA,NA,NA,NA,NA,NA
3516,Mitch Mathews,WR,NA,NA,NA,NA,NA,NA,NA,NA,NA,NA,NA,NA,NA,NA,NA
6920,Isaiah Hodgins,WR,PIT,NA,NA,NA,NA,NA,NA,NA,NA,NA,NA,NA,NA,NA,NA
4660,Sean Culkin,TE,NA,NA,NA,NA,NA,NA,NA,NA,NA,NA,NA,NA,NA,NA,NA
2651,Phillip Sims,QB,NA,NA,NA,NA,NA,NA,NA,NA,NA,NA,NA,NA,NA,NA,NA
12086,Cam Johnson,WR,NA,NA,NA,NA,NA,NA,NA,NA,NA,NA,NA,NA,NA,NA,NA
4416,Austin Carr,WR,NA,NA,NA,NA,NA,NA,NA,NA,NA,NA,NA,NA,NA,NA,NA
2756,Andrew Gleichert,TE,NA,NA,NA,NA,NA,NA,NA,NA,NA,NA,NA,NA,NA,NA,NA
6866,KJ Hill,WR,LAC,NA,NA,NA,NA,NA,NA,NA,NA,NA,NA,NA,NA,NA,NA
11885,Ramel Keyton,WR,NA,NA,NA,NA,NA,NA,NA,NA,NA,NA,NA,NA,NA,NA,NA
11848,Casey Bauman,QB,NA,NA,NA,NA,NA,NA,NA,NA,NA,NA,NA,NA,NA,NA,NA
13392,Jeff Caldwell,WR,KC,NA,NA,NA,NA,NA,NA,NA,NA,NA,NA,NA,NA,NA,NA
5756,Garrett Dickerson,TE,NA,NA,NA,NA,NA,NA,NA,NA,NA,NA,NA,NA,NA,NA,NA
490,Chase Daniel,QB,NA,NA,NA,NA,NA,NA,NA,NA,NA,NA,NA,NA,NA,NA,NA
12039,TD Ayo-Durojaiye,RB,NA,NA,NA,NA,NA,NA,NA,NA,NA,NA,NA,NA,NA,NA,NA
8220,Sincere McCormick,RB,SF,NA,NA,NA,NA,NA,NA,NA,NA,NA,NA,NA,NA,NA,NA
6385,Matt Colburn,RB,NA,NA,NA,NA,NA,NA,NA,NA,NA,NA,NA,NA,NA,NA,NA
8171,Kyle Philips,WR,NA,NA,NA,NA,NA,NA,NA,NA,NA,NA,NA,NA,NA,NA,NA
11859,John Rhys Plumlee,QB,NA,NA,NA,NA,NA,NA,NA,NA,NA,NA,NA,NA,NA,NA,NA
11565,J.J. McCarthy,QB,NYG,NA,NA,NA,NA,NA,NA,NA,NA,NA,NA,NA,NA,NA,NA
6362,Dredrick Snelson,WR,NA,NA,NA,NA,NA,NA,NA,NA,NA,NA,NA,NA,NA,NA,NA
2898,Cameron Clear,TE,NA,NA,NA,NA,NA,NA,NA,NA,NA,NA,NA,NA,NA,NA,NA
3148,Anthony Dable,WR,NA,NA,NA,NA,NA,NA,NA,NA,NA,NA,NA,NA,NA,NA,NA
11111,Sy Barnett,WR,NA,NA,NA,NA,NA,NA,NA,NA,NA,NA,NA,NA,NA,NA,NA
8232,Jaquarii Roberson,WR,NA,NA,NA,NA,NA,NA,NA,NA,NA,NA,NA,NA,NA,NA,NA
9223,Tiyon Evans,RB,NA,NA,NA,NA,NA,NA,NA,NA,NA,NA,NA,NA,NA,NA,NA
8227,Teagan Quitoriano,TE,ARI,NA,NA,NA,NA,NA,NA,NA,NA,NA,NA,NA,NA,NA,NA
5144,Malik Williams,RB,NA,NA,NA,NA,NA,NA,NA,NA,NA,NA,NA,NA,NA,NA,NA
6932,Charlie Taumoepeau,TE,NA,NA,NA,NA,NA,NA,NA,NA,NA,NA,NA,NA,NA,NA,NA
12787,Josh Williams,RB,TB,NA,NA,NA,NA,NA,NA,NA,NA,NA,NA,NA,NA,NA,NA
4704,Tyler Ferguson,QB,NA,NA,NA,NA,NA,NA,NA,NA,NA,NA,NA,NA,NA,NA,NA
14080,Barika Kpeenu,RB,NA,NA,NA,NA,NA,NA,NA,NA,NA,NA,NA,NA,NA,NA,NA
954,Cam Newton,QB,NA,NA,NA,NA,NA,NA,NA,NA,NA,NA,NA,NA,NA,NA,NA
6945,Antonio Gibson,RB,NA,NA,NA,NA,NA,NA,NA,NA,NA,NA,NA,NA,NA,NA,NA
6886,Chase Claypool,WR,NA,NA,NA,NA,NA,NA,NA,NA,NA,NA,NA,NA,NA,NA,NA
5903,Will Grier,QB,NA,NA,NA,NA,NA,NA,NA,NA,NA,NA,NA,NA,NA,NA,NA
3052,Kendrick Ings,WR,NA,NA,NA,NA,NA,NA,NA,NA,NA,NA,NA,NA,NA,NA,NA
8087,K.J. Costello,QB,NA,NA,NA,NA,NA,NA,NA,NA,NA,NA,NA,NA,NA,NA,NA
6227,Nick Easley,WR,NA,NA,NA,NA,NA,NA,NA,NA,NA,NA,NA,NA,NA,NA,NA
3164,Ezekiel Elliott,RB,NA,NA,NA,NA,NA,NA,NA,NA,NA,NA,NA,NA,NA,NA,NA
6524,Jamire Jordan,WR,NA,NA,NA,NA,NA,NA,NA,NA,NA,NA,NA,NA,NA,NA,NA
13670,Harrison Wallace,WR,ARI,NA,NA,NA,NA,NA,NA,NA,NA,NA,NA,NA,NA,NA,NA
11329,Josh Vann,WR,NA,NA,NA,NA,NA,NA,NA,NA,NA,NA,NA,NA,NA,NA,NA
8700,Savon Scarver,WR,NA,NA,NA,NA,NA,NA,NA,NA,NA,NA,NA,NA,NA,NA,NA
7897,Roland Rivers,QB,NA,NA,NA,NA,NA,NA,NA,NA,NA,NA,NA,NA,NA,NA,NA
5207,Marchie Murdock,WR,NA,NA,NA,NA,NA,NA,NA,NA,NA,NA,NA,NA,NA,NA,NA
13839,Chase Curtis,TE,NA,NA,NA,NA,NA,NA,NA,NA,NA,NA,NA,NA,NA,NA,NA
11605,Jaheim Bell,TE,NA,NA,NA,NA,NA,NA,NA,NA,NA,NA,NA,NA,NA,NA,NA
13674,Chris Hilton,WR,NA,NA,NA,NA,NA,NA,NA,NA,NA,NA,NA,NA,NA,NA,NA
12508,Jaxson Dart,QB,NYG,NA,NA,NA,NA,NA,NA,NA,NA,NA,NA,NA,NA,NA,NA
8164,Matt Corral,QB,NA,NA,NA,NA,NA,NA,NA,NA,NA,NA,NA,NA,NA,NA,NA
13356,Trebor Pena,WR,JAX,NA,NA,NA,NA,NA,NA,NA,NA,NA,NA,NA,NA,NA,NA
7584,Brennan Eagles,WR,NA,NA,NA,NA,NA,NA,NA,NA,NA,NA,NA,NA,NA,NA,NA
12215,Kevin Foelsch,TE,NA,NA,NA,NA,NA,NA,NA,NA,NA,NA,NA,NA,NA,NA,NA
13416,Roman Hemby,RB,LV,NA,NA,NA,NA,NA,NA,NA,NA,NA,NA,NA,NA,NA,NA
3976,Mitchell Trubisky,QB,TEN,NA,NA,NA,NA,NA,NA,NA,NA,NA,NA,NA,NA,NA,NA
2925,Darius Davis,WR,NA,NA,NA,NA,NA,NA,NA,NA,NA,NA,NA,NA,NA,NA,NA
5277,Deon Yelder,TE,NA,NA,NA,NA,NA,NA,NA,NA,NA,NA,NA,NA,NA,NA,NA
12254,Phillip Brooks,WR,NA,NA,NA,NA,NA,NA,NA,NA,NA,NA,NA,NA,NA,NA,NA
7336,James Gilbert,RB,NA,NA,NA,NA,NA,NA,NA,NA,NA,NA,NA,NA,NA,NA,NA
11648,Kedon Slovis,QB,GB,NA,NA,NA,NA,NA,NA,NA,NA,NA,NA,NA,NA,NA,NA
6964,Sean McKeon,TE,NA,NA,NA,NA,NA,NA,NA,NA,NA,NA,NA,NA,NA,NA,NA
2875,Tony Creecy,RB,NA,NA,NA,NA,NA,NA,NA,NA,NA,NA,NA,NA,NA,NA,NA
7210,Kendall Hinton,WR,NA,NA,NA,NA,NA,NA,NA,NA,NA,NA,NA,NA,NA,NA,NA
13309,Aaron Anderson,WR,NA,NA,NA,NA,NA,NA,NA,NA,NA,NA,NA,NA,NA,NA,NA
6548,Marcus Marshall,RB,NA,NA,NA,NA,NA,NA,NA,NA,NA,NA,NA,NA,NA,NA,NA
7616,Kai Locksley,WR,NA,NA,NA,NA,NA,NA,NA,NA,NA,NA,NA,NA,NA,NA,NA
7086,John Hightower,WR,NA,NA,NA,NA,NA,NA,NA,NA,NA,NA,NA,NA,NA,NA,NA
7045,Joshua Kelley,RB,NA,NA,NA,NA,NA,NA,NA,NA,NA,NA,NA,NA,NA,NA,NA
2465,Kenny Bell,WR,NA,NA,NA,NA,NA,NA,NA,NA,NA,NA,NA,NA,NA,NA,NA
11298,Ryan Jones,TE,NA,NA,NA,NA,NA,NA,NA,NA,NA,NA,NA,NA,NA,NA,NA
8142,Alec Pierce,WR,IND,NA,NA,NA,NA,NA,NA,NA,NA,NA,NA,NA,NA,NA,NA
13339,Davon Booth,RB,IND,NA,NA,NA,NA,NA,NA,NA,NA,NA,NA,NA,NA,NA,NA
6491,Adam Choice,RB,NA,NA,NA,NA,NA,NA,NA,NA,NA,NA,NA,NA,NA,NA,NA
6163,Alex Wesley,WR,NA,NA,NA,NA,NA,NA,NA,NA,NA,NA,NA,NA,NA,NA,NA
10211,Camerun Peoples,RB,NA,NA,NA,NA,NA,NA,NA,NA,NA,NA,NA,NA,NA,NA,NA
12165,Spencer Sanders,QB,NA,NA,NA,NA,NA,NA,NA,NA,NA,NA,NA,NA,NA,NA,NA
3908,Eric Wallace,TE,NA,NA,NA,NA,NA,NA,NA,NA,NA,NA,NA,NA,NA,NA,NA
6069,Stanley Morgan,WR,NA,NA,NA,NA,NA,NA,NA,NA,NA,NA,NA,NA,NA,NA,NA
5916,Darrell Henderson,RB,NA,NA,NA,NA,NA,NA,NA,NA,NA,NA,NA,NA,NA,NA,NA
13696,Ja'Mori Maclin,WR,BUF,NA,NA,NA,NA,NA,NA,NA,NA,NA,NA,NA,NA,NA,NA
7379,Rysen John,TE,NA,NA,NA,NA,NA,NA,NA,NA,NA,NA,NA,NA,NA,NA,NA
11496,Braydon Johnson,WR,NA,NA,NA,NA,NA,NA,NA,NA,NA,NA,NA,NA,NA,NA,NA
3454,Danny Anthrop,WR,NA,NA,NA,NA,NA,NA,NA,NA,NA,NA,NA,NA,NA,NA,NA
13353,Chris Brazzell,WR,CAR,NA,NA,NA,NA,NA,NA,NA,NA,NA,NA,NA,NA,NA,NA
12888,Dalen Cambre,WR,NYG,NA,NA,NA,NA,NA,NA,NA,NA,NA,NA,NA,NA,NA,NA
10217,Clayton Tune,QB,NA,NA,NA,NA,NA,NA,NA,NA,NA,NA,NA,NA,NA,NA,NA
12756,Stephen Gosnell,WR,BUF,NA,NA,NA,NA,NA,NA,NA,NA,NA,NA,NA,NA,NA,NA
695,Ted Ginn,WR,NA,NA,NA,NA,NA,NA,NA,NA,NA,NA,NA,NA,NA,NA,NA
8076,Michael Bandy,WR,DEN,NA,NA,NA,NA,NA,NA,NA,NA,NA,NA,NA,NA,NA,NA
5384,Jonah Trinnaman,WR,NA,NA,NA,NA,NA,NA,NA,NA,NA,NA,NA,NA,NA,NA,NA
1244,Josh Gordon,WR,NA,NA,NA,NA,NA,NA,NA,NA,NA,NA,NA,NA,NA,NA,NA
4929,Ahmad Fulwood,WR,NA,NA,NA,NA,NA,NA,NA,NA,NA,NA,NA,NA,NA,NA,NA
5140,Jaelon Acklin,WR,NA,NA,NA,NA,NA,NA,NA,NA,NA,NA,NA,NA,NA,NA,NA
12036,Ian Wheeler,RB,NA,NA,NA,NA,NA,NA,NA,NA,NA,NA,NA,NA,NA,NA,NA
6662,Parker Hesse,TE,NA,NA,NA,NA,NA,NA,NA,NA,NA,NA,NA,NA,NA,NA,NA
12144,Je'Quan Burton,WR,NA,NA,NA,NA,NA,NA,NA,NA,NA,NA,NA,NA,NA,NA,NA
13110,Zach Horton,TE,NA,NA,NA,NA,NA,NA,NA,NA,NA,NA,NA,NA,NA,NA,NA
4791,Darius Victor,RB,NA,NA,NA,NA,NA,NA,NA,NA,NA,NA,NA,NA,NA,NA,NA
5787,Bryce Bobo,WR,NA,NA,NA,NA,NA,NA,NA,NA,NA,NA,NA,NA,NA,NA,NA
1833,Damien Williams,RB,NA,NA,NA,NA,NA,NA,NA,NA,NA,NA,NA,NA,NA,NA,NA
12488,Kobe Hudson,WR,NA,NA,NA,NA,NA,NA,NA,NA,NA,NA,NA,NA,NA,NA,NA
8170,James Mitchell,TE,DAL,NA,NA,NA,NA,NA,NA,NA,NA,NA,NA,NA,NA,NA,NA
12370,Praise Olatoke,WR,NA,NA,NA,NA,NA,NA,NA,NA,NA,NA,NA,NA,NA,NA,NA
4068,Mike Williams,WR,NA,NA,NA,NA,NA,NA,NA,NA,NA,NA,NA,NA,NA,NA,NA
8152,Kennedy Brooks,RB,NA,NA,NA,NA,NA,NA,NA,NA,NA,NA,NA,NA,NA,NA,NA
8424,Kevin Marks,RB,NA,NA,NA,NA,NA,NA,NA,NA,NA,NA,NA,NA,NA,NA,NA
2921,Taylor Sloat,TE,NA,NA,NA,NA,NA,NA,NA,NA,NA,NA,NA,NA,NA,NA,NA
13217,Hunter Dekkers,QB,NA,NA,NA,NA,NA,NA,NA,NA,NA,NA,NA,NA,NA,NA,NA
1500,Jordan Reed,TE,NA,NA,NA,NA,NA,NA,NA,NA,NA,NA,NA,NA,NA,NA,NA
8778,Justin Rigg,TE,NA,NA,NA,NA,NA,NA,NA,NA,NA,NA,NA,NA,NA,NA,NA
2378,Tevin Coleman,RB,NA,NA,NA,NA,NA,NA,NA,NA,NA,NA,NA,NA,NA,NA,NA
4406,Wes Lunt,QB,NA,NA,NA,NA,NA,NA,NA,NA,NA,NA,NA,NA,NA,NA,NA
4599,Michael Rector,WR,NA,NA,NA,NA,NA,NA,NA,NA,NA,NA,NA,NA,NA,NA,NA
3397,Keith Marshall,RB,NA,NA,NA,NA,NA,NA,NA,NA,NA,NA,NA,NA,NA,NA,NA
7771,Jake Funk,RB,NA,NA,NA,NA,NA,NA,NA,NA,NA,NA,NA,NA,NA,NA,NA
2309,Amari Cooper,WR,NA,NA,NA,NA,NA,NA,NA,NA,NA,NA,NA,NA,NA,NA,NA
3447,Cayleb Jones,WR,NA,NA,NA,NA,NA,NA,NA,NA,NA,NA,NA,NA,NA,NA,NA
5134,Keith Kirkwood,WR,NA,NA,NA,NA,NA,NA,NA,NA,NA,NA,NA,NA,NA,NA,NA
12173,Jaxon Janke,WR,NA,NA,NA,NA,NA,NA,NA,NA,NA,NA,NA,NA,NA,NA,NA
5714,Tim Wilson,WR,NA,NA,NA,NA,NA,NA,NA,NA,NA,NA,NA,NA,NA,NA,NA
6460,Cole Herdman,TE,NA,NA,NA,NA,NA,NA,NA,NA,NA,NA,NA,NA,NA,NA,NA
8824,Samson Nacua,WR,NA,NA,NA,NA,NA,NA,NA,NA,NA,NA,NA,NA,NA,NA,NA
7591,Justin Fields,QB,KC,NA,NA,NA,NA,NA,NA,NA,NA,NA,NA,NA,NA,NA,NA
8240,BJ Baylor,RB,NA,NA,NA,NA,NA,NA,NA,NA,NA,NA,NA,NA,NA,NA,NA
2291,Dontrelle Inman,WR,NA,NA,NA,NA,NA,NA,NA,NA,NA,NA,NA,NA,NA,NA,NA
4455,Matt Breida,RB,NA,NA,NA,NA,NA,NA,NA,NA,NA,NA,NA,NA,NA,NA,NA
14056,Kyre Duplessis,WR,NA,NA,NA,NA,NA,NA,NA,NA,NA,NA,NA,NA,NA,NA,NA
11163,Tim DeMorat,QB,NA,NA,NA,NA,NA,NA,NA,NA,NA,NA,NA,NA,NA,NA,NA
11351,Thomas Greaney,TE,NA,NA,NA,NA,NA,NA,NA,NA,NA,NA,NA,NA,NA,NA,NA
4678,Tyrone Swoopes,TE,NA,NA,NA,NA,NA,NA,NA,NA,NA,NA,NA,NA,NA,NA,NA
6967,Aaron Fuller,WR,NA,NA,NA,NA,NA,NA,NA,NA,NA,NA,NA,NA,NA,NA,NA
11148,Tyler Hudson,WR,NA,NA,NA,NA,NA,NA,NA,NA,NA,NA,NA,NA,NA,NA,NA
4162,Ryan Switzer,WR,NA,NA,NA,NA,NA,NA,NA,NA,NA,NA,NA,NA,NA,NA,NA
3883,Romar Morris,RB,NA,NA,NA,NA,NA,NA,NA,NA,NA,NA,NA,NA,NA,NA,NA
11940,JaQuae Jackson,WR,NA,NA,NA,NA,NA,NA,NA,NA,NA,NA,NA,NA,NA,NA,NA
12721,Kaden Prather,WR,NA,NA,NA,NA,NA,NA,NA,NA,NA,NA,NA,NA,NA,NA,NA
4263,Elijah McGuire,RB,KC,NA,NA,NA,NA,NA,NA,NA,NA,NA,NA,NA,NA,NA,NA
7056,Darrell Stewart,WR,NA,NA,NA,NA,NA,NA,NA,NA,NA,NA,NA,NA,NA,NA,NA
11102,Charles McClelland,RB,NA,NA,NA,NA,NA,NA,NA,NA,NA,NA,NA,NA,NA,NA,NA
5937,Diontae Johnson,WR,NA,NA,NA,NA,NA,NA,NA,NA,NA,NA,NA,NA,NA,NA,NA
2487,Geremy Davis,WR,NA,NA,NA,NA,NA,NA,NA,NA,NA,NA,NA,NA,NA,NA,NA
4738,Colby Pearson,WR,NA,NA,NA,NA,NA,NA,NA,NA,NA,NA,NA,NA,NA,NA,NA
6699,Gunner Olszewski,WR,NYG,NA,NA,NA,NA,NA,NA,NA,NA,NA,NA,NA,NA,NA,NA
5859,A.J. Brown,WR,NE,NA,NA,NA,NA,NA,NA,NA,NA,NA,NA,NA,NA,NA,NA
3978,Jacob Huesman,QB,NA,NA,NA,NA,NA,NA,NA,NA,NA,NA,NA,NA,NA,NA,NA
7752,Kawaan Baker,WR,NA,NA,NA,NA,NA,NA,NA,NA,NA,NA,NA,NA,NA,NA,NA
8160,Kenny Pickett,QB,CAR,NA,NA,NA,NA,NA,NA,NA,NA,NA,NA,NA,NA,NA,NA
12906,Cam Camper,WR,NA,NA,NA,NA,NA,NA,NA,NA,NA,NA,NA,NA,NA,NA,NA
2373,Clive Walford,TE,NA,NA,NA,NA,NA,NA,NA,NA,NA,NA,NA,NA,NA,NA,NA
10224,Brayden Willis,TE,SF,NA,NA,NA,NA,NA,NA,NA,NA,NA,NA,NA,NA,NA,NA
3328,Rashard Higgins,WR,NA,NA,NA,NA,NA,NA,NA,NA,NA,NA,NA,NA,NA,NA,NA
5722,Darvin Kidsy,WR,NA,NA,NA,NA,NA,NA,NA,NA,NA,NA,NA,NA,NA,NA,NA
2935,Ricky Collins,WR,NA,NA,NA,NA,NA,NA,NA,NA,NA,NA,NA,NA,NA,NA,NA
8077,Otis Anderson,RB,NA,NA,NA,NA,NA,NA,NA,NA,NA,NA,NA,NA,NA,NA,NA
13417,De'Zhaun Stribling,WR,SF,NA,NA,NA,NA,NA,NA,NA,NA,NA,NA,NA,NA,NA,NA
7439,Tommy Hudson,TE,NA,NA,NA,NA,NA,NA,NA,NA,NA,NA,NA,NA,NA,NA,NA
7729,Dez Fitzpatrick,WR,NA,NA,NA,NA,NA,NA,NA,NA,NA,NA,NA,NA,NA,NA,NA
7946,Jack Stoll,TE,SF,NA,NA,NA,NA,NA,NA,NA,NA,NA,NA,NA,NA,NA,NA
7893,Dedrick Mills,RB,NA,NA,NA,NA,NA,NA,NA,NA,NA,NA,NA,NA,NA,NA,NA
6926,Brycen Hopkins,TE,NA,NA,NA,NA,NA,NA,NA,NA,NA,NA,NA,NA,NA,NA,NA
4171,Josh Reynolds,WR,NA,NA,NA,NA,NA,NA,NA,NA,NA,NA,NA,NA,NA,NA,NA
6710,Josh Caldwell,RB,NA,NA,NA,NA,NA,NA,NA,NA,NA,NA,NA,NA,NA,NA,NA
2673,Damiere Byrd,WR,NA,NA,NA,NA,NA,NA,NA,NA,NA,NA,NA,NA,NA,NA,NA
12095,Jjay Mcafee,TE,NA,NA,NA,NA,NA,NA,NA,NA,NA,NA,NA,NA,NA,NA,NA
12765,Keleki Latu,TE,BUF,NA,NA,NA,NA,NA,NA,NA,NA,NA,NA,NA,NA,NA,NA
12245,Jelani Baker,WR,NA,NA,NA,NA,NA,NA,NA,NA,NA,NA,NA,NA,NA,NA,NA
6906,Antonio Gandy-Golden,TE,NA,NA,NA,NA,NA,NA,NA,NA,NA,NA,NA,NA,NA,NA,NA
5976,Karan Higdon,RB,NA,NA,NA,NA,NA,NA,NA,NA,NA,NA,NA,NA,NA,NA,NA
7191,Jaylon Moore,WR,NA,NA,NA,NA,NA,NA,NA,NA,NA,NA,NA,NA,NA,NA,NA
6996,JaMycal Hasty,RB,NA,NA,NA,NA,NA,NA,NA,NA,NA,NA,NA,NA,NA,NA,NA
3312,Jonathan Williams,RB,NA,NA,NA,NA,NA,NA,NA,NA,NA,NA,NA,NA,NA,NA,NA
8189,Trestan Ebner,RB,NA,NA,NA,NA,NA,NA,NA,NA,NA,NA,NA,NA,NA,NA,NA
13116,Tre Watson,TE,MIA,NA,NA,NA,NA,NA,NA,NA,NA,NA,NA,NA,NA,NA,NA
5167,Dalton Sturm,QB,NA,NA,NA,NA,NA,NA,NA,NA,NA,NA,NA,NA,NA,NA,NA
2397,Jeff Heuerman,TE,NA,NA,NA,NA,NA,NA,NA,NA,NA,NA,NA,NA,NA,NA,NA
5431,Shay Fields,WR,NA,NA,NA,NA,NA,NA,NA,NA,NA,NA,NA,NA,NA,NA,NA
8248,Kalil Pimpleton,WR,NA,NA,NA,NA,NA,NA,NA,NA,NA,NA,NA,NA,NA,NA,NA
4285,Robert Davis,WR,NA,NA,NA,NA,NA,NA,NA,NA,NA,NA,NA,NA,NA,NA,NA
10226,Andrei Iosivas,WR,CIN,NA,NA,NA,NA,NA,NA,NA,NA,NA,NA,NA,NA,NA,NA
12019,Devin Carter,WR,NA,NA,NA,NA,NA,NA,NA,NA,NA,NA,NA,NA,NA,NA,NA
13321,Dan Villari,TE,LAR,NA,NA,NA,NA,NA,NA,NA,NA,NA,NA,NA,NA,NA,NA
2750,DeAndre Carter,WR,NA,NA,NA,NA,NA,NA,NA,NA,NA,NA,NA,NA,NA,NA,NA
5257,Tim Boyle,QB,NA,NA,NA,NA,NA,NA,NA,NA,NA,NA,NA,NA,NA,NA,NA
5211,Jake Wieneke,WR,NA,NA,NA,NA,NA,NA,NA,NA,NA,NA,NA,NA,NA,NA,NA
12656,Robbie Ouzts,RB,SEA,NA,NA,NA,NA,NA,NA,NA,NA,NA,NA,NA,NA,NA,NA
7734,Bruno Labelle,TE,NA,NA,NA,NA,NA,NA,NA,NA,NA,NA,NA,NA,NA,NA,NA
11652,Louis Rees-Zammit,RB,NA,NA,NA,NA,NA,NA,NA,NA,NA,NA,NA,NA,NA,NA,NA
3599,Dez Stewart,WR,NA,NA,NA,NA,NA,NA,NA,NA,NA,NA,NA,NA,NA,NA,NA
6694,D'Ernest Johnson,RB,NA,NA,NA,NA,NA,NA,NA,NA,NA,NA,NA,NA,NA,NA,NA
8143,Jerome Ford,RB,NA,NA,NA,NA,NA,NA,NA,NA,NA,NA,NA,NA,NA,NA,NA
7426,Seth Dawkins,WR,NA,NA,NA,NA,NA,NA,NA,NA,NA,NA,NA,NA,NA,NA,NA
2262,Trey Millard,RB,NA,NA,NA,NA,NA,NA,NA,NA,NA,NA,NA,NA,NA,NA,NA
11387,Sean Ryan,WR,NA,NA,NA,NA,NA,NA,NA,NA,NA,NA,NA,NA,NA,NA,NA
6885,Ke'Shawn Vaughn,RB,NA,NA,NA,NA,NA,NA,NA,NA,NA,NA,NA,NA,NA,NA,NA
2495,Nick O'Leary,TE,NA,NA,NA,NA,NA,NA,NA,NA,NA,NA,NA,NA,NA,NA,NA
4829,Daniel Williams,WR,NA,NA,NA,NA,NA,NA,NA,NA,NA,NA,NA,NA,NA,NA,NA
4926,Nick Schuessler,QB,PIT,NA,NA,NA,NA,NA,NA,NA,NA,NA,NA,NA,NA,NA,NA
3588,Michael Miller,TE,NA,NA,NA,NA,NA,NA,NA,NA,NA,NA,NA,NA,NA,NA,NA
1706,Jack Doyle,TE,IND,NA,NA,NA,NA,NA,NA,NA,NA,NA,NA,NA,NA,NA,NA
6984,Tony Jones,RB,NA,NA,NA,NA,NA,NA,NA,NA,NA,NA,NA,NA,NA,NA,NA
9220,Evan Hull,RB,ARI,NA,NA,NA,NA,NA,NA,NA,NA,NA,NA,NA,NA,NA,NA
2410,Jamison Crowder,WR,NA,NA,NA,NA,NA,NA,NA,NA,NA,NA,NA,NA,NA,NA,NA
4108,Carlos Henderson,WR,NA,NA,NA,NA,NA,NA,NA,NA,NA,NA,NA,NA,NA,NA,NA
6490,Mik'Quan Deane,TE,NA,NA,NA,NA,NA,NA,NA,NA,NA,NA,NA,NA,NA,NA,NA
13335,Cole Payton,QB,PHI,NA,NA,NA,NA,NA,NA,NA,NA,NA,NA,NA,NA,NA,NA
5108,Luke Falk,QB,NA,NA,NA,NA,NA,NA,NA,NA,NA,NA,NA,NA,NA,NA,NA
12909,Eli Pancol,WR,IND,NA,NA,NA,NA,NA,NA,NA,NA,NA,NA,NA,NA,NA,NA
11190,Keilahn Harris,WR,NA,NA,NA,NA,NA,NA,NA,NA,NA,NA,NA,NA,NA,NA,NA
13250,Nay'Quan Wright,RB,NA,NA,NA,NA,NA,NA,NA,NA,NA,NA,NA,NA,NA,NA,NA
4863,Josh Rosen,QB,NA,NA,NA,NA,NA,NA,NA,NA,NA,NA,NA,NA,NA,NA,NA
13835,Mekhi Mews,WR,NA,NA,NA,NA,NA,NA,NA,NA,NA,NA,NA,NA,NA,NA,NA
2846,Marquez Clark,WR,NA,NA,NA,NA,NA,NA,NA,NA,NA,NA,NA,NA,NA,NA,NA
12355,Treveyon Pratt,WR,NA,NA,NA,NA,NA,NA,NA,NA,NA,NA,NA,NA,NA,NA,NA
11276,Joseph Ngata,WR,NA,NA,NA,NA,NA,NA,NA,NA,NA,NA,NA,NA,NA,NA,NA
4351,Tim Patrick,WR,NYJ,NA,NA,NA,NA,NA,NA,NA,NA,NA,NA,NA,NA,NA,NA
5558,Marcus Martin,RB,NA,NA,NA,NA,NA,NA,NA,NA,NA,NA,NA,NA,NA,NA,NA
7703,Jacob Harris,WR,NA,NA,NA,NA,NA,NA,NA,NA,NA,NA,NA,NA,NA,NA,NA
3407,Beau Sandland,TE,NA,NA,NA,NA,NA,NA,NA,NA,NA,NA,NA,NA,NA,NA,NA
3170,Paxton Lynch,QB,NA,NA,NA,NA,NA,NA,NA,NA,NA,NA,NA,NA,NA,NA,NA
6697,Floyd Allen,WR,NA,NA,NA,NA,NA,NA,NA,NA,NA,NA,NA,NA,NA,NA,NA
13258,Phil Lutz,WR,NA,NA,NA,NA,NA,NA,NA,NA,NA,NA,NA,NA,NA,NA,NA
8861,Irv Charles,WR,SEA,NA,NA,NA,NA,NA,NA,NA,NA,NA,NA,NA,NA,NA,NA
7623,Darece Roberson,WR,NA,NA,NA,NA,NA,NA,NA,NA,NA,NA,NA,NA,NA,NA,NA
3695,J.P. Holtz,TE,NA,NA,NA,NA,NA,NA,NA,NA,NA,NA,NA,NA,NA,NA,NA
11964,Dayton Wade,WR,NA,NA,NA,NA,NA,NA,NA,NA,NA,NA,NA,NA,NA,NA,NA
4468,Antony Auclair,TE,NA,NA,NA,NA,NA,NA,NA,NA,NA,NA,NA,NA,NA,NA,NA
6421,Jalen Guyton,WR,NA,NA,NA,NA,NA,NA,NA,NA,NA,NA,NA,NA,NA,NA,NA
7465,Nick Tiano,QB,NA,NA,NA,NA,NA,NA,NA,NA,NA,NA,NA,NA,NA,NA,NA
11526,Malachi Carter,WR,NA,NA,NA,NA,NA,NA,NA,NA,NA,NA,NA,NA,NA,NA,NA
745,Marshawn Lynch,RB,NA,NA,NA,NA,NA,NA,NA,NA,NA,NA,NA,NA,NA,NA,NA
8253,Deven Thompkins,WR,LV,NA,NA,NA,NA,NA,NA,NA,NA,NA,NA,NA,NA,NA,NA
7378,Kyle Markway,TE,NA,NA,NA,NA,NA,NA,NA,NA,NA,NA,NA,NA,NA,NA,NA
3178,Josh Doctson,WR,NA,NA,NA,NA,NA,NA,NA,NA,NA,NA,NA,NA,NA,NA,NA
3445,Marcus Johnson,WR,NA,NA,NA,NA,NA,NA,NA,NA,NA,NA,NA,NA,NA,NA,NA
6909,Lynn Bowden,WR,NA,NA,NA,NA,NA,NA,NA,NA,NA,NA,NA,NA,NA,NA,NA
13119,Collin Schlee,QB,NA,NA,NA,NA,NA,NA,NA,NA,NA,NA,NA,NA,NA,NA,NA
7530,Frank Darby,WR,NA,NA,NA,NA,NA,NA,NA,NA,NA,NA,NA,NA,NA,NA,NA
4835,Darrius Sims,RB,NA,NA,NA,NA,NA,NA,NA,NA,NA,NA,NA,NA,NA,NA,NA
11511,John Stephens,TE,NA,NA,NA,NA,NA,NA,NA,NA,NA,NA,NA,NA,NA,NA,NA
11959,Bryce Oliver,WR,NA,NA,NA,NA,NA,NA,NA,NA,NA,NA,NA,NA,NA,NA,NA
5163,Ryan Nall,RB,NA,NA,NA,NA,NA,NA,NA,NA,NA,NA,NA,NA,NA,NA,NA
5929,Anthony Johnson,WR,NA,NA,NA,NA,NA,NA,NA,NA,NA,NA,NA,NA,NA,NA,NA
5772,Aaron Lacombe,WR,NA,NA,NA,NA,NA,NA,NA,NA,NA,NA,NA,NA,NA,NA,NA
13423,Eli Heidenreich,RB,PIT,NA,NA,NA,NA,NA,NA,NA,NA,NA,NA,NA,NA,NA,NA
13972,Brandon Frazier,TE,NA,NA,NA,NA,NA,NA,NA,NA,NA,NA,NA,NA,NA,NA,NA
11384,Owen Wright,RB,LV,NA,NA,NA,NA,NA,NA,NA,NA,NA,NA,NA,NA,NA,NA
1546,Kenjon Barner,RB,NA,NA,NA,NA,NA,NA,NA,NA,NA,NA,NA,NA,NA,NA,NA
5142,Kurt Benkert,QB,NA,NA,NA,NA,NA,NA,NA,NA,NA,NA,NA,NA,NA,NA,NA
8088,Kalif Jackson,TE,MIA,NA,NA,NA,NA,NA,NA,NA,NA,NA,NA,NA,NA,NA,NA
13190,Taylor Elgersma,QB,NA,NA,NA,NA,NA,NA,NA,NA,NA,NA,NA,NA,NA,NA,NA
12482,Savion Williams,WR,GB,NA,NA,NA,NA,NA,NA,NA,NA,NA,NA,NA,NA,NA,NA
7535,Hunter Long,TE,ARI,NA,NA,NA,NA,NA,NA,NA,NA,NA,NA,NA,NA,NA,NA
7867,Spencer Brown,RB,NA,NA,NA,NA,NA,NA,NA,NA,NA,NA,NA,NA,NA,NA,NA
8663,Jared Bernhardt,WR,NA,NA,NA,NA,NA,NA,NA,NA,NA,NA,NA,NA,NA,NA,NA
7960,T.J. Simmons,WR,NA,NA,NA,NA,NA,NA,NA,NA,NA,NA,NA,NA,NA,NA,NA
2820,Dominique Brown,RB,NA,NA,NA,NA,NA,NA,NA,NA,NA,NA,NA,NA,NA,NA,NA
6159,Mike Weber,RB,NA,NA,NA,NA,NA,NA,NA,NA,NA,NA,NA,NA,NA,NA,NA
5786,Marcus Peterson,WR,NA,NA,NA,NA,NA,NA,NA,NA,NA,NA,NA,NA,NA,NA,NA
232,Frank Gore,RB,NA,NA,NA,NA,NA,NA,NA,NA,NA,NA,NA,NA,NA,NA,NA
7001,Brian Herrien,RB,NA,NA,NA,NA,NA,NA,NA,NA,NA,NA,NA,NA,NA,NA,NA
8223,Velus Jones,WR,SEA,NA,NA,NA,NA,NA,NA,NA,NA,NA,NA,NA,NA,NA,NA
8157,Bailey Zappe,QB,NA,NA,NA,NA,NA,NA,NA,NA,NA,NA,NA,NA,NA,NA,NA
2161,Jerick McKinnon,RB,NA,NA,NA,NA,NA,NA,NA,NA,NA,NA,NA,NA,NA,NA,NA
12283,Dylan McDuffie,RB,NA,NA,NA,NA,NA,NA,NA,NA,NA,NA,NA,NA,NA,NA,NA
7107,Jason Huntley,RB,NA,NA,NA,NA,NA,NA,NA,NA,NA,NA,NA,NA,NA,NA,NA
2106,David Fales,QB,NA,NA,NA,NA,NA,NA,NA,NA,NA,NA,NA,NA,NA,NA,NA
1333,Russell Shepard,WR,NA,NA,NA,NA,NA,NA,NA,NA,NA,NA,NA,NA,NA,NA,NA
4519,Devine Redding,RB,NA,NA,NA,NA,NA,NA,NA,NA,NA,NA,NA,NA,NA,NA,NA
5294,Mikah Holder,WR,NA,NA,NA,NA,NA,NA,NA,NA,NA,NA,NA,NA,NA,NA,NA
3398,Kenny Lawler,WR,NA,NA,NA,NA,NA,NA,NA,NA,NA,NA,NA,NA,NA,NA,NA
7244,Ja'Marcus Bradley,WR,NA,NA,NA,NA,NA,NA,NA,NA,NA,NA,NA,NA,NA,NA,NA
963,Luke Stocker,TE,NA,NA,NA,NA,NA,NA,NA,NA,NA,NA,NA,NA,NA,NA,NA
4324,Trey Griffey,WR,NA,NA,NA,NA,NA,NA,NA,NA,NA,NA,NA,NA,NA,NA,NA
11172,Shae Wyatt,WR,NA,NA,NA,NA,NA,NA,NA,NA,NA,NA,NA,NA,NA,NA,NA
8107,Nikola Kalinic,TE,CHI,NA,NA,NA,NA,NA,NA,NA,NA,NA,NA,NA,NA,NA,NA
13261,Layne Pryor,TE,NA,NA,NA,NA,NA,NA,NA,NA,NA,NA,NA,NA,NA,NA,NA
13401,Michael Trigg,TE,DAL,NA,NA,NA,NA,NA,NA,NA,NA,NA,NA,NA,NA,NA,NA
3157,William Fuller,WR,NA,NA,NA,NA,NA,NA,NA,NA,NA,NA,NA,NA,NA,NA,NA
12523,Jimmy Horn,WR,CLE,NA,NA,NA,NA,NA,NA,NA,NA,NA,NA,NA,NA,NA,NA
5762,Josh Smith,WR,NA,NA,NA,NA,NA,NA,NA,NA,NA,NA,NA,NA,NA,NA,NA
8817,Nolan Givan,TE,NA,NA,NA,NA,NA,NA,NA,NA,NA,NA,NA,NA,NA,NA,NA
7149,Tommy Stevens,TE,NYG,NA,NA,NA,NA,NA,NA,NA,NA,NA,NA,NA,NA,NA,NA
11357,Tyler Adams,WR,NA,NA,NA,NA,NA,NA,NA,NA,NA,NA,NA,NA,NA,NA,NA
2674,Paul Browning,WR,NA,NA,NA,NA,NA,NA,NA,NA,NA,NA,NA,NA,NA,NA,NA
6959,LeVante Bellamy,RB,NA,NA,NA,NA,NA,NA,NA,NA,NA,NA,NA,NA,NA,NA,NA
7562,Tutu Atwell,WR,LAR,NA,NA,NA,NA,NA,NA,NA,NA,NA,NA,NA,NA,NA,NA
6664,A.J. Ouellette,RB,NA,NA,NA,NA,NA,NA,NA,NA,NA,NA,NA,NA,NA,NA,NA
8197,Peyton Hendershot,TE,NA,NA,NA,NA,NA,NA,NA,NA,NA,NA,NA,NA,NA,NA,NA
11081,Cephus Johnson,WR,NA,NA,NA,NA,NA,NA,NA,NA,NA,NA,NA,NA,NA,NA,NA
4153,Jordan Leggett,TE,NA,NA,NA,NA,NA,NA,NA,NA,NA,NA,NA,NA,NA,NA,NA
6361,Raphael Leonard,WR,NA,NA,NA,NA,NA,NA,NA,NA,NA,NA,NA,NA,NA,NA,NA
12224,David White,WR,NA,NA,NA,NA,NA,NA,NA,NA,NA,NA,NA,NA,NA,NA,NA
6185,Easton Stick,QB,TB,NA,NA,NA,NA,NA,NA,NA,NA,NA,NA,NA,NA,NA,NA
13415,Haynes King,QB,CAR,NA,NA,NA,NA,NA,NA,NA,NA,NA,NA,NA,NA,NA,NA
12198,Wayne Ruby,WR,NA,NA,NA,NA,NA,NA,NA,NA,NA,NA,NA,NA,NA,NA,NA
13074,Isaiah Neyor,WR,GB,NA,NA,NA,NA,NA,NA,NA,NA,NA,NA,NA,NA,NA,NA
4571,Blake Jarwin,TE,NA,NA,NA,NA,NA,NA,NA,NA,NA,NA,NA,NA,NA,NA,NA
8013,Tim Jones,WR,JAX,NA,NA,NA,NA,NA,NA,NA,NA,NA,NA,NA,NA,NA,NA
3321,Tyreek Hill,WR,NA,NA,NA,NA,NA,NA,NA,NA,NA,NA,NA,NA,NA,NA,NA
6363,Michael Walker,WR,NA,NA,NA,NA,NA,NA,NA,NA,NA,NA,NA,NA,NA,NA,NA
5110,Russell Gage,WR,NA,NA,NA,NA,NA,NA,NA,NA,NA,NA,NA,NA,NA,NA,NA
11214,Tanner Morgan,QB,NA,NA,NA,NA,NA,NA,NA,NA,NA,NA,NA,NA,NA,NA,NA
14061,Jeremiah Franklin,TE,NA,NA,NA,NA,NA,NA,NA,NA,NA,NA,NA,NA,NA,NA,NA
7316,Darius Bradwell,RB,NA,NA,NA,NA,NA,NA,NA,NA,NA,NA,NA,NA,NA,NA,NA
8206,Skylar Thompson,QB,BAL,NA,NA,NA,NA,NA,NA,NA,NA,NA,NA,NA,NA,NA,NA
4040,JuJu Smith-Schuster,WR,NA,NA,NA,NA,NA,NA,NA,NA,NA,NA,NA,NA,NA,NA,NA
6465,Thomas Ives,WR,CHI,NA,NA,NA,NA,NA,NA,NA,NA,NA,NA,NA,NA,NA,NA
11644,Cody Schrader,RB,DEN,NA,NA,NA,NA,NA,NA,NA,NA,NA,NA,NA,NA,NA,NA
5750,Garrett Hudson,TE,NA,NA,NA,NA,NA,NA,NA,NA,NA,NA,NA,NA,NA,NA,NA
2142,Rajion Neal,RB,NA,NA,NA,NA,NA,NA,NA,NA,NA,NA,NA,NA,NA,NA,NA
5637,Garrett Johnson,WR,NA,NA,NA,NA,NA,NA,NA,NA,NA,NA,NA,NA,NA,NA,NA
4545,Keith Towbridge,TE,NA,NA,NA,NA,NA,NA,NA,NA,NA,NA,NA,NA,NA,NA,NA
3476,Johnny Holton,WR,NA,NA,NA,NA,NA,NA,NA,NA,NA,NA,NA,NA,NA,NA,NA
5950,Nyqwan Murray,WR,NA,NA,NA,NA,NA,NA,NA,NA,NA,NA,NA,NA,NA,NA,NA
7065,Eli Wolf,TE,NA,NA,NA,NA,NA,NA,NA,NA,NA,NA,NA,NA,NA,NA,NA
11925,Terique Owens,WR,NA,NA,NA,NA,NA,NA,NA,NA,NA,NA,NA,NA,NA,NA,NA
12079,Treyton Welch,TE,NO,NA,NA,NA,NA,NA,NA,NA,NA,NA,NA,NA,NA,NA,NA
4322,Dalton Crossan,RB,NA,NA,NA,NA,NA,NA,NA,NA,NA,NA,NA,NA,NA,NA,NA
13619,Marcus Sanders,WR,NA,NA,NA,NA,NA,NA,NA,NA,NA,NA,NA,NA,NA,NA,NA
8252,Travell Harris,WR,NA,NA,NA,NA,NA,NA,NA,NA,NA,NA,NA,NA,NA,NA,NA
5938,Lil'Jordan Humphrey,WR,DEN,NA,NA,NA,NA,NA,NA,NA,NA,NA,NA,NA,NA,NA,NA
12959,Bryce Pierre,TE,NA,NA,NA,NA,NA,NA,NA,NA,NA,NA,NA,NA,NA,NA,NA
13909,Elijah Tau-Tolliver,RB,NA,NA,NA,NA,NA,NA,NA,NA,NA,NA,NA,NA,NA,NA,NA
7339,J.J. Koski,WR,NA,NA,NA,NA,NA,NA,NA,NA,NA,NA,NA,NA,NA,NA,NA
6389,Keenen Brown,TE,NA,NA,NA,NA,NA,NA,NA,NA,NA,NA,NA,NA,NA,NA,NA
11139,Elijah Cooks,WR,NA,NA,NA,NA,NA,NA,NA,NA,NA,NA,NA,NA,NA,NA,NA
8908,Brandon Lewis,WR,NA,NA,NA,NA,NA,NA,NA,NA,NA,NA,NA,NA,NA,NA,NA
3817,Marcus Tucker,WR,NA,NA,NA,NA,NA,NA,NA,NA,NA,NA,NA,NA,NA,NA,NA
1604,Nick Williams,WR,DEN,NA,NA,NA,NA,NA,NA,NA,NA,NA,NA,NA,NA,NA,NA
1855,Shaquelle Evans,WR,NA,NA,NA,NA,NA,NA,NA,NA,NA,NA,NA,NA,NA,NA,NA
8186,Devon Williams,WR,NA,NA,NA,NA,NA,NA,NA,NA,NA,NA,NA,NA,NA,NA,NA
7438,Kristian Wilkerson,WR,NA,NA,NA,NA,NA,NA,NA,NA,NA,NA,NA,NA,NA,NA,NA
7352,Matt Cole,WR,NA,NA,NA,NA,NA,NA,NA,NA,NA,NA,NA,NA,NA,NA,NA
5902,Penny Hart,WR,NA,NA,NA,NA,NA,NA,NA,NA,NA,NA,NA,NA,NA,NA,NA
7521,Chris Blair,WR,ATL,NA,NA,NA,NA,NA,NA,NA,NA,NA,NA,NA,NA,NA,NA
943,Kyle Rudolph,TE,NA,NA,NA,NA,NA,NA,NA,NA,NA,NA,NA,NA,NA,NA,NA
7286,Marvelle Ross,WR,NA,NA,NA,NA,NA,NA,NA,NA,NA,NA,NA,NA,NA,NA,NA
5209,Mike Boone,RB,NA,NA,NA,NA,NA,NA,NA,NA,NA,NA,NA,NA,NA,NA,NA
8543,Drew Estrada,WR,NA,NA,NA,NA,NA,NA,NA,NA,NA,NA,NA,NA,NA,NA,NA
6040,Tyree Jackson,TE,NA,NA,NA,NA,NA,NA,NA,NA,NA,NA,NA,NA,NA,NA,NA
8799,Zaire Mitchell-Paden,TE,HOU,NA,NA,NA,NA,NA,NA,NA,NA,NA,NA,NA,NA,NA,NA
13325,Jordan Hudson,WR,DAL,NA,NA,NA,NA,NA,NA,NA,NA,NA,NA,NA,NA,NA,NA
6371,Drew Anderson,QB,NA,NA,NA,NA,NA,NA,NA,NA,NA,NA,NA,NA,NA,NA,NA
8169,Tre Turner,WR,NA,NA,NA,NA,NA,NA,NA,NA,NA,NA,NA,NA,NA,NA,NA
3556,Christian Powell,RB,NA,NA,NA,NA,NA,NA,NA,NA,NA,NA,NA,NA,NA,NA,NA
5076,John Kelly,RB,NA,NA,NA,NA,NA,NA,NA,NA,NA,NA,NA,NA,NA,NA,NA
11270,Hassan Hall,RB,NA,NA,NA,NA,NA,NA,NA,NA,NA,NA,NA,NA,NA,NA,NA
10215,Jake Haener,QB,NYG,NA,NA,NA,NA,NA,NA,NA,NA,NA,NA,NA,NA,NA,NA
13053,Daniel Jackson,WR,NA,NA,NA,NA,NA,NA,NA,NA,NA,NA,NA,NA,NA,NA,NA
6153,Dexter Williams,RB,NA,NA,NA,NA,NA,NA,NA,NA,NA,NA,NA,NA,NA,NA,NA
7418,Broc Rutter,QB,NA,NA,NA,NA,NA,NA,NA,NA,NA,NA,NA,NA,NA,NA,NA
8656,Tyshaun James,WR,NA,NA,NA,NA,NA,NA,NA,NA,NA,NA,NA,NA,NA,NA,NA
5962,KeeSean Johnson,WR,NA,NA,NA,NA,NA,NA,NA,NA,NA,NA,NA,NA,NA,NA,NA
11504,Jose Barbon,WR,NA,NA,NA,NA,NA,NA,NA,NA,NA,NA,NA,NA,NA,NA,NA
12066,Elijah Collins,RB,NA,NA,NA,NA,NA,NA,NA,NA,NA,NA,NA,NA,NA,NA,NA
8179,Snoop Conner,RB,NA,NA,NA,NA,NA,NA,NA,NA,NA,NA,NA,NA,NA,NA,NA
6396,Austin Fort,TE,NA,NA,NA,NA,NA,NA,NA,NA,NA,NA,NA,NA,NA,NA,NA
12046,Chevan Cordeiro,QB,NA,NA,NA,NA,NA,NA,NA,NA,NA,NA,NA,NA,NA,NA,NA
5987,Alexander Mattison,RB,NA,NA,NA,NA,NA,NA,NA,NA,NA,NA,NA,NA,NA,NA,NA
2636,Jarred Haggins,WR,NA,NA,NA,NA,NA,NA,NA,NA,NA,NA,NA,NA,NA,NA,NA
12288,Mathieu Severance,RB,NA,NA,NA,NA,NA,NA,NA,NA,NA,NA,NA,NA,NA,NA,NA
12735,Caleb Lohner,TE,DEN,NA,NA,NA,NA,NA,NA,NA,NA,NA,NA,NA,NA,NA,NA
7083,Tyler Huntley,QB,BAL,NA,NA,NA,NA,NA,NA,NA,NA,NA,NA,NA,NA,NA,NA
1701,Eric Rogers,WR,NA,NA,NA,NA,NA,NA,NA,NA,NA,NA,NA,NA,NA,NA,NA
5260,Vyncint Smith,WR,NA,NA,NA,NA,NA,NA,NA,NA,NA,NA,NA,NA,NA,NA,NA
7228,Ahmad Wagner,WR,NA,NA,NA,NA,NA,NA,NA,NA,NA,NA,NA,NA,NA,NA,NA
13852,Dontae McMillan,RB,NA,NA,NA,NA,NA,NA,NA,NA,NA,NA,NA,NA,NA,NA,NA
11895,Mason Tipton,WR,NO,NA,NA,NA,NA,NA,NA,NA,NA,NA,NA,NA,NA,NA,NA
11301,Braxton Westfield,WR,NA,NA,NA,NA,NA,NA,NA,NA,NA,NA,NA,NA,NA,NA,NA
7021,Rico Dowdle,RB,PIT,NA,NA,NA,NA,NA,NA,NA,NA,NA,NA,NA,NA,NA,NA
6263,Trevor Wood,TE,NA,NA,NA,NA,NA,NA,NA,NA,NA,NA,NA,NA,NA,NA,NA
2635,Vernon Johnson,WR,NA,NA,NA,NA,NA,NA,NA,NA,NA,NA,NA,NA,NA,NA,NA
6988,Raymond Calais,RB,NA,NA,NA,NA,NA,NA,NA,NA,NA,NA,NA,NA,NA,NA,NA
6168,John Ursua,WR,NA,NA,NA,NA,NA,NA,NA,NA,NA,NA,NA,NA,NA,NA,NA
8798,Felix Harper,QB,NA,NA,NA,NA,NA,NA,NA,NA,NA,NA,NA,NA,NA,NA,NA
7235,Aleva Hifo,WR,NA,NA,NA,NA,NA,NA,NA,NA,NA,NA,NA,NA,NA,NA,NA
10869,Matt Landers,WR,NA,NA,NA,NA,NA,NA,NA,NA,NA,NA,NA,NA,NA,NA,NA
13603,Gregory Desrosiers,RB,LAC,NA,NA,NA,NA,NA,NA,NA,NA,NA,NA,NA,NA,NA,NA
5128,Logan Woodside,QB,NA,NA,NA,NA,NA,NA,NA,NA,NA,NA,NA,NA,NA,NA,NA
8226,Greg Bell,RB,NA,NA,NA,NA,NA,NA,NA,NA,NA,NA,NA,NA,NA,NA,NA
12884,Quincy Skinner,WR,GB,NA,NA,NA,NA,NA,NA,NA,NA,NA,NA,NA,NA,NA,NA
8408,Jordan Mason,RB,MIN,NA,NA,NA,NA,NA,NA,NA,NA,NA,NA,NA,NA,NA,NA
6870,Bryan Edwards,WR,NA,NA,NA,NA,NA,NA,NA,NA,NA,NA,NA,NA,NA,NA,NA
11367,Daewood Davis,WR,NA,NA,NA,NA,NA,NA,NA,NA,NA,NA,NA,NA,NA,NA,NA
5973,Josh Oliver,TE,MIN,NA,NA,NA,NA,NA,NA,NA,NA,NA,NA,NA,NA,NA,NA
4131,Kenny Golladay,WR,NA,NA,NA,NA,NA,NA,NA,NA,NA,NA,NA,NA,NA,NA,NA
6195,Damon Sheehy-Guiseppi,WR,NA,NA,NA,NA,NA,NA,NA,NA,NA,NA,NA,NA,NA,NA,NA
10221,Ronnie Bell,WR,NA,NA,NA,NA,NA,NA,NA,NA,NA,NA,NA,NA,NA,NA,NA
8694,Henry Litwin,WR,NA,NA,NA,NA,NA,NA,NA,NA,NA,NA,NA,NA,NA,NA,NA
12487,Terrance Ferguson,TE,LAR,NA,NA,NA,NA,NA,NA,NA,NA,NA,NA,NA,NA,NA,NA
8090,Daniel Crawford,TE,NA,NA,NA,NA,NA,NA,NA,NA,NA,NA,NA,NA,NA,NA,NA
6659,Craig Reynolds,RB,WAS,NA,NA,NA,NA,NA,NA,NA,NA,NA,NA,NA,NA,NA,NA
13582,Anthony Smith,WR,DAL,NA,NA,NA,NA,NA,NA,NA,NA,NA,NA,NA,NA,NA,NA
6317,Jacob Dolegala,QB,NA,NA,NA,NA,NA,NA,NA,NA,NA,NA,NA,NA,NA,NA,NA
13255,Shane Watts,RB,NA,NA,NA,NA,NA,NA,NA,NA,NA,NA,NA,NA,NA,NA,NA
7435,Cameron Scarlett,RB,NA,NA,NA,NA,NA,NA,NA,NA,NA,NA,NA,NA,NA,NA,NA
13292,Lake McRee,TE,PIT,NA,NA,NA,NA,NA,NA,NA,NA,NA,NA,NA,NA,NA,NA
8218,Max Borghi,RB,NA,NA,NA,NA,NA,NA,NA,NA,NA,NA,NA,NA,NA,NA,NA
7605,Kyle Trask,QB,NA,NA,NA,NA,NA,NA,NA,NA,NA,NA,NA,NA,NA,NA,NA
11638,Ricky Pearsall,WR,SF,NA,NA,NA,NA,NA,NA,NA,NA,NA,NA,NA,NA,NA,NA
1535,Cordarrelle Patterson,RB,NA,NA,NA,NA,NA,NA,NA,NA,NA,NA,NA,NA,NA,NA,NA
4988,Nick Chubb,RB,NA,NA,NA,NA,NA,NA,NA,NA,NA,NA,NA,NA,NA,NA,NA
3208,Kenneth Dixon,RB,NA,NA,NA,NA,NA,NA,NA,NA,NA,NA,NA,NA,NA,NA,NA
2342,Devin Smith,WR,NA,NA,NA,NA,NA,NA,NA,NA,NA,NA,NA,NA,NA,NA,NA
12940,Tre Stewart,RB,NA,NA,NA,NA,NA,NA,NA,NA,NA,NA,NA,NA,NA,NA,NA
7174,Juwan Green,WR,NA,NA,NA,NA,NA,NA,NA,NA,NA,NA,NA,NA,NA,NA,NA
7457,Michael Dereus,WR,NA,NA,NA,NA,NA,NA,NA,NA,NA,NA,NA,NA,NA,NA,NA
12761,Jordan Moore,WR,CIN,NA,NA,NA,NA,NA,NA,NA,NA,NA,NA,NA,NA,NA,NA
1502,Chris Thompson,RB,NA,NA,NA,NA,NA,NA,NA,NA,NA,NA,NA,NA,NA,NA,NA
2906,Bell Braylon,WR,NA,NA,NA,NA,NA,NA,NA,NA,NA,NA,NA,NA,NA,NA,NA
11267,Aron Cruickshank,WR,NA,NA,NA,NA,NA,NA,NA,NA,NA,NA,NA,NA,NA,NA,NA
5977,Terry Godwin,WR,NA,NA,NA,NA,NA,NA,NA,NA,NA,NA,NA,NA,NA,NA,NA
13673,Trent Battle,RB,NA,NA,NA,NA,NA,NA,NA,NA,NA,NA,NA,NA,NA,NA,NA
8068,C.J. Saunders,WR,NA,NA,NA,NA,NA,NA,NA,NA,NA,NA,NA,NA,NA,NA,NA
12700,Gavin Bartholomew,TE,MIN,NA,NA,NA,NA,NA,NA,NA,NA,NA,NA,NA,NA,NA,NA
12453,Ontaria Wilson,WR,NA,NA,NA,NA,NA,NA,NA,NA,NA,NA,NA,NA,NA,NA,NA
11960,Steven Stilianos,TE,NA,NA,NA,NA,NA,NA,NA,NA,NA,NA,NA,NA,NA,NA,NA
830,A.J. Green,WR,NA,NA,NA,NA,NA,NA,NA,NA,NA,NA,NA,NA,NA,NA,NA
2360,Maxx Williams,TE,NA,NA,NA,NA,NA,NA,NA,NA,NA,NA,NA,NA,NA,NA,NA
3593,Anthony Kelly,WR,NA,NA,NA,NA,NA,NA,NA,NA,NA,NA,NA,NA,NA,NA,NA
11189,Zay Malone,WR,NA,NA,NA,NA,NA,NA,NA,NA,NA,NA,NA,NA,NA,NA,NA
8751,Dylan Parham,TE,NA,NA,NA,NA,NA,NA,NA,NA,NA,NA,NA,NA,NA,NA,NA
8831,Ethan Fernea,WR,NA,NA,NA,NA,NA,NA,NA,NA,NA,NA,NA,NA,NA,NA,NA
13272,Carson Beck,QB,ARI,NA,NA,NA,NA,NA,NA,NA,NA,NA,NA,NA,NA,NA,NA
6392,Johnathan Lloyd,WR,NA,NA,NA,NA,NA,NA,NA,NA,NA,NA,NA,NA,NA,NA,NA
3846,Duke Williams,WR,NA,NA,NA,NA,NA,NA,NA,NA,NA,NA,NA,NA,NA,NA,NA
6237,Wilton Speight,QB,NA,NA,NA,NA,NA,NA,NA,NA,NA,NA,NA,NA,NA,NA,NA
6246,Jeremy Cox,RB,NA,NA,NA,NA,NA,NA,NA,NA,NA,NA,NA,NA,NA,NA,NA
14020,Dean Patterson,WR,TB,NA,NA,NA,NA,NA,NA,NA,NA,NA,NA,NA,NA,NA,NA
2462,J.J. Nelson,WR,NA,NA,NA,NA,NA,NA,NA,NA,NA,NA,NA,NA,NA,NA,NA
8613,Taysir Mack,WR,NA,NA,NA,NA,NA,NA,NA,NA,NA,NA,NA,NA,NA,NA,NA
8158,Carson Strong,QB,NA,NA,NA,NA,NA,NA,NA,NA,NA,NA,NA,NA,NA,NA,NA
2790,Nigel King,WR,NA,NA,NA,NA,NA,NA,NA,NA,NA,NA,NA,NA,NA,NA,NA
12946,Dontae Fleming,WR,NA,NA,NA,NA,NA,NA,NA,NA,NA,NA,NA,NA,NA,NA,NA
11521,Jadakis Bonds,WR,NA,NA,NA,NA,NA,NA,NA,NA,NA,NA,NA,NA,NA,NA,NA
12778,Jerjuan Newton,WR,NA,NA,NA,NA,NA,NA,NA,NA,NA,NA,NA,NA,NA,NA,NA
2580,Titus Davis,WR,NA,NA,NA,NA,NA,NA,NA,NA,NA,NA,NA,NA,NA,NA,NA
12690,Tommy Mellott,WR,NA,NA,NA,NA,NA,NA,NA,NA,NA,NA,NA,NA,NA,NA,NA
11529,Ed Lee,WR,NA,NA,NA,NA,NA,NA,NA,NA,NA,NA,NA,NA,NA,NA,NA
7279,DeMichael Harris,WR,NA,NA,NA,NA,NA,NA,NA,NA,NA,NA,NA,NA,NA,NA,NA
1612,Tyler Bray,QB,NA,NA,NA,NA,NA,NA,NA,NA,NA,NA,NA,NA,NA,NA,NA
7990,Garrett Groshek,RB,NA,NA,NA,NA,NA,NA,NA,NA,NA,NA,NA,NA,NA,NA,NA
6373,A.J. Richardson,WR,NA,NA,NA,NA,NA,NA,NA,NA,NA,NA,NA,NA,NA,NA,NA
6420,Jon'Vea Johnson,WR,NA,NA,NA,NA,NA,NA,NA,NA,NA,NA,NA,NA,NA,NA,NA
13344,Preston Fox,WR,NA,NA,NA,NA,NA,NA,NA,NA,NA,NA,NA,NA,NA,NA,NA
9999,Will Levis,QB,NYJ,NA,NA,NA,NA,NA,NA,NA,NA,NA,NA,NA,NA,NA,NA
642,Golden Tate,WR,NA,NA,NA,NA,NA,NA,NA,NA,NA,NA,NA,NA,NA,NA,NA
5223,Caleb Scott,WR,TEN,NA,NA,NA,NA,NA,NA,NA,NA,NA,NA,NA,NA,NA,NA
3505,Dom Williams,WR,NA,NA,NA,NA,NA,NA,NA,NA,NA,NA,NA,NA,NA,NA,NA
12897,Nate Carter,RB,KC,NA,NA,NA,NA,NA,NA,NA,NA,NA,NA,NA,NA,NA,NA
2703,Ezell Ruffin,WR,NA,NA,NA,NA,NA,NA,NA,NA,NA,NA,NA,NA,NA,NA,NA
2346,Devin Funchess,TE,NA,NA,NA,NA,NA,NA,NA,NA,NA,NA,NA,NA,NA,NA,NA
7599,Jermar Jefferson,RB,NA,NA,NA,NA,NA,NA,NA,NA,NA,NA,NA,NA,NA,NA,NA
5432,Cam Sims,WR,NA,NA,NA,NA,NA,NA,NA,NA,NA,NA,NA,NA,NA,NA,NA
3456,Joel Stave,QB,NA,NA,NA,NA,NA,NA,NA,NA,NA,NA,NA,NA,NA,NA,NA
5798,Darren Carrington,WR,NA,NA,NA,NA,NA,NA,NA,NA,NA,NA,NA,NA,NA,NA,NA
5777,Malachi Jones,WR,NA,NA,NA,NA,NA,NA,NA,NA,NA,NA,NA,NA,NA,NA,NA
8211,Tyrion Davis-Price,RB,NA,NA,NA,NA,NA,NA,NA,NA,NA,NA,NA,NA,NA,NA,NA
7607,Michael Carter,RB,TEN,NA,NA,NA,NA,NA,NA,NA,NA,NA,NA,NA,NA,NA,NA
7317,Jared Rice,TE,NA,NA,NA,NA,NA,NA,NA,NA,NA,NA,NA,NA,NA,NA,NA
12755,Kelly Akharaiyi,WR,NA,NA,NA,NA,NA,NA,NA,NA,NA,NA,NA,NA,NA,NA,NA
4456,K.D. Cannon,WR,NA,NA,NA,NA,NA,NA,NA,NA,NA,NA,NA,NA,NA,NA,NA
5347,Nyheim Miller-Hines,RB,NA,NA,NA,NA,NA,NA,NA,NA,NA,NA,NA,NA,NA,NA,NA
928,Randall Cobb,WR,NA,NA,NA,NA,NA,NA,NA,NA,NA,NA,NA,NA,NA,NA,NA
1678,Uzoma Nwachukwu,WR,NA,NA,NA,NA,NA,NA,NA,NA,NA,NA,NA,NA,NA,NA,NA
7063,Shea Patterson,QB,NA,NA,NA,NA,NA,NA,NA,NA,NA,NA,NA,NA,NA,NA,NA
5997,Jazz Ferguson,WR,NA,NA,NA,NA,NA,NA,NA,NA,NA,NA,NA,NA,NA,NA,NA
12191,Trent Pennix,TE,NA,NA,NA,NA,NA,NA,NA,NA,NA,NA,NA,NA,NA,NA,NA
7106,Lawrence Cager,TE,NA,NA,NA,NA,NA,NA,NA,NA,NA,NA,NA,NA,NA,NA,NA
13816,Mark Gronowski,QB,NA,NA,NA,NA,NA,NA,NA,NA,NA,NA,NA,NA,NA,NA,NA
8203,Jeremiah Hall,TE,NA,NA,NA,NA,NA,NA,NA,NA,NA,NA,NA,NA,NA,NA,NA
11961,Emory Jones,QB,NA,NA,NA,NA,NA,NA,NA,NA,NA,NA,NA,NA,NA,NA,NA
4696,Trey Edmunds,RB,NA,NA,NA,NA,NA,NA,NA,NA,NA,NA,NA,NA,NA,NA,NA
12068,Mason Pline,TE,NA,NA,NA,NA,NA,NA,NA,NA,NA,NA,NA,NA,NA,NA,NA
3640,Soma Vainuku,RB,NA,NA,NA,NA,NA,NA,NA,NA,NA,NA,NA,NA,NA,NA,NA
10862,Dorian Thompson-Robinson,QB,NA,NA,NA,NA,NA,NA,NA,NA,NA,NA,NA,NA,NA,NA,NA
13432,Khalil Dinkins,TE,SF,NA,NA,NA,NA,NA,NA,NA,NA,NA,NA,NA,NA,NA,NA
5608,Devonte Boyd,WR,NA,NA,NA,NA,NA,NA,NA,NA,NA,NA,NA,NA,NA,NA,NA
12277,John Matocha,QB,NA,NA,NA,NA,NA,NA,NA,NA,NA,NA,NA,NA,NA,NA,NA
4137,James Conner,RB,ARI,NA,NA,NA,NA,NA,NA,NA,NA,NA,NA,NA,NA,NA,NA
4892,Baker Mayfield,QB,TB,NA,NA,NA,NA,NA,NA,NA,NA,NA,NA,NA,NA,NA,NA
2787,David Porter,WR,NA,NA,NA,NA,NA,NA,NA,NA,NA,NA,NA,NA,NA,NA,NA
6107,Emmanuel Butler,WR,NA,NA,NA,NA,NA,NA,NA,NA,NA,NA,NA,NA,NA,NA,NA
6985,Dezmon Patmon,WR,NA,NA,NA,NA,NA,NA,NA,NA,NA,NA,NA,NA,NA,NA,NA
13647,Ben Patterson,WR,NA,NA,NA,NA,NA,NA,NA,NA,NA,NA,NA,NA,NA,NA,NA
2822,Adam Humphries,WR,NA,NA,NA,NA,NA,NA,NA,NA,NA,NA,NA,NA,NA,NA,NA
6352,Matt Colburn,RB,NA,NA,NA,NA,NA,NA,NA,NA,NA,NA,NA,NA,NA,NA,NA
13667,Marcus Burke,WR,NA,NA,NA,NA,NA,NA,NA,NA,NA,NA,NA,NA,NA,NA,NA
827,Tyrod Taylor,QB,GB,NA,NA,NA,NA,NA,NA,NA,NA,NA,NA,NA,NA,NA,NA
8198,Charleston Rambo,WR,NA,NA,NA,NA,NA,NA,NA,NA,NA,NA,NA,NA,NA,NA,NA
4420,Cody Hollister,WR,NA,NA,NA,NA,NA,NA,NA,NA,NA,NA,NA,NA,NA,NA,NA
12941,Bryson Nesbit,TE,NA,NA,NA,NA,NA,NA,NA,NA,NA,NA,NA,NA,NA,NA,NA
12408,Michael Hiers,QB,NA,NA,NA,NA,NA,NA,NA,NA,NA,NA,NA,NA,NA,NA,NA
4042,Joe Williams,RB,NA,NA,NA,NA,NA,NA,NA,NA,NA,NA,NA,NA,NA,NA,NA
6492,Terry Wright,WR,NA,NA,NA,NA,NA,NA,NA,NA,NA,NA,NA,NA,NA,NA,NA
8820,Troy Hairston,RB,NA,NA,NA,NA,NA,NA,NA,NA,NA,NA,NA,NA,NA,NA,NA
7272,Dylan Stapleton,TE,NA,NA,NA,NA,NA,NA,NA,NA,NA,NA,NA,NA,NA,NA,NA
3555,Canaan Severin,WR,NA,NA,NA,NA,NA,NA,NA,NA,NA,NA,NA,NA,NA,NA,NA
10983,Sean Clifford,QB,CIN,NA,NA,NA,NA,NA,NA,NA,NA,NA,NA,NA,NA,NA,NA
12963,Kayron Lynch-Adams,RB,NA,NA,NA,NA,NA,NA,NA,NA,NA,NA,NA,NA,NA,NA,NA
13202,Dalevon Campbell,WR,NA,NA,NA,NA,NA,NA,NA,NA,NA,NA,NA,NA,NA,NA,NA
4219,Jeremy McNichols,RB,WAS,NA,NA,NA,NA,NA,NA,NA,NA,NA,NA,NA,NA,NA,NA
167,Tom Brady,QB,NA,NA,NA,NA,NA,NA,NA,NA,NA,NA,NA,NA,NA,NA,NA
13430,RJ Maryland,TE,NA,NA,NA,NA,NA,NA,NA,NA,NA,NA,NA,NA,NA,NA,NA
11618,Jalen McMillan,WR,TB,NA,NA,NA,NA,NA,NA,NA,NA,NA,NA,NA,NA,NA,NA
13349,Eli Stowers,TE,PHI,NA,NA,NA,NA,NA,NA,NA,NA,NA,NA,NA,NA,NA,NA
7860,Osirus Mitchell,WR,NA,NA,NA,NA,NA,NA,NA,NA,NA,NA,NA,NA,NA,NA,NA
10870,Deneric Prince,RB,NA,NA,NA,NA,NA,NA,NA,NA,NA,NA,NA,NA,NA,NA,NA
13428,Joey Aguilar,QB,JAX,NA,NA,NA,NA,NA,NA,NA,NA,NA,NA,NA,NA,NA,NA
13632,Devonte Ross,WR,NA,NA,NA,NA,NA,NA,NA,NA,NA,NA,NA,NA,NA,NA,NA
13199,Montorie Foster,WR,SEA,NA,NA,NA,NA,NA,NA,NA,NA,NA,NA,NA,NA,NA,NA
8650,Lujuan Winningham,WR,NA,NA,NA,NA,NA,NA,NA,NA,NA,NA,NA,NA,NA,NA,NA
200,Vernon Davis,TE,NA,NA,NA,NA,NA,NA,NA,NA,NA,NA,NA,NA,NA,NA,NA
2949,Synjyn Days,RB,NA,NA,NA,NA,NA,NA,NA,NA,NA,NA,NA,NA,NA,NA,NA
1346,Marquise Goodwin,WR,NA,NA,NA,NA,NA,NA,NA,NA,NA,NA,NA,NA,NA,NA,NA
5253,Jordan Franks,TE,NA,NA,NA,NA,NA,NA,NA,NA,NA,NA,NA,NA,NA,NA,NA
7854,Miller Forristall,TE,NA,NA,NA,NA,NA,NA,NA,NA,NA,NA,NA,NA,NA,NA,NA
7425,Patrick Carr,RB,NA,NA,NA,NA,NA,NA,NA,NA,NA,NA,NA,NA,NA,NA,NA
11495,Bryan Thompson,WR,NA,NA,NA,NA,NA,NA,NA,NA,NA,NA,NA,NA,NA,NA,NA
14063,Liam Clifford,WR,NA,NA,NA,NA,NA,NA,NA,NA,NA,NA,NA,NA,NA,NA,NA
6247,Jason Moore,WR,NA,NA,NA,NA,NA,NA,NA,NA,NA,NA,NA,NA,NA,NA,NA
7624,Carson Williams,TE,NA,NA,NA,NA,NA,NA,NA,NA,NA,NA,NA,NA,NA,NA,NA
6469,Davis Koppenhaver,TE,NA,NA,NA,NA,NA,NA,NA,NA,NA,NA,NA,NA,NA,NA,NA
4994,Kalen Ballage,RB,NA,NA,NA,NA,NA,NA,NA,NA,NA,NA,NA,NA,NA,NA,NA
7539,Gerrid Doaks,RB,NA,NA,NA,NA,NA,NA,NA,NA,NA,NA,NA,NA,NA,NA,NA
5539,Derrick Willies,WR,NA,NA,NA,NA,NA,NA,NA,NA,NA,NA,NA,NA,NA,NA,NA
5775,Jared Murphy,WR,NA,NA,NA,NA,NA,NA,NA,NA,NA,NA,NA,NA,NA,NA,NA
11957,Sam Schnee,WR,NA,NA,NA,NA,NA,NA,NA,NA,NA,NA,NA,NA,NA,NA,NA
8523,Nick Muse,TE,ATL,NA,NA,NA,NA,NA,NA,NA,NA,NA,NA,NA,NA,NA,NA
2399,Ty Montgomery,RB,NA,NA,NA,NA,NA,NA,NA,NA,NA,NA,NA,NA,NA,NA,NA
6448,Darrin Hall,RB,NA,NA,NA,NA,NA,NA,NA,NA,NA,NA,NA,NA,NA,NA,NA
7078,Tony Brown,WR,NA,NA,NA,NA,NA,NA,NA,NA,NA,NA,NA,NA,NA,NA,NA
13088,Quali Conley,RB,NA,NA,NA,NA,NA,NA,NA,NA,NA,NA,NA,NA,NA,NA,NA
4443,Pharaoh Brown,TE,IND,NA,NA,NA,NA,NA,NA,NA,NA,NA,NA,NA,NA,NA,NA
2785,Gus Johnson,RB,NA,NA,NA,NA,NA,NA,NA,NA,NA,NA,NA,NA,NA,NA,NA
11524,Izaiah Gathings,TE,NA,NA,NA,NA,NA,NA,NA,NA,NA,NA,NA,NA,NA,NA,NA
12259,Taulia Tagovailoa,QB,NA,NA,NA,NA,NA,NA,NA,NA,NA,NA,NA,NA,NA,NA,NA
6386,Alex Bachman,WR,LAR,NA,NA,NA,NA,NA,NA,NA,NA,NA,NA,NA,NA,NA,NA
4111,D'Onta Foreman,RB,NA,NA,NA,NA,NA,NA,NA,NA,NA,NA,NA,NA,NA,NA,NA
12868,Montrell Johnson,RB,NA,NA,NA,NA,NA,NA,NA,NA,NA,NA,NA,NA,NA,NA,NA
13744,Cameron Ross,WR,NA,NA,NA,NA,NA,NA,NA,NA,NA,NA,NA,NA,NA,NA,NA
8638,Grayson Gunter,TE,NA,NA,NA,NA,NA,NA,NA,NA,NA,NA,NA,NA,NA,NA,NA
13189,Luke Floriea,WR,NA,NA,NA,NA,NA,NA,NA,NA,NA,NA,NA,NA,NA,NA,NA
3433,Alex Erickson,WR,NA,NA,NA,NA,NA,NA,NA,NA,NA,NA,NA,NA,NA,NA,NA
6629,Brian Burt,WR,NA,NA,NA,NA,NA,NA,NA,NA,NA,NA,NA,NA,NA,NA,NA
12246,Mike Rigerman,TE,NA,NA,NA,NA,NA,NA,NA,NA,NA,NA,NA,NA,NA,NA,NA
6712,Marcus Simms,WR,NA,NA,NA,NA,NA,NA,NA,NA,NA,NA,NA,NA,NA,NA,NA
7359,Nakia Griffin-Stewart,TE,NA,NA,NA,NA,NA,NA,NA,NA,NA,NA,NA,NA,NA,NA,NA
8628,Jontre Kirklin,WR,NA,NA,NA,NA,NA,NA,NA,NA,NA,NA,NA,NA,NA,NA,NA
13964,Myles Montgomery,RB,NE,NA,NA,NA,NA,NA,NA,NA,NA,NA,NA,NA,NA,NA,NA
11633,Jamari Thrash,WR,NA,NA,NA,NA,NA,NA,NA,NA,NA,NA,NA,NA,NA,NA,NA
6661,Joseph Parker,WR,NA,NA,NA,NA,NA,NA,NA,NA,NA,NA,NA,NA,NA,NA,NA
12546,Marcus Yarns,RB,NA,NA,NA,NA,NA,NA,NA,NA,NA,NA,NA,NA,NA,NA,NA
8921,Maurice Alexander,WR,NA,NA,NA,NA,NA,NA,NA,NA,NA,NA,NA,NA,NA,NA,NA
5609,Stephen Baggett,TE,NA,NA,NA,NA,NA,NA,NA,NA,NA,NA,NA,NA,NA,NA,NA
812,Lee Smith,TE,ATL,NA,NA,NA,NA,NA,NA,NA,NA,NA,NA,NA,NA,NA,NA
12792,Garrett Greene,QB,TB,NA,NA,NA,NA,NA,NA,NA,NA,NA,NA,NA,NA,NA,NA
8699,Cyrus Holder,WR,NA,NA,NA,NA,NA,NA,NA,NA,NA,NA,NA,NA,NA,NA,NA
6506,Trayone Gray,RB,NA,NA,NA,NA,NA,NA,NA,NA,NA,NA,NA,NA,NA,NA,NA
8660,Leroy Watson,TE,NA,NA,NA,NA,NA,NA,NA,NA,NA,NA,NA,NA,NA,NA,NA
11567,Jordan Travis,QB,NA,NA,NA,NA,NA,NA,NA,NA,NA,NA,NA,NA,NA,NA,NA
12149,Gavin Hardison,QB,NA,NA,NA,NA,NA,NA,NA,NA,NA,NA,NA,NA,NA,NA,NA
1555,Kenny Stills,WR,NA,NA,NA,NA,NA,NA,NA,NA,NA,NA,NA,NA,NA,NA,NA
4669,Andre Patton,WR,NA,NA,NA,NA,NA,NA,NA,NA,NA,NA,NA,NA,NA,NA,NA
11262,Damien Caffrey,TE,NA,NA,NA,NA,NA,NA,NA,NA,NA,NA,NA,NA,NA,NA,NA
5781,Malik Turner,WR,SF,NA,NA,NA,NA,NA,NA,NA,NA,NA,NA,NA,NA,NA,NA
5884,Kelvin Harmon,WR,NA,NA,NA,NA,NA,NA,NA,NA,NA,NA,NA,NA,NA,NA,NA
13041,Jahmal Banks,WR,NA,NA,NA,NA,NA,NA,NA,NA,NA,NA,NA,NA,NA,NA,NA
3774,Jason Vander Laan,TE,NA,NA,NA,NA,NA,NA,NA,NA,NA,NA,NA,NA,NA,NA,NA
6849,Denzel Mims,WR,NA,NA,NA,NA,NA,NA,NA,NA,NA,NA,NA,NA,NA,NA,NA
7483,Farrod Green,TE,NA,NA,NA,NA,NA,NA,NA,NA,NA,NA,NA,NA,NA,NA,NA
1211,Rhett Ellison,TE,NA,NA,NA,NA,NA,NA,NA,NA,NA,NA,NA,NA,NA,NA,NA
2452,Jay Ajayi,RB,NA,NA,NA,NA,NA,NA,NA,NA,NA,NA,NA,NA,NA,NA,NA
4794,Tommy Armstrong Jr.,QB,NA,NA,NA,NA,NA,NA,NA,NA,NA,NA,NA,NA,NA,NA,NA
11382,Dontay Demus,WR,NA,NA,NA,NA,NA,NA,NA,NA,NA,NA,NA,NA,NA,NA,NA
8095,Graham Adomitis,TE,NA,NA,NA,NA,NA,NA,NA,NA,NA,NA,NA,NA,NA,NA,NA
11897,Jermaine Jackson,WR,NA,NA,NA,NA,NA,NA,NA,NA,NA,NA,NA,NA,NA,NA,NA
12410,John Jackson,WR,NA,NA,NA,NA,NA,NA,NA,NA,NA,NA,NA,NA,NA,NA,NA
13802,Jacob Clark,QB,NA,NA,NA,NA,NA,NA,NA,NA,NA,NA,NA,NA,NA,NA,NA
13422,Jaren Kanak,TE,TEN,NA,NA,NA,NA,NA,NA,NA,NA,NA,NA,NA,NA,NA,NA
7746,Austin Trammell,WR,JAX,NA,NA,NA,NA,NA,NA,NA,NA,NA,NA,NA,NA,NA,NA
8125,Calvin Austin,WR,NYG,NA,NA,NA,NA,NA,NA,NA,NA,NA,NA,NA,NA,NA,NA
5293,Jordan Veasy,WR,NA,NA,NA,NA,NA,NA,NA,NA,NA,NA,NA,NA,NA,NA,NA
13657,Alex Bullock,WR,NA,NA,NA,NA,NA,NA,NA,NA,NA,NA,NA,NA,NA,NA,NA
8177,Grant Calcaterra,TE,PHI,NA,NA,NA,NA,NA,NA,NA,NA,NA,NA,NA,NA,NA,NA
13658,Brady Boyd,WR,NA,NA,NA,NA,NA,NA,NA,NA,NA,NA,NA,NA,NA,NA,NA
5403,Peter Pujals,QB,NA,NA,NA,NA,NA,NA,NA,NA,NA,NA,NA,NA,NA,NA,NA
4593,Brandon Barnes,TE,NA,NA,NA,NA,NA,NA,NA,NA,NA,NA,NA,NA,NA,NA,NA
12235,Marcus Riley,WR,NA,NA,NA,NA,NA,NA,NA,NA,NA,NA,NA,NA,NA,NA,NA
5462,Christopher Ezeala,RB,NA,NA,NA,NA,NA,NA,NA,NA,NA,NA,NA,NA,NA,NA,NA
8174,Kevin Harris,RB,NA,NA,NA,NA,NA,NA,NA,NA,NA,NA,NA,NA,NA,NA,NA
3514,Jake McGee,TE,NA,NA,NA,NA,NA,NA,NA,NA,NA,NA,NA,NA,NA,NA,NA
956,Mark Ingram,RB,NA,NA,NA,NA,NA,NA,NA,NA,NA,NA,NA,NA,NA,NA,NA
11344,Keytaon Thompson,WR,NA,NA,NA,NA,NA,NA,NA,NA,NA,NA,NA,NA,NA,NA,NA
6171,Cody Thompson,WR,NA,NA,NA,NA,NA,NA,NA,NA,NA,NA,NA,NA,NA,NA,NA
12524,Shedeur Sanders,QB,CLE,NA,NA,NA,NA,NA,NA,NA,NA,NA,NA,NA,NA,NA,NA
4551,Tanner Gentry,WR,NA,NA,NA,NA,NA,NA,NA,NA,NA,NA,NA,NA,NA,NA,NA
2315,Todd Gurley,RB,NA,NA,NA,NA,NA,NA,NA,NA,NA,NA,NA,NA,NA,NA,NA
7609,Demetric Felton,RB,NA,NA,NA,NA,NA,NA,NA,NA,NA,NA,NA,NA,NA,NA,NA
3286,Demarcus Robinson,WR,SF,NA,NA,NA,NA,NA,NA,NA,NA,NA,NA,NA,NA,NA,NA
8938,Nathan Rourke,QB,NA,NA,NA,NA,NA,NA,NA,NA,NA,NA,NA,NA,NA,NA,NA
10867,Jake Bobo,WR,SEA,NA,NA,NA,NA,NA,NA,NA,NA,NA,NA,NA,NA,NA,NA
13749,Kole Wilson,WR,NA,NA,NA,NA,NA,NA,NA,NA,NA,NA,NA,NA,NA,NA,NA
7143,Ben DiNucci,QB,NA,NA,NA,NA,NA,NA,NA,NA,NA,NA,NA,NA,NA,NA,NA
13173,Jimmy Holiday,WR,KC,NA,NA,NA,NA,NA,NA,NA,NA,NA,NA,NA,NA,NA,NA
3816,Brandon Brown-Dukes,RB,NA,NA,NA,NA,NA,NA,NA,NA,NA,NA,NA,NA,NA,NA,NA
5878,N'Keal Harry,TE,NA,NA,NA,NA,NA,NA,NA,NA,NA,NA,NA,NA,NA,NA,NA
11589,Trey Benson,RB,ARI,NA,NA,NA,NA,NA,NA,NA,NA,NA,NA,NA,NA,NA,NA
11280,Brady Russell,RB,SEA,NA,NA,NA,NA,NA,NA,NA,NA,NA,NA,NA,NA,NA,NA
8770,Malik Williams,WR,NA,NA,NA,NA,NA,NA,NA,NA,NA,NA,NA,NA,NA,NA,NA
4184,Bucky Hodges,TE,NA,NA,NA,NA,NA,NA,NA,NA,NA,NA,NA,NA,NA,NA,NA
5155,Corey Willis,WR,NA,NA,NA,NA,NA,NA,NA,NA,NA,NA,NA,NA,NA,NA,NA
12311,Daniel George,WR,NA,NA,NA,NA,NA,NA,NA,NA,NA,NA,NA,NA,NA,NA,NA
3239,Bronson Kaufusi,TE,GB,NA,NA,NA,NA,NA,NA,NA,NA,NA,NA,NA,NA,NA,NA
12976,DeMeer Blankumsee,WR,NA,NA,NA,NA,NA,NA,NA,NA,NA,NA,NA,NA,NA,NA,NA
5703,Deontez Alexander,WR,NA,NA,NA,NA,NA,NA,NA,NA,NA,NA,NA,NA,NA,NA,NA
12350,Anthony Grant,RB,NA,NA,NA,NA,NA,NA,NA,NA,NA,NA,NA,NA,NA,NA,NA
6686,Joe Horn,WR,NA,NA,NA,NA,NA,NA,NA,NA,NA,NA,NA,NA,NA,NA,NA
1049,Ryan Tannehill,QB,NA,NA,NA,NA,NA,NA,NA,NA,NA,NA,NA,NA,NA,NA,NA
7048,Benny LeMay,RB,CLE,NA,NA,NA,NA,NA,NA,NA,NA,NA,NA,NA,NA,NA,NA
4082,Curtis Samuel,WR,NA,NA,NA,NA,NA,NA,NA,NA,NA,NA,NA,NA,NA,NA,NA
6320,Jonathan Duhart,WR,NA,NA,NA,NA,NA,NA,NA,NA,NA,NA,NA,NA,NA,NA,NA
6288,Marcus Green,WR,NA,NA,NA,NA,NA,NA,NA,NA,NA,NA,NA,NA,NA,NA,NA
11046,Colton Dowell,WR,NA,NA,NA,NA,NA,NA,NA,NA,NA,NA,NA,NA,NA,NA,NA
4785,Kermit Whitfield,WR,NA,NA,NA,NA,NA,NA,NA,NA,NA,NA,NA,NA,NA,NA,NA
12239,Peewee Jarrett,QB,NA,NA,NA,NA,NA,NA,NA,NA,NA,NA,NA,NA,NA,NA,NA
13975,Le'Meke Brockington,WR,NA,NA,NA,NA,NA,NA,NA,NA,NA,NA,NA,NA,NA,NA,NA
11232,Isaiah Winstead,WR,NA,NA,NA,NA,NA,NA,NA,NA,NA,NA,NA,NA,NA,NA,NA
6737,Micky Crum,TE,NA,NA,NA,NA,NA,NA,NA,NA,NA,NA,NA,NA,NA,NA,NA
3500,Devon Cajuste,WR,NA,NA,NA,NA,NA,NA,NA,NA,NA,NA,NA,NA,NA,NA,NA
5136,Josh Adams,RB,NA,NA,NA,NA,NA,NA,NA,NA,NA,NA,NA,NA,NA,NA,NA
4491,Marcus Kemp,WR,NA,NA,NA,NA,NA,NA,NA,NA,NA,NA,NA,NA,NA,NA,NA
11225,Noah Gindorff,TE,NA,NA,NA,NA,NA,NA,NA,NA,NA,NA,NA,NA,NA,NA,NA
2620,Jake Heaps,QB,NA,NA,NA,NA,NA,NA,NA,NA,NA,NA,NA,NA,NA,NA,NA
8251,Calvin Jackson,WR,NA,NA,NA,NA,NA,NA,NA,NA,NA,NA,NA,NA,NA,NA,NA
12197,John Paddock,QB,NA,NA,NA,NA,NA,NA,NA,NA,NA,NA,NA,NA,NA,NA,NA
5185,Allen Lazard,WR,NA,NA,NA,NA,NA,NA,NA,NA,NA,NA,NA,NA,NA,NA,NA
2767,Jawon Chisholm,RB,NA,NA,NA,NA,NA,NA,NA,NA,NA,NA,NA,NA,NA,NA,NA
8108,DeVonte Dedmon,WR,NA,NA,NA,NA,NA,NA,NA,NA,NA,NA,NA,NA,NA,NA,NA
6342,Stephen Louis,WR,NA,NA,NA,NA,NA,NA,NA,NA,NA,NA,NA,NA,NA,NA,NA
2713,Josh Harper,WR,NA,NA,NA,NA,NA,NA,NA,NA,NA,NA,NA,NA,NA,NA,NA
8205,Isiah Pacheco,RB,DET,NA,NA,NA,NA,NA,NA,NA,NA,NA,NA,NA,NA,NA,NA
12434,Kairee Robinson,RB,NA,NA,NA,NA,NA,NA,NA,NA,NA,NA,NA,NA,NA,NA,NA
1939,Derel Walker,WR,NA,NA,NA,NA,NA,NA,NA,NA,NA,NA,NA,NA,NA,NA,NA
9507,Titus Swen,RB,NA,NA,NA,NA,NA,NA,NA,NA,NA,NA,NA,NA,NA,NA,NA
13128,Rushawn Baker,RB,NA,NA,NA,NA,NA,NA,NA,NA,NA,NA,NA,NA,NA,NA,NA
13249,Thomas Gordon,TE,DET,NA,NA,NA,NA,NA,NA,NA,NA,NA,NA,NA,NA,NA,NA
12063,Rocky Lombardi,QB,NA,NA,NA,NA,NA,NA,NA,NA,NA,NA,NA,NA,NA,NA,NA
10220,Will Mallory,TE,IND,NA,NA,NA,NA,NA,NA,NA,NA,NA,NA,NA,NA,NA,NA
4528,Trevor Knight,QB,NA,NA,NA,NA,NA,NA,NA,NA,NA,NA,NA,NA,NA,NA,NA
1837,Jimmy Garoppolo,QB,NA,NA,NA,NA,NA,NA,NA,NA,NA,NA,NA,NA,NA,NA,NA
7460,Jake Burt,TE,NA,NA,NA,NA,NA,NA,NA,NA,NA,NA,NA,NA,NA,NA,NA
7533,Anthony Schwartz,WR,NA,NA,NA,NA,NA,NA,NA,NA,NA,NA,NA,NA,NA,NA,NA
12285,Cade Peterson,QB,NA,NA,NA,NA,NA,NA,NA,NA,NA,NA,NA,NA,NA,NA,NA
2003,Bennie Fowler,WR,NA,NA,NA,NA,NA,NA,NA,NA,NA,NA,NA,NA,NA,NA,NA
4157,Tarik Cohen,RB,NA,NA,NA,NA,NA,NA,NA,NA,NA,NA,NA,NA,NA,NA,NA
8182,Chase Allen,TE,NA,NA,NA,NA,NA,NA,NA,NA,NA,NA,NA,NA,NA,NA,NA
13846,Jack Velling,TE,ATL,NA,NA,NA,NA,NA,NA,NA,NA,NA,NA,NA,NA,NA,NA
13557,Athan Kaliakmanis,QB,WAS,NA,NA,NA,NA,NA,NA,NA,NA,NA,NA,NA,NA,NA,NA
6857,Collin Johnson,WR,NA,NA,NA,NA,NA,NA,NA,NA,NA,NA,NA,NA,NA,NA,NA
2711,Taylor Heinicke,QB,NA,NA,NA,NA,NA,NA,NA,NA,NA,NA,NA,NA,NA,NA,NA
260,Josh Johnson,QB,CIN,NA,NA,NA,NA,NA,NA,NA,NA,NA,NA,NA,NA,NA,NA
11921,Xavier Weaver,WR,NA,NA,NA,NA,NA,NA,NA,NA,NA,NA,NA,NA,NA,NA,NA
6762,Darion Clark,TE,NA,NA,NA,NA,NA,NA,NA,NA,NA,NA,NA,NA,NA,NA,NA
8475,Montrell Washington,WR,NA,NA,NA,NA,NA,NA,NA,NA,NA,NA,NA,NA,NA,NA,NA
8008,Josh Imatorbhebhe,WR,NA,NA,NA,NA,NA,NA,NA,NA,NA,NA,NA,NA,NA,NA,NA
1979,Blake Bortles,QB,NO,NA,NA,NA,NA,NA,NA,NA,NA,NA,NA,NA,NA,NA,NA
7066,K.J. Osborn,WR,TEN,NA,NA,NA,NA,NA,NA,NA,NA,NA,NA,NA,NA,NA,NA
5217,Jason Reese,TE,NA,NA,NA,NA,NA,NA,NA,NA,NA,NA,NA,NA,NA,NA,NA
2114,Senorise Perry,RB,NA,NA,NA,NA,NA,NA,NA,NA,NA,NA,NA,NA,NA,NA,NA
12908,Chandler Brayboy,WR,NE,NA,NA,NA,NA,NA,NA,NA,NA,NA,NA,NA,NA,NA,NA
7812,Simi Fehoko,WR,ARI,NA,NA,NA,NA,NA,NA,NA,NA,NA,NA,NA,NA,NA,NA
11561,Michael Pratt,QB,NA,NA,NA,NA,NA,NA,NA,NA,NA,NA,NA,NA,NA,NA,NA
2146,Richard Rodgers,TE,NA,NA,NA,NA,NA,NA,NA,NA,NA,NA,NA,NA,NA,NA,NA
7858,Brenden Knox,RB,NA,NA,NA,NA,NA,NA,NA,NA,NA,NA,NA,NA,NA,NA,NA
4874,Chris Bazile,TE,NA,NA,NA,NA,NA,NA,NA,NA,NA,NA,NA,NA,NA,NA,NA
6017,DaMarkus Lodge,WR,NA,NA,NA,NA,NA,NA,NA,NA,NA,NA,NA,NA,NA,NA,NA
5013,Anthony Miller,WR,NA,NA,NA,NA,NA,NA,NA,NA,NA,NA,NA,NA,NA,NA,NA
6375,Jerome Washington,TE,NA,NA,NA,NA,NA,NA,NA,NA,NA,NA,NA,NA,NA,NA,NA
12753,Jamoi Mayes,WR,NA,NA,NA,NA,NA,NA,NA,NA,NA,NA,NA,NA,NA,NA,NA
12270,Andrew Peasley,QB,NA,NA,NA,NA,NA,NA,NA,NA,NA,NA,NA,NA,NA,NA,NA
8553,Tre Ford,QB,NA,NA,NA,NA,NA,NA,NA,NA,NA,NA,NA,NA,NA,NA,NA
7243,Kevin Davidson,QB,NA,NA,NA,NA,NA,NA,NA,NA,NA,NA,NA,NA,NA,NA,NA
5137,Richie James,WR,NA,NA,NA,NA,NA,NA,NA,NA,NA,NA,NA,NA,NA,NA,NA
11606,Dallin Holker,TE,NA,NA,NA,NA,NA,NA,NA,NA,NA,NA,NA,NA,NA,NA,NA
5244,Devin Gray,WR,NA,NA,NA,NA,NA,NA,NA,NA,NA,NA,NA,NA,NA,NA,NA
8500,John FitzPatrick,TE,CLE,NA,NA,NA,NA,NA,NA,NA,NA,NA,NA,NA,NA,NA,NA
9998,Hendon Hooker,QB,TEN,NA,NA,NA,NA,NA,NA,NA,NA,NA,NA,NA,NA,NA,NA
6205,Brandon Silvers,QB,NA,NA,NA,NA,NA,NA,NA,NA,NA,NA,NA,NA,NA,NA,NA
14047,Heinrich Haarberg,TE,NA,NA,NA,NA,NA,NA,NA,NA,NA,NA,NA,NA,NA,NA,NA
5663,Shane Wimann,RB,NA,NA,NA,NA,NA,NA,NA,NA,NA,NA,NA,NA,NA,NA,NA
4574,Cooper Rush,QB,ATL,NA,NA,NA,NA,NA,NA,NA,NA,NA,NA,NA,NA,NA,NA
2940,Des Lawrence,WR,NA,NA,NA,NA,NA,NA,NA,NA,NA,NA,NA,NA,NA,NA,NA
11520,Lucky Jackson,WR,DET,NA,NA,NA,NA,NA,NA,NA,NA,NA,NA,NA,NA,NA,NA
5773,KhaDarel Hodge,WR,SF,NA,NA,NA,NA,NA,NA,NA,NA,NA,NA,NA,NA,NA,NA
12018,Sam Pinckney,WR,NA,NA,NA,NA,NA,NA,NA,NA,NA,NA,NA,NA,NA,NA,NA
13604,Sincere Brown,WR,NA,NA,NA,NA,NA,NA,NA,NA,NA,NA,NA,NA,NA,NA,NA
11224,Griffin Hebert,TE,NA,NA,NA,NA,NA,NA,NA,NA,NA,NA,NA,NA,NA,NA,NA
7496,Nick Westbrook-Ikhine,WR,IND,NA,NA,NA,NA,NA,NA,NA,NA,NA,NA,NA,NA,NA,NA
13136,Redd Douglas,WR,NA,NA,NA,NA,NA,NA,NA,NA,NA,NA,NA,NA,NA,NA,NA
7956,Cade Johnson,WR,NA,NA,NA,NA,NA,NA,NA,NA,NA,NA,NA,NA,NA,NA,NA
5283,Ka'Raun White,WR,NA,NA,NA,NA,NA,NA,NA,NA,NA,NA,NA,NA,NA,NA,NA
13342,John Michael Gyllenborg,TE,KC,NA,NA,NA,NA,NA,NA,NA,NA,NA,NA,NA,NA,NA,NA
9483,Zack Kuntz,TE,NA,NA,NA,NA,NA,NA,NA,NA,NA,NA,NA,NA,NA,NA,NA
5263,Chase Litton,QB,NA,NA,NA,NA,NA,NA,NA,NA,NA,NA,NA,NA,NA,NA,NA
11099,Kearis Jackson,WR,NA,NA,NA,NA,NA,NA,NA,NA,NA,NA,NA,NA,NA,NA,NA
8236,Jerreth Sterns,WR,NA,NA,NA,NA,NA,NA,NA,NA,NA,NA,NA,NA,NA,NA,NA
2257,Carlos Hyde,RB,NA,NA,NA,NA,NA,NA,NA,NA,NA,NA,NA,NA,NA,NA,NA
24,Matt Ryan,QB,NA,NA,NA,NA,NA,NA,NA,NA,NA,NA,NA,NA,NA,NA,NA
12360,Latreal Jones,WR,NA,NA,NA,NA,NA,NA,NA,NA,NA,NA,NA,NA,NA,NA,NA
7093,Adrian Killins,RB,DEN,NA,NA,NA,NA,NA,NA,NA,NA,NA,NA,NA,NA,NA,NA
11191,Justin Marshall,WR,NA,NA,NA,NA,NA,NA,NA,NA,NA,NA,NA,NA,NA,NA,NA
2119,James Franklin,QB,NA,NA,NA,NA,NA,NA,NA,NA,NA,NA,NA,NA,NA,NA,NA
7874,Jeremiah Haydel,WR,NA,NA,NA,NA,NA,NA,NA,NA,NA,NA,NA,NA,NA,NA,NA
13592,Chandler Morris,QB,NA,NA,NA,NA,NA,NA,NA,NA,NA,NA,NA,NA,NA,NA,NA
13973,Keelan Marion,WR,NA,NA,NA,NA,NA,NA,NA,NA,NA,NA,NA,NA,NA,NA,NA
6260,Jake Powell,TE,NA,NA,NA,NA,NA,NA,NA,NA,NA,NA,NA,NA,NA,NA,NA
12549,Jordan Petaia,TE,NA,NA,NA,NA,NA,NA,NA,NA,NA,NA,NA,NA,NA,NA,NA
3225,Tyler Boyd,WR,NA,NA,NA,NA,NA,NA,NA,NA,NA,NA,NA,NA,NA,NA,NA
4200,DeAngelo Yancey,WR,NA,NA,NA,NA,NA,NA,NA,NA,NA,NA,NA,NA,NA,NA,NA
13916,Xavier Loyd,WR,NA,NA,NA,NA,NA,NA,NA,NA,NA,NA,NA,NA,NA,NA,NA
12435,Geor'Quarius Spivey,TE,NA,NA,NA,NA,NA,NA,NA,NA,NA,NA,NA,NA,NA,NA,NA
1071,Mohamed Sanu,WR,NA,NA,NA,NA,NA,NA,NA,NA,NA,NA,NA,NA,NA,NA,NA
12810,Elijhah Badger,WR,NA,NA,NA,NA,NA,NA,NA,NA,NA,NA,NA,NA,NA,NA,NA
8575,Erik Krommenhoek,TE,NA,NA,NA,NA,NA,NA,NA,NA,NA,NA,NA,NA,NA,NA,NA
2583,Tyrell Williams,WR,NA,NA,NA,NA,NA,NA,NA,NA,NA,NA,NA,NA,NA,NA,NA
6019,Johnnie Dixon,WR,NA,NA,NA,NA,NA,NA,NA,NA,NA,NA,NA,NA,NA,NA,NA
5289,Cameron Batson,WR,NA,NA,NA,NA,NA,NA,NA,NA,NA,NA,NA,NA,NA,NA,NA
4744,Barrett Burns,TE,BAL,NA,NA,NA,NA,NA,NA,NA,NA,NA,NA,NA,NA,NA,NA
3762,Brandon Shippen,WR,NA,NA,NA,NA,NA,NA,NA,NA,NA,NA,NA,NA,NA,NA,NA
6380,Davion Davis,WR,NA,NA,NA,NA,NA,NA,NA,NA,NA,NA,NA,NA,NA,NA,NA
4445,Keon Hatcher,WR,NA,NA,NA,NA,NA,NA,NA,NA,NA,NA,NA,NA,NA,NA,NA
13438,DeaMonte Trayanum,RB,NYJ,NA,NA,NA,NA,NA,NA,NA,NA,NA,NA,NA,NA,NA,NA
13129,Jermaine Terry,TE,NA,NA,NA,NA,NA,NA,NA,NA,NA,NA,NA,NA,NA,NA,NA
5284,Jeff Wilson,RB,NA,NA,NA,NA,NA,NA,NA,NA,NA,NA,NA,NA,NA,NA,NA
7156,J'Mar Smith,QB,NA,NA,NA,NA,NA,NA,NA,NA,NA,NA,NA,NA,NA,NA,NA
2903,Shane Carden,QB,NA,NA,NA,NA,NA,NA,NA,NA,NA,NA,NA,NA,NA,NA,NA
6637,Nico Evans,RB,NA,NA,NA,NA,NA,NA,NA,NA,NA,NA,NA,NA,NA,NA,NA
7583,Sam Ehlinger,QB,DEN,NA,NA,NA,NA,NA,NA,NA,NA,NA,NA,NA,NA,NA,NA
6663,Micah Wright,WR,NA,NA,NA,NA,NA,NA,NA,NA,NA,NA,NA,NA,NA,NA,NA
1149,Alshon Jeffery,WR,NA,NA,NA,NA,NA,NA,NA,NA,NA,NA,NA,NA,NA,NA,NA
13080,Deion Hankins,RB,NA,NA,NA,NA,NA,NA,NA,NA,NA,NA,NA,NA,NA,NA,NA
14049,Brandon Hayes,WR,NA,NA,NA,NA,NA,NA,NA,NA,NA,NA,NA,NA,NA,NA,NA
5138,Martez Carter,RB,NA,NA,NA,NA,NA,NA,NA,NA,NA,NA,NA,NA,NA,NA,NA
11273,Ben VanSumeren,RB,KC,NA,NA,NA,NA,NA,NA,NA,NA,NA,NA,NA,NA,NA,NA
6586,Moral Stephens,TE,NA,NA,NA,NA,NA,NA,NA,NA,NA,NA,NA,NA,NA,NA,NA
4289,Ishmael Zamora,WR,NA,NA,NA,NA,NA,NA,NA,NA,NA,NA,NA,NA,NA,NA,NA
6018,Zach Gentry,TE,NA,NA,NA,NA,NA,NA,NA,NA,NA,NA,NA,NA,NA,NA,NA
5733,Clayton Wilson,TE,NA,NA,NA,NA,NA,NA,NA,NA,NA,NA,NA,NA,NA,NA,NA
12965,Ethan Garbers,QB,NA,NA,NA,NA,NA,NA,NA,NA,NA,NA,NA,NA,NA,NA,NA
6111,Jake Browning,QB,NA,NA,NA,NA,NA,NA,NA,NA,NA,NA,NA,NA,NA,NA,NA
6068,Devine Ozigbo,RB,NA,NA,NA,NA,NA,NA,NA,NA,NA,NA,NA,NA,NA,NA,NA
5941,Felton Davis,WR,NA,NA,NA,NA,NA,NA,NA,NA,NA,NA,NA,NA,NA,NA,NA
11806,Casey Washington,WR,CAR,NA,NA,NA,NA,NA,NA,NA,NA,NA,NA,NA,NA,NA,NA
13331,Dae'Quan Wright,TE,NA,NA,NA,NA,NA,NA,NA,NA,NA,NA,NA,NA,NA,NA,NA
515,Rob Gronkowski,TE,NA,NA,NA,NA,NA,NA,NA,NA,NA,NA,NA,NA,NA,NA,NA
7427,Tyler Mabry,TE,NA,NA,NA,NA,NA,NA,NA,NA,NA,NA,NA,NA,NA,NA,NA
11060,Robert Burns,RB,NA,NA,NA,NA,NA,NA,NA,NA,NA,NA,NA,NA,NA,NA,NA
12475,Ricky White,WR,SEA,NA,NA,NA,NA,NA,NA,NA,NA,NA,NA,NA,NA,NA,NA
7458,Isaiah Zuber,WR,NA,NA,NA,NA,NA,NA,NA,NA,NA,NA,NA,NA,NA,NA,NA
12950,Robert Lewis,WR,NA,NA,NA,NA,NA,NA,NA,NA,NA,NA,NA,NA,NA,NA,NA
12898,Seth Henigan,QB,NA,NA,NA,NA,NA,NA,NA,NA,NA,NA,NA,NA,NA,NA,NA
8409,Tyler Snead,WR,NA,NA,NA,NA,NA,NA,NA,NA,NA,NA,NA,NA,NA,NA,NA
13440,Damien Alford,WR,NA,NA,NA,NA,NA,NA,NA,NA,NA,NA,NA,NA,NA,NA,NA
3209,Devontae Booker,RB,NA,NA,NA,NA,NA,NA,NA,NA,NA,NA,NA,NA,NA,NA,NA
5828,Diontae Spencer,WR,NA,NA,NA,NA,NA,NA,NA,NA,NA,NA,NA,NA,NA,NA,NA
5129,Adonis Jennings,WR,NA,NA,NA,NA,NA,NA,NA,NA,NA,NA,NA,NA,NA,NA,NA
7376,Case Cookus,QB,NA,NA,NA,NA,NA,NA,NA,NA,NA,NA,NA,NA,NA,NA,NA
7561,Elijah Mitchell,RB,NA,NA,NA,NA,NA,NA,NA,NA,NA,NA,NA,NA,NA,NA,NA
7538,Zach Wilson,QB,NO,NA,NA,NA,NA,NA,NA,NA,NA,NA,NA,NA,NA,NA,NA
13284,Dylan Devezin,RB,NA,NA,NA,NA,NA,NA,NA,NA,NA,NA,NA,NA,NA,NA,NA
13905,Omari Evans,WR,KC,NA,NA,NA,NA,NA,NA,NA,NA,NA,NA,NA,NA,NA,NA
4797,Josh Rounds,RB,NA,NA,NA,NA,NA,NA,NA,NA,NA,NA,NA,NA,NA,NA,NA
2450,Brett Hundley,QB,NA,NA,NA,NA,NA,NA,NA,NA,NA,NA,NA,NA,NA,NA,NA
13826,Caullin Lacy,WR,NA,NA,NA,NA,NA,NA,NA,NA,NA,NA,NA,NA,NA,NA,NA
12356,Jabari Small,RB,DET,NA,NA,NA,NA,NA,NA,NA,NA,NA,NA,NA,NA,NA,NA
4923,Rushel Shell,RB,NA,NA,NA,NA,NA,NA,NA,NA,NA,NA,NA,NA,NA,NA,NA
5004,Ito Smith,RB,DAL,NA,NA,NA,NA,NA,NA,NA,NA,NA,NA,NA,NA,NA,NA
12276,RJ Mobley,WR,NA,NA,NA,NA,NA,NA,NA,NA,NA,NA,NA,NA,NA,NA,NA
3531,Marshaun Coprich,RB,NA,NA,NA,NA,NA,NA,NA,NA,NA,NA,NA,NA,NA,NA,NA
6768,Tua Tagovailoa,QB,ATL,NA,NA,NA,NA,NA,NA,NA,NA,NA,NA,NA,NA,NA,NA
6358,Kahlil Lewis,WR,NA,NA,NA,NA,NA,NA,NA,NA,NA,NA,NA,NA,NA,NA,NA
7162,Ryan Becker,TE,NA,NA,NA,NA,NA,NA,NA,NA,NA,NA,NA,NA,NA,NA,NA
6146,Kaden Smith,TE,NA,NA,NA,NA,NA,NA,NA,NA,NA,NA,NA,NA,NA,NA,NA
5170,Phillip Lindsay,RB,NA,NA,NA,NA,NA,NA,NA,NA,NA,NA,NA,NA,NA,NA,NA
13268,Elijah Sarratt,WR,BAL,NA,NA,NA,NA,NA,NA,NA,NA,NA,NA,NA,NA,NA,NA
5196,Ethan Wolf,TE,NA,NA,NA,NA,NA,NA,NA,NA,NA,NA,NA,NA,NA,NA,NA
4630,I'Tavius Mathers,RB,NA,NA,NA,NA,NA,NA,NA,NA,NA,NA,NA,NA,NA,NA,NA
13154,Marcus Major,RB,NA,NA,NA,NA,NA,NA,NA,NA,NA,NA,NA,NA,NA,NA,NA
367,Jared Cook,TE,NA,NA,NA,NA,NA,NA,NA,NA,NA,NA,NA,NA,NA,NA,NA
13290,Jalen Moss,WR,NA,NA,NA,NA,NA,NA,NA,NA,NA,NA,NA,NA,NA,NA,NA
7601,Rondale Moore,WR,NA,NA,NA,NA,NA,NA,NA,NA,NA,NA,NA,NA,NA,NA,NA
5957,Isaac Nauta,TE,GB,NA,NA,NA,NA,NA,NA,NA,NA,NA,NA,NA,NA,NA,NA
12913,J.J. Jones,WR,NA,NA,NA,NA,NA,NA,NA,NA,NA,NA,NA,NA,NA,NA,NA
13310,Miller Moss,QB,CHI,NA,NA,NA,NA,NA,NA,NA,NA,NA,NA,NA,NA,NA,NA
13431,Miles Kitselman,TE,DET,NA,NA,NA,NA,NA,NA,NA,NA,NA,NA,NA,NA,NA,NA
4127,C.J. Beathard,QB,NA,NA,NA,NA,NA,NA,NA,NA,NA,NA,NA,NA,NA,NA,NA
3664,J.D. McKissic,RB,NA,NA,NA,NA,NA,NA,NA,NA,NA,NA,NA,NA,NA,NA,NA
4710,Gio Pascascio,WR,NA,NA,NA,NA,NA,NA,NA,NA,NA,NA,NA,NA,NA,NA,NA
11947,Austin Jones,RB,NA,NA,NA,NA,NA,NA,NA,NA,NA,NA,NA,NA,NA,NA,NA
3920,Harvey Binford,WR,NA,NA,NA,NA,NA,NA,NA,NA,NA,NA,NA,NA,NA,NA,NA
7088,Xavier Jones,RB,NA,NA,NA,NA,NA,NA,NA,NA,NA,NA,NA,NA,NA,NA,NA
14044,Miles Davis,RB,NA,NA,NA,NA,NA,NA,NA,NA,NA,NA,NA,NA,NA,NA,NA
7064,Darrynton Evans,RB,NA,NA,NA,NA,NA,NA,NA,NA,NA,NA,NA,NA,NA,NA,NA
2391,David Johnson,RB,NA,NA,NA,NA,NA,NA,NA,NA,NA,NA,NA,NA,NA,NA,NA
4214,Shelton Gibson,WR,NA,NA,NA,NA,NA,NA,NA,NA,NA,NA,NA,NA,NA,NA,NA
8878,Jared Scott,TE,NA,NA,NA,NA,NA,NA,NA,NA,NA,NA,NA,NA,NA,NA,NA
5322,James Looney,TE,NA,NA,NA,NA,NA,NA,NA,NA,NA,NA,NA,NA,NA,NA,NA
3568,Marken Michel,WR,NA,NA,NA,NA,NA,NA,NA,NA,NA,NA,NA,NA,NA,NA,NA
12250,Riley Sharp,TE,NA,NA,NA,NA,NA,NA,NA,NA,NA,NA,NA,NA,NA,NA,NA
2463,Jesse James,TE,NA,NA,NA,NA,NA,NA,NA,NA,NA,NA,NA,NA,NA,NA,NA
5290,Deontay Burnett,WR,NA,NA,NA,NA,NA,NA,NA,NA,NA,NA,NA,NA,NA,NA,NA
12373,Peter LeBlanc,WR,NA,NA,NA,NA,NA,NA,NA,NA,NA,NA,NA,NA,NA,NA,NA
8905,Travis Koontz,TE,NA,NA,NA,NA,NA,NA,NA,NA,NA,NA,NA,NA,NA,NA,NA
6236,Travon McMillian,RB,NA,NA,NA,NA,NA,NA,NA,NA,NA,NA,NA,NA,NA,NA,NA
1718,Derek Carrier,TE,NA,NA,NA,NA,NA,NA,NA,NA,NA,NA,NA,NA,NA,NA,NA
5092,Troy Fumagalli,TE,NA,NA,NA,NA,NA,NA,NA,NA,NA,NA,NA,NA,NA,NA,NA
12333,Dakereon Joyner,WR,NA,NA,NA,NA,NA,NA,NA,NA,NA,NA,NA,NA,NA,NA,NA
7713,Jaelon Darden,WR,NA,NA,NA,NA,NA,NA,NA,NA,NA,NA,NA,NA,NA,NA,NA
11931,Austin Reed,QB,NA,NA,NA,NA,NA,NA,NA,NA,NA,NA,NA,NA,NA,NA,NA
5169,Malik Earl,WR,NA,NA,NA,NA,NA,NA,NA,NA,NA,NA,NA,NA,NA,NA,NA
14001,Julius Davis,RB,NA,NA,NA,NA,NA,NA,NA,NA,NA,NA,NA,NA,NA,NA,NA
7008,Brian Lewerke,QB,NA,NA,NA,NA,NA,NA,NA,NA,NA,NA,NA,NA,NA,NA,NA
6820,Clyde Edwards-Helaire,RB,NA,NA,NA,NA,NA,NA,NA,NA,NA,NA,NA,NA,NA,NA,NA
345,Brian Hoyer,QB,NA,NA,NA,NA,NA,NA,NA,NA,NA,NA,NA,NA,NA,NA,NA
6993,Dominick Wood-Anderson,TE,NA,NA,NA,NA,NA,NA,NA,NA,NA,NA,NA,NA,NA,NA,NA
5132,Steven Mitchell,WR,NA,NA,NA,NA,NA,NA,NA,NA,NA,NA,NA,NA,NA,NA,NA
6343,Manny Wilkins,QB,NA,NA,NA,NA,NA,NA,NA,NA,NA,NA,NA,NA,NA,NA,NA
3036,Matt Lengel,TE,NA,NA,NA,NA,NA,NA,NA,NA,NA,NA,NA,NA,NA,NA,NA
2944,Matt LaCosse,TE,NE,NA,NA,NA,NA,NA,NA,NA,NA,NA,NA,NA,NA,NA,NA
13939,Gabriel Benyard,WR,NA,NA,NA,NA,NA,NA,NA,NA,NA,NA,NA,NA,NA,NA,NA
5911,Jalen Hurd,WR,NA,NA,NA,NA,NA,NA,NA,NA,NA,NA,NA,NA,NA,NA,NA
13318,Noah Thomas,WR,CIN,NA,NA,NA,NA,NA,NA,NA,NA,NA,NA,NA,NA,NA,NA
11505,David Durden,WR,NA,NA,NA,NA,NA,NA,NA,NA,NA,NA,NA,NA,NA,NA,NA
12820,Landon Parker,WR,NA,NA,NA,NA,NA,NA,NA,NA,NA,NA,NA,NA,NA,NA,NA
4508,Gabe Marks,WR,NA,NA,NA,NA,NA,NA,NA,NA,NA,NA,NA,NA,NA,NA,NA
13047,Jacardia Wright,RB,SEA,NA,NA,NA,NA,NA,NA,NA,NA,NA,NA,NA,NA,NA,NA
6248,Trevion Thompson,WR,NA,NA,NA,NA,NA,NA,NA,NA,NA,NA,NA,NA,NA,NA,NA
8115,Jalen Wydermyer,TE,NA,NA,NA,NA,NA,NA,NA,NA,NA,NA,NA,NA,NA,NA,NA
4949,Derrius Guice,RB,NA,NA,NA,NA,NA,NA,NA,NA,NA,NA,NA,NA,NA,NA,NA
7499,Paul Quessenberry,TE,NA,NA,NA,NA,NA,NA,NA,NA,NA,NA,NA,NA,NA,NA,NA
7412,Sandro Platzgummer,RB,NA,NA,NA,NA,NA,NA,NA,NA,NA,NA,NA,NA,NA,NA,NA
1587,Vance McDonald,TE,NA,NA,NA,NA,NA,NA,NA,NA,NA,NA,NA,NA,NA,NA,NA
11226,Tyjon Lindsey,WR,NA,NA,NA,NA,NA,NA,NA,NA,NA,NA,NA,NA,NA,NA,NA
8213,Dai'Jean Dixon,WR,NA,NA,NA,NA,NA,NA,NA,NA,NA,NA,NA,NA,NA,NA,NA
6402,Steven Sims,WR,NA,NA,NA,NA,NA,NA,NA,NA,NA,NA,NA,NA,NA,NA,NA
7608,Khalil Herbert,RB,ATL,NA,NA,NA,NA,NA,NA,NA,NA,NA,NA,NA,NA,NA,NA
11266,Thyrick Pitts,WR,NA,NA,NA,NA,NA,NA,NA,NA,NA,NA,NA,NA,NA,NA,NA
8549,Trevon Clark,WR,NA,NA,NA,NA,NA,NA,NA,NA,NA,NA,NA,NA,NA,NA,NA
11478,Gavin Holmes,WR,NA,NA,NA,NA,NA,NA,NA,NA,NA,NA,NA,NA,NA,NA,NA
6395,Trinity Benson,WR,NA,NA,NA,NA,NA,NA,NA,NA,NA,NA,NA,NA,NA,NA,NA
13282,Jack Endries,TE,CIN,NA,NA,NA,NA,NA,NA,NA,NA,NA,NA,NA,NA,NA,NA
13608,Jerand Bradley,WR,NA,NA,NA,NA,NA,NA,NA,NA,NA,NA,NA,NA,NA,NA,NA
4821,Jamari Staples,WR,NA,NA,NA,NA,NA,NA,NA,NA,NA,NA,NA,NA,NA,NA,NA
6045,Gary Jennings,WR,LAC,NA,NA,NA,NA,NA,NA,NA,NA,NA,NA,NA,NA,NA,NA
5026,Tre'Quan Smith,WR,NA,NA,NA,NA,NA,NA,NA,NA,NA,NA,NA,NA,NA,NA,NA
5242,Dontez Byrd,WR,NA,NA,NA,NA,NA,NA,NA,NA,NA,NA,NA,NA,NA,NA,NA
5808,Connor Jessop,QB,NA,NA,NA,NA,NA,NA,NA,NA,NA,NA,NA,NA,NA,NA,NA
13805,E.J. Williams,WR,NA,NA,NA,NA,NA,NA,NA,NA,NA,NA,NA,NA,NA,NA,NA
13270,CJ Daniels,WR,LAR,NA,NA,NA,NA,NA,NA,NA,NA,NA,NA,NA,NA,NA,NA
4798,C.J. Germany,WR,NA,NA,NA,NA,NA,NA,NA,NA,NA,NA,NA,NA,NA,NA,NA
1034,Brandon Bolden,RB,NA,NA,NA,NA,NA,NA,NA,NA,NA,NA,NA,NA,NA,NA,NA
1911,Willie Snead,WR,NA,NA,NA,NA,NA,NA,NA,NA,NA,NA,NA,NA,NA,NA,NA
6522,T.J. Linta,QB,NA,NA,NA,NA,NA,NA,NA,NA,NA,NA,NA,NA,NA,NA,NA
12866,Jalin Conyers,TE,NA,NA,NA,NA,NA,NA,NA,NA,NA,NA,NA,NA,NA,NA,NA
13554,CJ Williams,WR,JAX,NA,NA,NA,NA,NA,NA,NA,NA,NA,NA,NA,NA,NA,NA
2957,Ernst Brun,TE,NA,NA,NA,NA,NA,NA,NA,NA,NA,NA,NA,NA,NA,NA,NA
12374,Brenden Bates,TE,JAX,NA,NA,NA,NA,NA,NA,NA,NA,NA,NA,NA,NA,NA,NA
6259,Darnell Holland,RB,NA,NA,NA,NA,NA,NA,NA,NA,NA,NA,NA,NA,NA,NA,NA
8092,Corey Taylor,RB,NA,NA,NA,NA,NA,NA,NA,NA,NA,NA,NA,NA,NA,NA,NA
6970,Stephen Sullivan,TE,NA,NA,NA,NA,NA,NA,NA,NA,NA,NA,NA,NA,NA,NA,NA
13957,Kenny Fletcher,TE,IND,NA,NA,NA,NA,NA,NA,NA,NA,NA,NA,NA,NA,NA,NA
4061,Davis Webb,QB,NA,NA,NA,NA,NA,NA,NA,NA,NA,NA,NA,NA,NA,NA,NA
8245,Derrick Deese,TE,NA,NA,NA,NA,NA,NA,NA,NA,NA,NA,NA,NA,NA,NA,NA
6742,Marquis Young,RB,NA,NA,NA,NA,NA,NA,NA,NA,NA,NA,NA,NA,NA,NA,NA
2929,Adrian Coxson,WR,NA,NA,NA,NA,NA,NA,NA,NA,NA,NA,NA,NA,NA,NA,NA
13246,Jaden Smith,WR,NA,NA,NA,NA,NA,NA,NA,NA,NA,NA,NA,NA,NA,NA,NA
2561,Anthony Boone,QB,NA,NA,NA,NA,NA,NA,NA,NA,NA,NA,NA,NA,NA,NA,NA
3615,Sione Houma,RB,NA,NA,NA,NA,NA,NA,NA,NA,NA,NA,NA,NA,NA,NA,NA
6927,Quez Watkins,WR,NA,NA,NA,NA,NA,NA,NA,NA,NA,NA,NA,NA,NA,NA,NA
7606,Kadarius Toney,WR,NA,NA,NA,NA,NA,NA,NA,NA,NA,NA,NA,NA,NA,NA,NA
6323,Andrew Beck,RB,NYJ,NA,NA,NA,NA,NA,NA,NA,NA,NA,NA,NA,NA,NA,NA
7794,Chris Evans,RB,NA,NA,NA,NA,NA,NA,NA,NA,NA,NA,NA,NA,NA,NA,NA
6196,Christian Wade,RB,NA,NA,NA,NA,NA,NA,NA,NA,NA,NA,NA,NA,NA,NA,NA
4544,Daikiel Shorts,WR,NA,NA,NA,NA,NA,NA,NA,NA,NA,NA,NA,NA,NA,NA,NA
2581,Jahwan Edwards,RB,NA,NA,NA,NA,NA,NA,NA,NA,NA,NA,NA,NA,NA,NA,NA
12981,Gee Scott,TE,NA,NA,NA,NA,NA,NA,NA,NA,NA,NA,NA,NA,NA,NA,NA
3278,Pharoh Cooper,WR,NA,NA,NA,NA,NA,NA,NA,NA,NA,NA,NA,NA,NA,NA,NA
12532,Ja'Corey Brooks,WR,NA,NA,NA,NA,NA,NA,NA,NA,NA,NA,NA,NA,NA,NA,NA
6072,Bruce Anderson,RB,NA,NA,NA,NA,NA,NA,NA,NA,NA,NA,NA,NA,NA,NA,NA
4330,JoJo Natson,WR,NA,NA,NA,NA,NA,NA,NA,NA,NA,NA,NA,NA,NA,NA,NA
11311,Jason Brownlee,WR,NA,NA,NA,NA,NA,NA,NA,NA,NA,NA,NA,NA,NA,NA,NA
12284,Michael Herzog,RB,NA,NA,NA,NA,NA,NA,NA,NA,NA,NA,NA,NA,NA,NA,NA
7905,Dylan Soehner,TE,NA,NA,NA,NA,NA,NA,NA,NA,NA,NA,NA,NA,NA,NA,NA
2684,Corbin Louks,WR,NA,NA,NA,NA,NA,NA,NA,NA,NA,NA,NA,NA,NA,NA,NA
6388,Romello Brooker,TE,NA,NA,NA,NA,NA,NA,NA,NA,NA,NA,NA,NA,NA,NA,NA
2754,Michael Johnson,WR,NA,NA,NA,NA,NA,NA,NA,NA,NA,NA,NA,NA,NA,NA,NA
7534,Seth Williams,WR,NA,NA,NA,NA,NA,NA,NA,NA,NA,NA,NA,NA,NA,NA,NA
10222,Jayden Reed,WR,GB,NA,NA,NA,NA,NA,NA,NA,NA,NA,NA,NA,NA,NA,NA
829,Andy Dalton,QB,PHI,NA,NA,NA,NA,NA,NA,NA,NA,NA,NA,NA,NA,NA,NA
11998,Emani Bailey,RB,NA,NA,NA,NA,NA,NA,NA,NA,NA,NA,NA,NA,NA,NA,NA
11995,Zack Annexstad,QB,NA,NA,NA,NA,NA,NA,NA,NA,NA,NA,NA,NA,NA,NA,NA
11598,Tanner McLachlan,TE,NA,NA,NA,NA,NA,NA,NA,NA,NA,NA,NA,NA,NA,NA,NA
1169,Robert Griffin,QB,NA,NA,NA,NA,NA,NA,NA,NA,NA,NA,NA,NA,NA,NA,NA
4026,DeShone Kizer,QB,NA,NA,NA,NA,NA,NA,NA,NA,NA,NA,NA,NA,NA,NA,NA
5809,Ja'Quan Gardner,RB,NA,NA,NA,NA,NA,NA,NA,NA,NA,NA,NA,NA,NA,NA,NA
2565,Jean Sifrin,TE,NA,NA,NA,NA,NA,NA,NA,NA,NA,NA,NA,NA,NA,NA,NA
11918,Ahmarean Brown,WR,NA,NA,NA,NA,NA,NA,NA,NA,NA,NA,NA,NA,NA,NA,NA
6519,Darrius Shepherd,WR,NA,NA,NA,NA,NA,NA,NA,NA,NA,NA,NA,NA,NA,NA,NA
8070,Travis Toivonen,WR,NA,NA,NA,NA,NA,NA,NA,NA,NA,NA,NA,NA,NA,NA,NA
2304,Jerome Cunningham,TE,NA,NA,NA,NA,NA,NA,NA,NA,NA,NA,NA,NA,NA,NA,NA
12413,Hamze El-Zayat,WR,NA,NA,NA,NA,NA,NA,NA,NA,NA,NA,NA,NA,NA,NA,NA
13599,Kyron Drones,QB,NA,NA,NA,NA,NA,NA,NA,NA,NA,NA,NA,NA,NA,NA,NA
5024,James Washington,WR,NA,NA,NA,NA,NA,NA,NA,NA,NA,NA,NA,NA,NA,NA,NA
3540,Jamaal Jones,WR,NA,NA,NA,NA,NA,NA,NA,NA,NA,NA,NA,NA,NA,NA,NA
4733,Alex Gray,TE,NA,NA,NA,NA,NA,NA,NA,NA,NA,NA,NA,NA,NA,NA,NA
7552,Blake Proehl,WR,NA,NA,NA,NA,NA,NA,NA,NA,NA,NA,NA,NA,NA,NA,NA
5550,John David Moore,RB,NA,NA,NA,NA,NA,NA,NA,NA,NA,NA,NA,NA,NA,NA,NA
13418,Robert Henry,RB,WAS,NA,NA,NA,NA,NA,NA,NA,NA,NA,NA,NA,NA,NA,NA
12220,Brevin Easton,WR,NA,NA,NA,NA,NA,NA,NA,NA,NA,NA,NA,NA,NA,NA,NA
12831,Tyler Kahmann,WR,NA,NA,NA,NA,NA,NA,NA,NA,NA,NA,NA,NA,NA,NA,NA
4697,Khalid Abdullah,RB,NA,NA,NA,NA,NA,NA,NA,NA,NA,NA,NA,NA,NA,NA,NA
6075,Jesper Horsted,TE,NA,NA,NA,NA,NA,NA,NA,NA,NA,NA,NA,NA,NA,NA,NA
5268,Ben Johnson,TE,NA,NA,NA,NA,NA,NA,NA,NA,NA,NA,NA,NA,NA,NA,NA
7407,Isaiah Wright,WR,NA,NA,NA,NA,NA,NA,NA,NA,NA,NA,NA,NA,NA,NA,NA
5231,Cole Hunt,TE,NA,NA,NA,NA,NA,NA,NA,NA,NA,NA,NA,NA,NA,NA,NA
7863,JaQuan Hardy,RB,NA,NA,NA,NA,NA,NA,NA,NA,NA,NA,NA,NA,NA,NA,NA
8194,Jashaun Corbin,RB,NA,NA,NA,NA,NA,NA,NA,NA,NA,NA,NA,NA,NA,NA,NA
8442,Jarrett Guarantano,QB,NA,NA,NA,NA,NA,NA,NA,NA,NA,NA,NA,NA,NA,NA,NA
7262,Jalen Morton,QB,IND,NA,NA,NA,NA,NA,NA,NA,NA,NA,NA,NA,NA,NA,NA
9231,Jaren Hall,QB,NA,NA,NA,NA,NA,NA,NA,NA,NA,NA,NA,NA,NA,NA,NA
7159,Reid Sinnett,QB,NA,NA,NA,NA,NA,NA,NA,NA,NA,NA,NA,NA,NA,NA,NA
13988,Stone Eby,TE,NA,NA,NA,NA,NA,NA,NA,NA,NA,NA,NA,NA,NA,NA,NA
2770,Harold Spears,TE,NA,NA,NA,NA,NA,NA,NA,NA,NA,NA,NA,NA,NA,NA,NA
13906,Jaden Nixon,RB,NA,NA,NA,NA,NA,NA,NA,NA,NA,NA,NA,NA,NA,NA,NA
89,Chad Henne,QB,NA,NA,NA,NA,NA,NA,NA,NA,NA,NA,NA,NA,NA,NA,NA
11229,Calvin Tyler,RB,NA,NA,NA,NA,NA,NA,NA,NA,NA,NA,NA,NA,NA,NA,NA
4585,Anthony Nash,WR,NA,NA,NA,NA,NA,NA,NA,NA,NA,NA,NA,NA,NA,NA,NA
2553,Rory Anderson,TE,NA,NA,NA,NA,NA,NA,NA,NA,NA,NA,NA,NA,NA,NA,NA
5269,Codey McElroy,TE,NA,NA,NA,NA,NA,NA,NA,NA,NA,NA,NA,NA,NA,NA,NA
3318,Kevin Hogan,QB,NA,NA,NA,NA,NA,NA,NA,NA,NA,NA,NA,NA,NA,NA,NA
4479,Thomas Sperbeck,WR,NA,NA,NA,NA,NA,NA,NA,NA,NA,NA,NA,NA,NA,NA,NA
6081,Kendall Blanton,TE,NA,NA,NA,NA,NA,NA,NA,NA,NA,NA,NA,NA,NA,NA,NA
12925,Jamaal Pritchett,WR,NYJ,NA,NA,NA,NA,NA,NA,NA,NA,NA,NA,NA,NA,NA,NA
4421,Jacob Hollister,TE,NA,NA,NA,NA,NA,NA,NA,NA,NA,NA,NA,NA,NA,NA,NA
3524,Marquise Williams,QB,NA,NA,NA,NA,NA,NA,NA,NA,NA,NA,NA,NA,NA,NA,NA
13304,O'Mega Blake,WR,NA,NA,NA,NA,NA,NA,NA,NA,NA,NA,NA,NA,NA,NA,NA
13898,Corey Rucker,WR,LV,NA,NA,NA,NA,NA,NA,NA,NA,NA,NA,NA,NA,NA,NA
6626,Isaac Zico,WR,NA,NA,NA,NA,NA,NA,NA,NA,NA,NA,NA,NA,NA,NA,NA
4128,Chad Williams,WR,NA,NA,NA,NA,NA,NA,NA,NA,NA,NA,NA,NA,NA,NA,NA
5052,Ronald Jones,RB,NA,NA,NA,NA,NA,NA,NA,NA,NA,NA,NA,NA,NA,NA,NA
11557,Joe Milton,QB,DAL,NA,NA,NA,NA,NA,NA,NA,NA,NA,NA,NA,NA,NA,NA
7397,Parker Houston,TE,NA,NA,NA,NA,NA,NA,NA,NA,NA,NA,NA,NA,NA,NA,NA
4814,De'Quan Hampton,WR,NA,NA,NA,NA,NA,NA,NA,NA,NA,NA,NA,NA,NA,NA,NA
10861,Xazavian Valladay,RB,NA,NA,NA,NA,NA,NA,NA,NA,NA,NA,NA,NA,NA,NA,NA
5398,Justin Crawford,RB,NA,NA,NA,NA,NA,NA,NA,NA,NA,NA,NA,NA,NA,NA,NA
11636,Johnny Wilson,WR,PHI,NA,NA,NA,NA,NA,NA,NA,NA,NA,NA,NA,NA,NA,NA
3609,Chris King,WR,NA,NA,NA,NA,NA,NA,NA,NA,NA,NA,NA,NA,NA,NA,NA
5359,Dorren Miller,WR,NA,NA,NA,NA,NA,NA,NA,NA,NA,NA,NA,NA,NA,NA,NA
7274,Tyler Simmons,WR,NA,NA,NA,NA,NA,NA,NA,NA,NA,NA,NA,NA,NA,NA,NA
4031,Travis Wilson,TE,NA,NA,NA,NA,NA,NA,NA,NA,NA,NA,NA,NA,NA,NA,NA
11579,Audric Estime,RB,MIN,NA,NA,NA,NA,NA,NA,NA,NA,NA,NA,NA,NA,NA,NA
3021,Devin Gardner,WR,NA,NA,NA,NA,NA,NA,NA,NA,NA,NA,NA,NA,NA,NA,NA
12354,Easton Dean,TE,NA,NA,NA,NA,NA,NA,NA,NA,NA,NA,NA,NA,NA,NA,NA
4548,Joel Bouagnon,RB,NA,NA,NA,NA,NA,NA,NA,NA,NA,NA,NA,NA,NA,NA,NA
6966,Javon Leake,RB,NA,NA,NA,NA,NA,NA,NA,NA,NA,NA,NA,NA,NA,NA,NA
12809,Mac Dalena,WR,NA,NA,NA,NA,NA,NA,NA,NA,NA,NA,NA,NA,NA,NA,NA
12832,Blayne Taylor,WR,NA,NA,NA,NA,NA,NA,NA,NA,NA,NA,NA,NA,NA,NA,NA
7614,Darius Clark,RB,NA,NA,NA,NA,NA,NA,NA,NA,NA,NA,NA,NA,NA,NA,NA
6489,Taryn Christion,QB,NA,NA,NA,NA,NA,NA,NA,NA,NA,NA,NA,NA,NA,NA,NA
7593,Trey Sermon,RB,ATL,NA,NA,NA,NA,NA,NA,NA,NA,NA,NA,NA,NA,NA,NA
3211,Paul Perkins,RB,NA,NA,NA,NA,NA,NA,NA,NA,NA,NA,NA,NA,NA,NA,NA
2936,Rasheed Williams,RB,NA,NA,NA,NA,NA,NA,NA,NA,NA,NA,NA,NA,NA,NA,NA
5854,Drew Lock,QB,SEA,NA,NA,NA,NA,NA,NA,NA,NA,NA,NA,NA,NA,NA,NA
8241,Anthony Brown,QB,NA,NA,NA,NA,NA,NA,NA,NA,NA,NA,NA,NA,NA,NA,NA
788,Dion Lewis,RB,NA,NA,NA,NA,NA,NA,NA,NA,NA,NA,NA,NA,NA,NA,NA
8633,Stephon Robinson,WR,NA,NA,NA,NA,NA,NA,NA,NA,NA,NA,NA,NA,NA,NA,NA
8931,Josh Ali,WR,NA,NA,NA,NA,NA,NA,NA,NA,NA,NA,NA,NA,NA,NA,NA
14076,Justin Jones,RB,NA,NA,NA,NA,NA,NA,NA,NA,NA,NA,NA,NA,NA,NA,NA
12399,Caleb Chapman,WR,NA,NA,NA,NA,NA,NA,NA,NA,NA,NA,NA,NA,NA,NA,NA
7585,Davis Mills,QB,HOU,NA,NA,NA,NA,NA,NA,NA,NA,NA,NA,NA,NA,NA,NA
13409,Donaven McCulley,WR,NA,NA,NA,NA,NA,NA,NA,NA,NA,NA,NA,NA,NA,NA,NA
7555,Jamie Newman,QB,NA,NA,NA,NA,NA,NA,NA,NA,NA,NA,NA,NA,NA,NA,NA
7619,Mathew Sexton,WR,NA,NA,NA,NA,NA,NA,NA,NA,NA,NA,NA,NA,NA,NA,NA
3648,Matt Weiser,TE,NA,NA,NA,NA,NA,NA,NA,NA,NA,NA,NA,NA,NA,NA,NA
6823,Jacob Eason,QB,NA,NA,NA,NA,NA,NA,NA,NA,NA,NA,NA,NA,NA,NA,NA
8116,Pierre Strong,RB,GB,NA,NA,NA,NA,NA,NA,NA,NA,NA,NA,NA,NA,NA,NA
5007,Keke Coutee,WR,NA,NA,NA,NA,NA,NA,NA,NA,NA,NA,NA,NA,NA,NA,NA
4569,Brian Brown,WR,NA,NA,NA,NA,NA,NA,NA,NA,NA,NA,NA,NA,NA,NA,NA
6908,La'Mical Perine,RB,NA,NA,NA,NA,NA,NA,NA,NA,NA,NA,NA,NA,NA,NA,NA
6016,Dax Raymond,TE,PIT,NA,NA,NA,NA,NA,NA,NA,NA,NA,NA,NA,NA,NA,NA
6381,Alexander Hollins,WR,NA,NA,NA,NA,NA,NA,NA,NA,NA,NA,NA,NA,NA,NA,NA
12971,Ke'Shawn Williams,WR,CIN,NA,NA,NA,NA,NA,NA,NA,NA,NA,NA,NA,NA,NA,NA
2948,Brandon Cottom,RB,NA,NA,NA,NA,NA,NA,NA,NA,NA,NA,NA,NA,NA,NA,NA
5776,Mark Chapman,WR,NA,NA,NA,NA,NA,NA,NA,NA,NA,NA,NA,NA,NA,NA,NA
6501,C.J. Conrad,TE,NA,NA,NA,NA,NA,NA,NA,NA,NA,NA,NA,NA,NA,NA,NA
6279,Brandon Dillon,TE,NA,NA,NA,NA,NA,NA,NA,NA,NA,NA,NA,NA,NA,NA,NA
1517,Theo Riddick,RB,NA,NA,NA,NA,NA,NA,NA,NA,NA,NA,NA,NA,NA,NA,NA
10233,Max Duggan,QB,NA,NA,NA,NA,NA,NA,NA,NA,NA,NA,NA,NA,NA,NA,NA
7862,T.J. Vasher,WR,NA,NA,NA,NA,NA,NA,NA,NA,NA,NA,NA,NA,NA,NA,NA
7013,Steven Montez,QB,NA,NA,NA,NA,NA,NA,NA,NA,NA,NA,NA,NA,NA,NA,NA
4385,Kalif Phillips,RB,NA,NA,NA,NA,NA,NA,NA,NA,NA,NA,NA,NA,NA,NA,NA
3453,Josh Ferguson,RB,NA,NA,NA,NA,NA,NA,NA,NA,NA,NA,NA,NA,NA,NA,NA
8698,Jake Tonges,TE,SF,NA,NA,NA,NA,NA,NA,NA,NA,NA,NA,NA,NA,NA,NA
12848,Josh Kelly,WR,HOU,NA,NA,NA,NA,NA,NA,NA,NA,NA,NA,NA,NA,NA,NA
7938,Hunter Kampmoyer,TE,NA,NA,NA,NA,NA,NA,NA,NA,NA,NA,NA,NA,NA,NA,NA
5100,Jordan Wilkins,RB,NA,NA,NA,NA,NA,NA,NA,NA,NA,NA,NA,NA,NA,NA,NA
1800,Jordan Matthews,TE,NA,NA,NA,NA,NA,NA,NA,NA,NA,NA,NA,NA,NA,NA,NA
4813,Marvin Bracy,WR,NA,NA,NA,NA,NA,NA,NA,NA,NA,NA,NA,NA,NA,NA,NA
3496,Stephen Anderson,TE,NA,NA,NA,NA,NA,NA,NA,NA,NA,NA,NA,NA,NA,NA,NA
12121,Deshaun Fenwick,RB,NA,NA,NA,NA,NA,NA,NA,NA,NA,NA,NA,NA,NA,NA,NA
3423,Robbie Chosen,WR,NA,NA,NA,NA,NA,NA,NA,NA,NA,NA,NA,NA,NA,NA,NA
13108,Julian Fleming,WR,NA,NA,NA,NA,NA,NA,NA,NA,NA,NA,NA,NA,NA,NA,NA
1550,Ryan Griffin,QB,NA,NA,NA,NA,NA,NA,NA,NA,NA,NA,NA,NA,NA,NA,NA
7944,Michael Strachan,WR,NA,NA,NA,NA,NA,NA,NA,NA,NA,NA,NA,NA,NA,NA,NA
6374,Drew Belcher,TE,NA,NA,NA,NA,NA,NA,NA,NA,NA,NA,NA,NA,NA,NA,NA
801,Charles Clay,TE,NA,NA,NA,NA,NA,NA,NA,NA,NA,NA,NA,NA,NA,NA,NA
12264,Cole Beck,WR,NA,NA,NA,NA,NA,NA,NA,NA,NA,NA,NA,NA,NA,NA,NA
6459,Sean Modster,WR,NA,NA,NA,NA,NA,NA,NA,NA,NA,NA,NA,NA,NA,NA,NA
13228,Ife Adeyi,WR,NA,NA,NA,NA,NA,NA,NA,NA,NA,NA,NA,NA,NA,NA,NA
14017,Brett Weaver,TE,NA,NA,NA,NA,NA,NA,NA,NA,NA,NA,NA,NA,NA,NA,NA
12967,Jacolby George,WR,NA,NA,NA,NA,NA,NA,NA,NA,NA,NA,NA,NA,NA,NA,NA
13352,Lincoln Pare,RB,NA,NA,NA,NA,NA,NA,NA,NA,NA,NA,NA,NA,NA,NA,NA
19,Joe Flacco,QB,CIN,NA,NA,NA,NA,NA,NA,NA,NA,NA,NA,NA,NA,NA,NA
12300,Joshua Lingenfelter,TE,NA,NA,NA,NA,NA,NA,NA,NA,NA,NA,NA,NA,NA,NA,NA
2025,Albert Wilson,WR,NA,NA,NA,NA,NA,NA,NA,NA,NA,NA,NA,NA,NA,NA,NA
8410,Jequez Ezzard,WR,NA,NA,NA,NA,NA,NA,NA,NA,NA,NA,NA,NA,NA,NA,NA
5143,Demario Richard,RB,NA,NA,NA,NA,NA,NA,NA,NA,NA,NA,NA,NA,NA,NA,NA
1387,Rex Burkhead,RB,NA,NA,NA,NA,NA,NA,NA,NA,NA,NA,NA,NA,NA,NA,NA
12244,DeAngelo Hardy,WR,NA,NA,NA,NA,NA,NA,NA,NA,NA,NA,NA,NA,NA,NA,NA
13323,Rahsul Faison,RB,NA,NA,NA,NA,NA,NA,NA,NA,NA,NA,NA,NA,NA,NA,NA
3488,D.J. Foster,RB,NA,NA,NA,NA,NA,NA,NA,NA,NA,NA,NA,NA,NA,NA,NA
12028,TaMerik Williams,RB,NA,NA,NA,NA,NA,NA,NA,NA,NA,NA,NA,NA,NA,NA,NA
11906,Ty James,WR,NA,NA,NA,NA,NA,NA,NA,NA,NA,NA,NA,NA,NA,NA,NA
1895,AJ McCarron,QB,NA,NA,NA,NA,NA,NA,NA,NA,NA,NA,NA,NA,NA,NA,NA
2320,Melvin Gordon,RB,NA,NA,NA,NA,NA,NA,NA,NA,NA,NA,NA,NA,NA,NA,NA
13295,Behren Morton,QB,NE,NA,NA,NA,NA,NA,NA,NA,NA,NA,NA,NA,NA,NA,NA
5122,Boston Scott,RB,NA,NA,NA,NA,NA,NA,NA,NA,NA,NA,NA,NA,NA,NA,NA
5619,Dalyn Dawkins,RB,NA,NA,NA,NA,NA,NA,NA,NA,NA,NA,NA,NA,NA,NA,NA
11445,Taylor Grimes,WR,NA,NA,NA,NA,NA,NA,NA,NA,NA,NA,NA,NA,NA,NA,NA
5530,Evan Berry,WR,NA,NA,NA,NA,NA,NA,NA,NA,NA,NA,NA,NA,NA,NA,NA
3916,David Watford,WR,NA,NA,NA,NA,NA,NA,NA,NA,NA,NA,NA,NA,NA,NA,NA
5718,Ryan Yurachek,TE,NA,NA,NA,NA,NA,NA,NA,NA,NA,NA,NA,NA,NA,NA,NA
13302,Adam Randall,RB,BAL,NA,NA,NA,NA,NA,NA,NA,NA,NA,NA,NA,NA,NA,NA
3730,Tevin Jones,WR,NA,NA,NA,NA,NA,NA,NA,NA,NA,NA,NA,NA,NA,NA,NA
11282,Johnny King,WR,NA,NA,NA,NA,NA,NA,NA,NA,NA,NA,NA,NA,NA,NA,NA
4038,John Ross,WR,NA,NA,NA,NA,NA,NA,NA,NA,NA,NA,NA,NA,NA,NA,NA
4396,Drew Morgan,WR,NA,NA,NA,NA,NA,NA,NA,NA,NA,NA,NA,NA,NA,NA,NA
4828,Rashard Davis,WR,NA,NA,NA,NA,NA,NA,NA,NA,NA,NA,NA,NA,NA,NA,NA
11155,Christian Sims,TE,NA,NA,NA,NA,NA,NA,NA,NA,NA,NA,NA,NA,NA,NA,NA
4992,Dante Pettis,WR,SF,NA,NA,NA,NA,NA,NA,NA,NA,NA,NA,NA,NA,NA,NA
13064,Dorian Singer,WR,NA,NA,NA,NA,NA,NA,NA,NA,NA,NA,NA,NA,NA,NA,NA
5965,Miles Boykin,WR,NA,NA,NA,NA,NA,NA,NA,NA,NA,NA,NA,NA,NA,NA,NA
13600,Tyren Montgomery,WR,TEN,NA,NA,NA,NA,NA,NA,NA,NA,NA,NA,NA,NA,NA,NA
11649,Kendall Milton,RB,CIN,NA,NA,NA,NA,NA,NA,NA,NA,NA,NA,NA,NA,NA,NA
2023,De'Anthony Thomas,WR,NA,NA,NA,NA,NA,NA,NA,NA,NA,NA,NA,NA,NA,NA,NA
5038,Michael Gallup,WR,NA,NA,NA,NA,NA,NA,NA,NA,NA,NA,NA,NA,NA,NA,NA
3561,Bryce Williams,TE,NA,NA,NA,NA,NA,NA,NA,NA,NA,NA,NA,NA,NA,NA,NA
6137,Tommy Sweeney,TE,NA,NA,NA,NA,NA,NA,NA,NA,NA,NA,NA,NA,NA,NA,NA
6918,Salvon Ahmed,RB,CHI,NA,NA,NA,NA,NA,NA,NA,NA,NA,NA,NA,NA,NA,NA
1684,Jaron Brown,WR,NA,NA,NA,NA,NA,NA,NA,NA,NA,NA,NA,NA,NA,NA,NA
3342,Jakeem Grant,WR,NA,NA,NA,NA,NA,NA,NA,NA,NA,NA,NA,NA,NA,NA,NA
8809,Aaron Shampklin,RB,NA,NA,NA,NA,NA,NA,NA,NA,NA,NA,NA,NA,NA,NA,NA
2474,Nick Boyle,TE,NA,NA,NA,NA,NA,NA,NA,NA,NA,NA,NA,NA,NA,NA,NA
11522,Jerome Kapp,WR,NA,NA,NA,NA,NA,NA,NA,NA,NA,NA,NA,NA,NA,NA,NA
13221,Brett Gabbert,QB,NA,NA,NA,NA,NA,NA,NA,NA,NA,NA,NA,NA,NA,NA,NA
5428,Ricky Jeune,WR,NA,NA,NA,NA,NA,NA,NA,NA,NA,NA,NA,NA,NA,NA,NA
7918,A.J. Rose,RB,NA,NA,NA,NA,NA,NA,NA,NA,NA,NA,NA,NA,NA,NA,NA
2801,DeAndrew White,WR,NA,NA,NA,NA,NA,NA,NA,NA,NA,NA,NA,NA,NA,NA,NA
13175,Kinkead Dent,QB,NA,NA,NA,NA,NA,NA,NA,NA,NA,NA,NA,NA,NA,NA,NA
8074,Matt Seybert,TE,NA,NA,NA,NA,NA,NA,NA,NA,NA,NA,NA,NA,NA,NA,NA
1408,Le'Veon Bell,RB,NA,NA,NA,NA,NA,NA,NA,NA,NA,NA,NA,NA,NA,NA,NA
7926,Carl Tucker,TE,NA,NA,NA,NA,NA,NA,NA,NA,NA,NA,NA,NA,NA,NA,NA
6462,Ellis Richardson,TE,NA,NA,NA,NA,NA,NA,NA,NA,NA,NA,NA,NA,NA,NA,NA
9509,Bijan Robinson,RB,ATL,NA,NA,NA,86.33,0.64,4.26,35.14,0.32,0.09,NA,0.03,0.01,NA,1
8144,Chris Olave,WR,NO,NA,NA,NA,0.2,0,5.9,89.51,0.71,0.03,NA,0,0.04,NA,1
7553,Kyle Pitts,TE,ATL,NA,NA,NA,NA,NA,2.85,33.23,0.4,0.01,NA,NA,0.02,NA,1
6271,Olamide Zaccheaus,WR,ATL,NA,NA,NA,0.89,0.01,1.01,12.3,0.1,0.01,NA,0,0,NA,1
3202,Austin Hooper,TE,ATL,NA,NA,NA,NA,NA,0.91,9.34,0.13,0,NA,NA,0.01,NA,1
13277,CJ Donaldson,RB,NO,NA,NA,NA,15.03,0.1,0.94,7.22,0.06,NA,NA,NA,NA,NA,1
7002,Juwan Johnson,TE,NO,NA,NA,NA,NA,NA,4.32,52.41,0.38,0.02,NA,NA,0.02,NA,1
5857,Noah Fant,TE,NO,NA,NA,NA,NA,NA,2.16,20.82,0.31,0.01,NA,NA,0.02,NA,1
12545,Tyler Shough,QB,NO,260.34,1.67,1.14,19.99,0.16,NA,NA,NA,0.21,0.09,0.01,NA,NA,1
8119,Jahan Dotson,WR,ATL,NA,NA,NA,0.1,0,1.59,19.14,0.16,0.01,NA,0,0.01,NA,1
7075,Charlie Woerner,TE,ATL,NA,NA,NA,NA,NA,0.32,2.54,0.02,0,NA,NA,0,NA,1
4035,Alvin Kamara,RB,NO,NA,NA,NA,39.26,0.27,2.46,13.56,0.11,0.05,NA,0.02,0.01,NA,1
13533,Barion Brown,WR,NO,NA,NA,NA,NA,NA,0.66,7.24,0.05,0,NA,NA,0,NA,1
13320,Zachariah Branch,WR,ATL,NA,NA,NA,0.53,0.01,1.17,12.23,0.1,0,NA,NA,0,NA,1
11559,Michael Penix,QB,ATL,205.05,1.31,0.46,9.52,0.16,NA,NA,NA,0.17,0.06,0.01,NA,NA,1
8154,Brian Robinson,RB,ATL,NA,NA,NA,20.38,0.12,0.67,5.12,0.05,0.02,NA,0.01,0,NA,1
11834,Devaughn Vele,WR,NO,NA,NA,NA,0.24,0,3.89,46.88,0.29,0.02,NA,0,0.02,NA,1
9757,Kendre Miller,RB,NO,NA,NA,NA,28.18,0.35,1.14,8.09,0.06,0.04,NA,0.02,0,NA,1
8112,Drake London,WR,ATL,NA,NA,NA,0.2,0,5.24,81.12,0.46,0.02,NA,0,0.02,NA,1
13420,Bryce Lance,WR,NO,NA,NA,NA,NA,NA,1.4,16.86,0.11,0.01,NA,NA,0.01,NA,1
13319,Oscar Delp,TE,NO,NA,NA,NA,NA,NA,0.74,6.15,0.04,0,NA,NA,0,NA,1
9500,Josh Downs,WR,IND,NA,NA,NA,0.43,0,4.25,61.64,0.42,0.02,NA,0,0.02,NA,1
9480,Brenton Strange,TE,JAX,NA,NA,NA,NA,NA,3.67,44.23,0.29,0.02,NA,NA,0.02,NA,1
9225,Tank Bigsby,RB,PHI,NA,NA,NA,16.66,0.15,0.35,2.82,0.02,0.01,NA,0.01,0,NA,1
8484,Ko Kieft,TE,TB,NA,NA,NA,NA,NA,0.02,0.16,0,0,NA,NA,0,NA,1
8414,Britain Covey,WR,PHI,NA,NA,NA,NA,NA,0.18,1.77,0.01,0,NA,NA,0,NA,1
8254,Julius Chestnut,RB,TEN,NA,NA,NA,0.75,0.01,0.08,0.61,0,0,NA,0,0,NA,1
8210,Chig Okonkwo,TE,WAS,NA,NA,NA,NA,NA,3.28,32.85,0.26,0.01,NA,NA,0.02,NA,1
8161,Malik Willis,QB,MIA,186.78,0.56,0.55,21.14,0.31,NA,NA,NA,0.13,0.05,0.02,NA,NA,1
8145,Jeremy Ruckert,TE,NYJ,NA,NA,NA,NA,NA,1.78,15.68,0.1,0.01,NA,NA,0.01,NA,1
8134,Khalil Shakir,WR,BUF,NA,NA,NA,0.49,0,3.68,37.8,0.12,0.02,NA,0,0.01,NA,1
7828,Noah Gray,TE,KC,NA,NA,NA,NA,NA,1.4,13.75,0.1,0.01,NA,NA,0.01,NA,1
7526,Jaylen Waddle,WR,DEN,NA,NA,NA,1.13,0.01,4.59,65.23,0.2,0.02,NA,0,0.01,NA,1
7049,Jauan Jennings,WR,MIN,NA,NA,NA,0.13,0,2.84,34.3,0.46,0.01,NA,NA,0.02,NA,1
6865,Colby Parkinson,TE,LAR,NA,NA,NA,NA,NA,2.11,22.12,0.27,0.01,NA,NA,0.02,NA,1
6826,Cole Kmet,TE,CHI,NA,NA,NA,NA,NA,1.46,15.72,0.13,0.01,NA,NA,0.01,NA,1
6588,Tom Kennedy,WR,DET,NA,NA,NA,NA,NA,0.19,2.27,0.01,0,NA,NA,0,NA,1
5970,Greg Dortch,WR,BUF,NA,NA,NA,0.59,0.01,0.05,0.43,0,0,NA,0,0,NA,1
5967,Tony Pollard,RB,TEN,NA,NA,NA,51.1,0.25,1.71,10.39,0.03,0.05,NA,0.01,0,NA,1
5121,Braxton Berrios,WR,NYG,NA,NA,NA,0.57,0,0.13,1.23,0.01,NA,NA,NA,NA,NA,1
5001,Dalton Schultz,TE,HOU,NA,NA,NA,NA,NA,4.38,45.81,0.26,0.02,NA,NA,0.01,NA,1
4454,Kendrick Bourne,WR,ARI,NA,NA,NA,NA,NA,2.5,26.47,0.13,0.01,NA,NA,0.01,NA,1
2306,Jameis Winston,QB,NYG,199.27,1.5,0.72,15.32,0.11,NA,NA,NA,0.17,0.05,0.01,NA,NA,1
2216,Mike Evans,WR,SF,NA,NA,NA,NA,NA,4.15,64.46,0.52,0.02,NA,NA,0.04,NA,1
2133,Davante Adams,WR,LAR,NA,NA,NA,NA,NA,4.34,75.71,0.45,0.02,NA,NA,0.03,NA,1
13329,Malik Benson,WR,LV,NA,NA,NA,NA,NA,0.35,3.32,0.03,0,NA,0,0,NA,1
13300,Le'Veon Moss,RB,NA,NA,NA,NA,NA,NA,NA,NA,0,NA,NA,NA,NA,NA,1
13299,Nate Boerkircher,TE,JAX,NA,NA,NA,NA,NA,0.63,7.19,0.04,0,NA,NA,0,NA,1
13296,Caleb Douglas,WR,MIA,NA,NA,NA,0.16,0,2.49,30.99,0.1,0.01,NA,NA,0.01,NA,1
13294,Makai Lemon,WR,PHI,NA,NA,NA,0.43,0,3.91,30.39,0.2,0.02,NA,0,0.01,NA,1
13287,Jeremiyah Love,RB,ARI,NA,NA,NA,71.15,0.59,2.7,16.08,0.17,0.07,NA,0.03,0.01,NA,1
13279,Carnell Tate,WR,TEN,NA,NA,NA,0.08,0,4.33,47.79,0.14,0.02,NA,0,0.01,NA,1
12533,Jacory Croskey-Merritt,RB,WAS,NA,NA,NA,53.47,0.76,1.14,7.85,0.04,0.05,NA,0.04,0,NA,1
12522,Cam Ward,QB,TEN,201.45,0.83,0.34,9.37,0.18,NA,NA,NA,0.16,0.07,0.01,NA,NA,1
12509,Tre' Harris,WR,LAC,NA,NA,NA,0.43,0,2.77,36.11,0.09,0.01,NA,0,0.01,NA,1
12505,Jalen Royals,WR,KC,NA,NA,NA,0.19,0,0.67,7.03,0.09,0,NA,0,0,NA,1
12493,Oronde Gadsden,TE,LAC,NA,NA,NA,NA,NA,2.47,28.62,0.22,0.01,NA,NA,0.01,NA,1
12490,Bhayshul Tuten,RB,JAX,NA,NA,NA,57.42,0.46,1.76,16.17,0.13,0.05,NA,0.03,0.01,NA,1
12489,RJ Harvey,RB,DEN,NA,NA,NA,29.3,0.32,2.94,21.72,0.19,0.04,NA,0.02,0.01,NA,1
11729,Sione Vaki,RB,DET,NA,NA,NA,16.76,0.13,0.86,8.1,0.05,0.02,NA,0.01,0,NA,1
11655,Tyrone Tracy,RB,NYG,NA,NA,NA,4.66,0.01,0.11,0.83,0.01,0,NA,0,0,NA,1
11637,Keon Coleman,WR,BUF,NA,NA,NA,0.19,0,1.87,24.1,0.09,0.01,NA,0,0.01,NA,1
11627,Troy Franklin,WR,DEN,NA,NA,NA,0.39,0,0.89,10.91,0.07,0,NA,0,0,NA,1
11620,Rome Odunze,WR,CHI,NA,NA,NA,0.06,0,2.7,43.64,0.24,0.01,NA,0,0.01,NA,1
11604,Brock Bowers,TE,LV,NA,NA,NA,0.87,0.01,6.27,56.63,0.54,0.02,NA,0,0.03,NA,1
11599,Cade Stover,TE,HOU,NA,NA,NA,0.51,0,0.39,3.47,0.02,0,NA,0,0,NA,1
11581,MarShawn Lloyd,RB,GB,NA,NA,NA,33.03,0.24,1.52,11.95,0.09,0.04,NA,0.02,0,NA,1
11563,Bo Nix,QB,DEN,225.92,1.6,0.36,17.69,0.25,NA,NA,NA,0.2,0.09,0.01,NA,NA,1
10229,Rashee Rice,WR,KC,NA,NA,NA,1.78,0.02,4.85,58.79,0.5,0.02,NA,0,0.02,NA,1
10212,Josh Whyle,TE,GB,NA,NA,NA,NA,NA,0.18,1.42,0.01,0,NA,NA,0,NA,1
9506,Sean Tucker,RB,TB,NA,NA,NA,1.56,0.02,0.05,0.48,0.01,0,NA,0,0,NA,1
9488,Jaxon Smith-Njigba,WR,SEA,NA,NA,NA,1.93,0.02,6.5,98.27,0.92,0.03,NA,0,0.04,NA,1
8917,KaVontae Turpin,WR,DAL,NA,NA,NA,2.65,0.02,0.67,10.47,0.05,0.01,NA,0,0,NA,1
8527,Dareke Young,WR,LV,NA,NA,NA,NA,NA,0.16,2.12,0.01,0,NA,NA,0,NA,1
8250,Tay Martin,WR,DET,NA,NA,NA,NA,NA,0.28,3.32,0.02,0,NA,0,0,NA,1
8219,Jelani Woods,TE,NYJ,NA,NA,NA,NA,NA,0.42,5.1,0.03,NA,NA,NA,NA,NA,1
8204,Bo Melton,WR,GB,NA,NA,NA,0.9,0,0.1,1.6,0.01,0,NA,0,0,NA,1
8146,Garrett Wilson,WR,NYJ,NA,NA,NA,1.08,0.01,6.65,86.81,0.54,0.03,NA,0,0.03,NA,1
8138,James Cook,RB,BUF,NA,NA,NA,93.66,0.7,1.75,11.55,0.13,0.08,NA,0.05,0.01,NA,1
8136,Rachaad White,RB,WAS,NA,NA,NA,31.6,0.18,2.31,15.14,0.1,0.03,NA,0.01,0.01,NA,1
8135,Treylon Burks,WR,WAS,NA,NA,NA,1.03,0.01,0.55,7.02,0.03,0,NA,0,0,NA,1
8126,Wan'Dale Robinson,WR,TEN,NA,NA,NA,0.5,0,4.31,44.81,0.17,0.02,NA,0,0.01,NA,1
8117,Jalen Tolbert,WR,MIA,NA,NA,NA,NA,NA,0.13,1.66,0.01,0,NA,NA,0,NA,1
7670,Joshua Palmer,WR,BUF,NA,NA,NA,NA,NA,0.93,11.68,0.04,0,NA,NA,0,NA,1
7596,Elijah Moore,WR,PHI,NA,NA,NA,0.3,0,0.32,3.41,0.02,NA,NA,NA,NA,NA,1
7564,Ja'Marr Chase,WR,CIN,NA,NA,NA,1.03,0.01,6.26,79.11,0.71,0.03,NA,0,0.04,NA,1
7547,Amon-Ra St. Brown,WR,DET,NA,NA,NA,1.64,0.01,6.4,74.64,0.72,0.03,NA,0,0.05,NA,1
7531,Feleipe Franks,TE,CAR,NA,NA,NA,0.2,0,0.02,0.2,0,0,NA,0,0,NA,1
6904,Jalen Hurts,QB,PHI,196.15,1.1,0.7,31.2,0.34,NA,NA,NA,0.15,0.08,0.02,NA,NA,1
6869,Adam Trautman,TE,DEN,NA,NA,NA,NA,NA,0.79,7.86,0.06,0,NA,NA,0,NA,1
6806,J.K. Dobbins,RB,DEN,NA,NA,NA,44.95,0.22,1.14,6.06,0.06,0.05,NA,0.01,0,NA,1
6797,Justin Herbert,QB,LAC,206.06,1.22,0.9,15.27,0.11,NA,NA,NA,0.16,0.07,0.01,NA,NA,1
6794,Justin Jefferson,WR,MIN,NA,NA,NA,NA,NA,5.69,75.56,0.53,0.02,NA,0,0.03,NA,1
6770,Joe Burrow,QB,CIN,268.09,1.93,0.92,13.41,0.11,NA,NA,NA,0.23,0.12,0.01,NA,NA,1
6001,Drew Sample,TE,CIN,NA,NA,NA,NA,NA,1.29,10.47,0.06,0.01,NA,NA,0,NA,1
5848,Marquise Brown,WR,PHI,NA,NA,NA,NA,NA,0.35,4.05,0.02,0,NA,NA,0,NA,1
5008,Durham Smythe,TE,BAL,NA,NA,NA,NA,NA,0.33,3.62,0.02,0,NA,NA,0,NA,1
4984,Josh Allen,QB,BUF,226.92,1.21,0.46,40.3,0.97,NA,NA,NA,0.2,0.09,0.07,NA,NA,1
4054,Mo Alie-Cox,TE,IND,NA,NA,NA,NA,NA,0.36,4.2,0.05,0,NA,NA,0,NA,1
4039,Cooper Kupp,WR,SEA,NA,NA,NA,0.31,0,2.18,30.2,0.17,0.01,NA,NA,0.01,NA,1
3294,Dak Prescott,QB,DAL,280.44,1.59,0.89,11.93,0.08,NA,NA,NA,0.21,0.12,0.01,NA,NA,1
3200,Sterling Shepard,WR,NYJ,NA,NA,NA,NA,NA,1.12,12.55,0.05,NA,NA,NA,NA,NA,1
2307,Marcus Mariota,QB,WAS,231.29,1,0.62,31.74,0.22,NA,NA,NA,0.2,0.07,0.01,NA,NA,1
13825,Malik McClain,WR,NYJ,NA,NA,NA,NA,NA,0.62,8.06,0.05,NA,NA,NA,NA,NA,1
1373,Geno Smith,QB,NYJ,241.25,1.03,1.24,15.87,0.1,NA,NA,NA,0.17,0.07,0.01,NA,NA,1
13411,Zavion Thomas,WR,CHI,NA,NA,NA,0.81,0,0.26,3.19,0.02,0,NA,0,0,NA,1
13394,Josh Cameron,WR,JAX,NA,NA,NA,0.82,0.01,1.15,15.32,0.15,0.01,NA,0,0.01,NA,1
13337,Emmett Johnson,RB,KC,NA,NA,NA,11.91,0.1,1.17,11.29,0.08,0.02,NA,0.01,0,NA,1
13324,Matt Hibner,TE,BAL,NA,NA,NA,NA,NA,0.71,8.43,0.06,0,NA,NA,0,NA,1
13322,Sam Roush,TE,CHI,NA,NA,NA,NA,NA,0.88,9,0.07,0,NA,NA,0,NA,1
13311,Chris Bell,WR,MIA,NA,NA,NA,0.14,0,1.85,27.04,0.1,0.01,NA,0,0.01,NA,1
13288,Nicholas Singleton,RB,TEN,NA,NA,NA,4.09,0.04,0.1,0.75,0,0,NA,0,0,NA,1
13079,Jahdae Walker,WR,CHI,NA,NA,NA,NA,NA,0.31,4.38,0.05,0,NA,NA,0,NA,1
12718,Konata Mumpfield,WR,LAR,NA,NA,NA,NA,NA,0.55,6.97,0.06,0,NA,NA,0,NA,1
12658,Jackson Hawes,TE,BUF,NA,NA,NA,NA,NA,0.35,3.33,0.02,0,NA,NA,0,NA,1
12547,Kyle Williams,WR,NE,NA,NA,NA,0.23,0,1.08,15.87,0.1,0,NA,0,0.01,NA,1
12542,Efton Chism,WR,NE,NA,NA,NA,NA,NA,0.7,8.99,0.05,0,NA,0,0,NA,1
12535,Isaac TeSlaa,WR,DET,NA,NA,NA,0.26,0,1.4,20.23,0.13,0.01,NA,0,0.01,NA,1
12507,Omarion Hampton,RB,LAC,NA,NA,NA,42.24,0.41,1.64,7.98,0.06,0.05,NA,0.03,0,NA,1
12504,Kaleb Johnson,RB,GB,NA,NA,NA,21.33,0.17,1.13,9.85,0.08,0.03,NA,0.01,0,NA,1
12502,Gunnar Helm,TE,TEN,NA,NA,NA,NA,NA,3.51,29.16,0.11,0.01,NA,NA,0.01,NA,1
12481,Cam Skattebo,RB,NYG,NA,NA,NA,80.35,0.44,2.02,18.51,0.16,0.08,NA,0.03,0.01,NA,1
11994,Kameron Johnson,WR,TB,NA,NA,NA,0.26,0,0.14,1.76,0.01,0,NA,0,0,NA,1
11783,Ryan Flournoy,WR,DAL,NA,NA,NA,0.21,0,3.22,37.22,0.19,0.01,NA,0,0.01,NA,1
11647,Kimani Vidal,RB,LAC,NA,NA,NA,3.34,0.02,0.62,4.56,0.03,0.01,NA,0,0,NA,1
11632,Malik Nabers,WR,NYG,NA,NA,NA,1.17,0.01,5.07,62.36,0.39,0.02,NA,0,0.02,NA,1
11623,Jordan Whittington,WR,LAR,NA,NA,NA,0.29,0,0.32,3.56,0.02,0,NA,0,0,NA,1
11616,Jacob Cowing,WR,SF,NA,NA,NA,NA,NA,0.96,11.7,0.06,0,NA,NA,0.01,NA,1
11597,Theo Johnson,TE,NYG,NA,NA,NA,NA,NA,1.06,14.45,0.1,0,NA,NA,0,NA,1
11596,Ben Sinnott,TE,WAS,NA,NA,NA,NA,NA,0.23,2.12,0.01,0,NA,NA,0,NA,1
11570,Rasheen Ali,RB,BAL,NA,NA,NA,1.43,0.01,0.08,0.78,0.01,0,NA,0,0,NA,1
11157,Brycen Tremayne,WR,CAR,NA,NA,NA,0.18,0,1.68,16.5,0.11,NA,NA,NA,NA,NA,1
10236,Dalton Kincaid,TE,BUF,NA,NA,NA,NA,NA,4.72,59.65,0.25,0.02,NA,NA,0.02,NA,1
10225,Jonathan Mingo,WR,DAL,NA,NA,NA,NA,NA,0.1,1.65,0.01,NA,NA,NA,NA,NA,1
10214,Davis Allen,TE,LAR,NA,NA,NA,NA,NA,0.65,5.96,0.03,0,NA,NA,0,NA,1
9758,C.J. Stroud,QB,HOU,257.63,1.58,0.37,14.3,0.15,NA,NA,NA,0.19,0.08,0.01,NA,NA,1
9754,Quentin Johnston,WR,LAC,NA,NA,NA,0.54,0,2.76,41.66,0.26,0.01,NA,0,0.01,NA,1
9511,Keaton Mitchell,RB,LAC,NA,NA,NA,21.62,0.04,1.17,6.86,0.07,0.02,NA,0,0,NA,1
9501,DeMario Douglas,WR,NE,NA,NA,NA,1.56,0.01,2.41,29.07,0.09,0.01,NA,0,0.01,NA,1
9493,Puka Nacua,WR,LAR,NA,NA,NA,2.75,0.02,6.23,90.86,0.57,0.03,NA,0,0.03,NA,1
9221,Jahmyr Gibbs,RB,DET,NA,NA,NA,95.1,0.91,4.88,31.05,0.31,0.11,NA,0.05,0.02,NA,1
8225,Daniel Bellinger,TE,TEN,NA,NA,NA,NA,NA,0.92,9.35,0.05,0,NA,NA,0,NA,1
8183,Brock Purdy,QB,SF,243.62,1.82,0.73,21.9,0.23,NA,NA,NA,0.19,0.15,0.02,NA,NA,1
8180,Jalen Nailor,WR,LV,NA,NA,NA,0.9,0.01,1.98,25.69,0.24,0.01,NA,0,0.01,NA,1
8168,Skyy Moore,WR,GB,NA,NA,NA,2.58,0.01,1.85,22.18,0.1,0.01,NA,0,0,NA,1
8151,Kenneth Walker,RB,KC,NA,NA,NA,80.16,0.44,4.06,32.31,0.33,0.09,NA,0.03,0.02,NA,1
8111,Cade Otton,TE,TB,NA,NA,NA,NA,NA,3.06,31.59,0.16,0.01,NA,NA,0.01,NA,1
8110,Jake Ferguson,TE,DAL,NA,NA,NA,NA,NA,3.59,34.5,0.32,0.01,NA,NA,0.02,NA,1
7694,Tommy Tremble,TE,CAR,NA,NA,NA,NA,NA,1.37,11.89,0.11,0.01,NA,NA,0.01,NA,1
7588,Javonte Williams,RB,DAL,NA,NA,NA,60.55,0.66,2.59,15.16,0.14,0.08,NA,0.05,0.01,NA,1
7090,Darnell Mooney,WR,NYG,NA,NA,NA,0.23,0,1.54,24.16,0.12,0.01,NA,0,0,NA,1
6931,DeeJay Dallas,RB,MIN,NA,NA,NA,11.79,0.09,1.07,6.82,0.06,0.01,NA,0,0,NA,1
6847,Devin Duvernay,WR,ARI,NA,NA,NA,0.21,0,0.08,0.65,0,0,NA,0,0,NA,1
6828,AJ Dillon,RB,CAR,NA,NA,NA,18.01,0.12,0.93,5.95,0.05,NA,NA,NA,NA,NA,1
6039,Ty Johnson,RB,BUF,NA,NA,NA,14.61,0.08,1.45,10.94,0.09,0.02,NA,0.01,0.01,NA,1
5947,Jakobi Meyers,WR,JAX,NA,NA,NA,0.79,0.01,3.66,48.99,0.2,0.02,NA,0,0.02,NA,1
5849,Kyler Murray,QB,MIN,204.63,1.39,0.54,31.2,0.28,NA,NA,NA,0.17,0.06,0.01,NA,NA,1
4983,DJ Moore,WR,BUF,NA,NA,NA,1.64,0.01,4.26,63.9,0.5,0.02,NA,0,0.04,NA,1
4981,Calvin Ridley,WR,TEN,NA,NA,NA,0.02,0,1.03,14.26,0.06,0,NA,0,0,NA,1
4943,Sam Darnold,QB,SEA,244.33,1.62,1.24,10.38,0.15,NA,NA,NA,0.19,0.08,0.01,NA,NA,1
4881,Lamar Jackson,QB,BAL,236.93,1.32,0.33,53.83,0.34,NA,NA,NA,0.17,0.1,0.02,NA,NA,1
4037,Chris Godwin,WR,TB,NA,NA,NA,0.47,0,3.46,38.45,0.24,0.01,NA,0,0.01,NA,1
3214,Hunter Henry,TE,NE,NA,NA,NA,NA,NA,3.97,40.86,0.24,0.02,NA,NA,0.02,NA,1
1737,Case Keenum,QB,CHI,201.6,1.35,0.31,9.9,0.06,NA,NA,NA,NA,NA,NA,NA,NA,1
14026,DJ Herman,RB,MIA,NA,NA,NA,0.16,0,0.44,4.1,0.02,NA,NA,NA,NA,NA,1
13429,Seydou Traore,TE,MIA,NA,NA,NA,NA,NA,0.04,0.35,0,0,NA,NA,0,NA,1
13425,Jalon Daniels,QB,TB,184.82,1.01,1.28,19.44,0.15,NA,NA,NA,0.12,0.05,0.01,NA,NA,1
13414,Kaelon Black,RB,SF,NA,NA,NA,30,0.15,0.76,5.45,0.03,0.03,NA,0.01,0,NA,1
13330,Kenyon Sadiq,TE,NYJ,NA,NA,NA,0.55,0.01,4.31,48.85,0.28,0.02,NA,0,0.02,NA,1
13315,Dean Connors,RB,LAR,NA,NA,NA,0.41,0,0.05,0.37,0,0,NA,0,0,NA,1
13301,Antonio Williams,WR,WAS,NA,NA,NA,0.49,0,1.73,21.68,0.13,0.01,NA,0,0.01,NA,1
13264,Dohnte Meyers,WR,CIN,NA,NA,NA,0.3,0,1.41,16.13,0.11,NA,NA,NA,NA,NA,1
12817,Jake Briningstool,TE,KC,NA,NA,NA,NA,NA,0.3,3.2,0.03,NA,NA,NA,NA,NA,1
12699,LaJohntay Wester,WR,BAL,NA,NA,NA,0.25,0,0.25,3.5,0.02,0,NA,0,0,NA,1
12641,Jaylin Lane,WR,WAS,NA,NA,NA,0.96,0.01,0.17,2.12,0.01,0,NA,0,0,NA,1
12534,Kyle Monangai,RB,CHI,NA,NA,NA,57.31,0.17,1.09,9.75,0.06,0.05,NA,0.02,0,NA,1
12526,Tetairoa McMillan,WR,CAR,NA,NA,NA,0.36,0,4.61,73.56,0.33,0.02,NA,0,0.02,NA,1
12492,Pat Bryant,WR,DEN,NA,NA,NA,0.48,0,2.79,31.64,0.24,0.01,NA,0,0.01,NA,1
12389,Hayden Rucci,TE,LAC,NA,NA,NA,NA,NA,0.63,5.71,0.04,NA,NA,NA,NA,NA,1
12048,George Holani,RB,SEA,NA,NA,NA,14.07,0.1,1.54,12.34,0.07,0.02,NA,0.01,0,NA,1
11643,Jaylen Wright,RB,MIA,NA,NA,NA,14.84,0.09,0.93,7.71,0.04,0.02,NA,0.01,0,NA,1
11635,Ladd McConkey,WR,LAC,NA,NA,NA,0.33,0,4.24,56.42,0.37,0.02,NA,0,0.02,NA,1
11631,Brian Thomas,WR,JAX,NA,NA,NA,0.61,0,2.52,41.73,0.16,0.01,NA,0,0.01,NA,1
11610,Malik Washington,WR,MIA,NA,NA,NA,4.07,0.05,3.51,37.57,0.15,0.02,NA,0.01,0.01,NA,1
11574,Dylan Laube,RB,LV,NA,NA,NA,0.14,0,0,0.03,0,0,NA,0,0,NA,1
11564,Drake Maye,QB,NE,236.43,1.16,0.71,35.53,0.23,NA,NA,NA,0.18,0.09,0.02,NA,NA,1
11435,Emanuel Wilson,RB,SEA,NA,NA,NA,31.25,0.24,0.79,5.57,0.04,0.04,NA,0.01,0,NA,1
11237,Jacob Saylors,RB,DET,NA,NA,NA,1.32,0.01,0.05,0.41,0,0,NA,0,0,NA,1
10235,Roschon Johnson,RB,CHI,NA,NA,NA,1.5,0.01,NA,NA,NA,0,NA,0,NA,NA,1
10232,Michael Wilson,WR,ARI,NA,NA,NA,0.25,0,4.57,62.2,0.6,0.02,NA,0,0.03,NA,1
9486,Dontayvion Wicks,WR,PHI,NA,NA,NA,0.23,0,3.82,49.55,0.3,0.02,NA,0,0.02,NA,1
8188,Tyquan Thornton,WR,KC,NA,NA,NA,NA,NA,1.87,28.49,0.12,0.01,NA,NA,0.01,NA,1
8181,Connor Heyward,RB,LV,NA,NA,NA,1.63,0.02,0.29,2.15,0.02,0,NA,0,0,NA,1
8132,Tyler Allgeier,RB,ARI,NA,NA,NA,28.26,0.15,2.36,12.59,0.08,0.04,NA,0.01,0,NA,1
8131,Isaiah Likely,TE,NYG,NA,NA,NA,NA,NA,4.07,43.64,0.47,0.02,NA,NA,0.02,NA,1
8130,Trey McBride,TE,ARI,NA,NA,NA,0.6,0.01,7.22,62.81,0.63,0.03,NA,NA,0.03,NA,1
7891,Brock Wright,TE,DET,NA,NA,NA,NA,NA,0.63,4.88,0.04,0,NA,NA,0,NA,1
7842,Luke Farrell,TE,SF,NA,NA,NA,NA,NA,0.86,7.2,0.04,0,NA,NA,0,NA,1
7528,Najee Harris,RB,NYG,NA,NA,NA,29.22,0.11,0.69,4.84,0.04,0.03,NA,0.01,0,NA,1
6813,Jonathan Taylor,RB,IND,NA,NA,NA,99.99,0.95,2.77,22.86,0.2,0.1,NA,0.06,0.01,NA,1
6804,Jordan Love,QB,GB,247.45,1.58,0.71,13.43,0.07,NA,NA,NA,0.18,0.09,0.01,NA,NA,1
6801,Tee Higgins,WR,CIN,NA,NA,NA,0.26,0,4.91,79.78,0.58,0.02,NA,0,0.03,NA,1
6790,D'Andre Swift,RB,CHI,NA,NA,NA,75.58,0.78,2.12,16.34,0.11,0.07,NA,0.06,0.01,NA,1
5995,Justice Hill,RB,BAL,NA,NA,NA,20.36,0.16,1.74,15.19,0.08,0.03,NA,0.01,0.01,NA,1
5870,Daniel Jones,QB,IND,219.88,1.67,0.46,17.47,0.13,NA,NA,NA,0.18,0.06,0.01,NA,NA,1
5045,Courtland Sutton,WR,DEN,NA,NA,NA,NA,NA,3.22,45.56,0.35,0.01,NA,NA,0.02,NA,1
4993,Mike Gesicki,TE,CIN,NA,NA,NA,NA,NA,2.99,33.59,0.28,0.01,NA,NA,0.02,NA,1
4217,George Kittle,TE,SF,NA,NA,NA,NA,NA,4.28,50.22,0.41,0.02,NA,NA,0.03,NA,1
4066,Evan Engram,TE,DEN,NA,NA,NA,NA,NA,2.25,22.39,0.18,0.01,NA,NA,0.01,NA,1
4046,Patrick Mahomes,QB,KC,246.22,1.96,0.4,22.54,0.31,NA,NA,NA,0.21,0.09,0.02,NA,NA,1
3269,Chris Moore,WR,BAL,NA,NA,NA,NA,NA,0.57,10.35,0.05,0,NA,NA,0,NA,1
3257,Jacoby Brissett,QB,ARI,200.58,1.51,0.39,14.22,0.14,NA,NA,NA,0.19,0.09,0.01,NA,NA,1
3198,Derrick Henry,RB,BAL,NA,NA,NA,102.34,1.08,1.25,12.15,0.05,0.09,NA,0.08,0,NA,1
3048,Chris Manhertz,TE,NYG,NA,NA,NA,NA,NA,0.11,1.24,0.01,0,NA,NA,0,NA,1
2359,Ameer Abdullah,RB,JAX,NA,NA,NA,10.38,0.06,0.78,5.66,0.03,0.01,NA,0,0,NA,1
2197,Brandin Cooks,WR,SF,NA,NA,NA,NA,NA,0.32,5,0.02,0,NA,NA,0,NA,1
13516,Max Bredeson,RB,MIN,NA,NA,NA,0.05,0,0.04,0.39,0,0,NA,0,0,NA,1
13413,Cyrus Allen,WR,KC,NA,NA,NA,NA,NA,0.15,1.92,0.02,0,NA,NA,0,NA,1
13333,Deion Burks,WR,IND,NA,NA,NA,NA,NA,0.08,0.96,0.01,0,NA,NA,0,NA,1
13305,Mike Washington,RB,LV,NA,NA,NA,21.75,0.17,0.54,4.76,0.04,0.02,NA,0.01,0,NA,1
13286,Jadarian Price,RB,SEA,NA,NA,NA,38.99,0.34,1.03,8.99,0.05,0.05,NA,0.02,0,NA,1
13278,Max Klare,TE,LAR,NA,NA,NA,NA,NA,0.21,2.18,0.01,0,NA,NA,0,NA,1
13150,Darius Cooper,WR,PHI,NA,NA,NA,NA,NA,2.4,24.1,0.15,0.01,NA,NA,0.01,NA,1
12634,Jordan Watkins,WR,SF,NA,NA,NA,NA,NA,0.62,9.36,0.04,NA,NA,NA,NA,NA,1
12529,TreVeyon Henderson,RB,NE,NA,NA,NA,45.25,0.39,1.33,9.18,0.05,0.04,NA,0.03,0,NA,1
12527,Ashton Jeanty,RB,LV,NA,NA,NA,64.72,0.29,3.55,20.05,0.31,0.08,NA,0.02,0.02,NA,1
12517,Colston Loveland,TE,CHI,NA,NA,NA,0.23,0,3.51,43.84,0.39,0.01,NA,0,0.02,NA,1
12499,Elic Ayomanor,WR,TEN,NA,NA,NA,0.09,0,1.87,29.61,0.17,0.01,NA,NA,0.01,NA,1
12497,Tory Horton,WR,SEA,NA,NA,NA,0.24,0,1.14,15.77,0.12,0.01,NA,0,0.01,NA,1
12496,Tai Felton,WR,MIN,NA,NA,NA,0.2,0,0.68,6.59,0.05,0,NA,0,0,NA,1
12455,Brashard Smith,RB,KC,NA,NA,NA,0.95,0.01,0.05,0.36,0.01,0,NA,0,0,NA,1
11762,Anthony Gould,WR,IND,NA,NA,NA,NA,NA,0.09,1,0.01,0,NA,0,0,NA,1
1166,Kirk Cousins,QB,LV,198.43,1.68,0.5,4.76,0.09,NA,NA,NA,0.18,0.1,0.01,NA,NA,1
11650,Luke McCaffrey,WR,WAS,NA,NA,NA,NA,NA,0.17,2.06,0.01,0,NA,NA,0,NA,1
11646,Jalen Coker,WR,CAR,NA,NA,NA,0.36,0,5.12,65.19,0.54,0.02,NA,0,0.03,NA,1
11628,Marvin Harrison,WR,ARI,NA,NA,NA,NA,NA,1.84,26.4,0.16,0.01,NA,NA,0.01,NA,1
11608,Isaiah Williams,WR,NYJ,NA,NA,NA,1.31,0.01,3.21,31.33,0.06,0.01,NA,0,0,NA,1
11586,Blake Corum,RB,LAR,NA,NA,NA,45.3,0.21,0.66,4.63,0.03,0.05,NA,0.02,0,NA,1
11576,Braelon Allen,RB,NYJ,NA,NA,NA,61.78,0.54,1.76,13.41,0.07,0.06,NA,0.03,0,NA,1
11571,Isaiah Davis,RB,NYJ,NA,NA,NA,30.04,0.27,1.46,13.21,0.06,0.03,NA,0.01,0,NA,1
11304,E.J. Jenkins,TE,PHI,NA,NA,NA,NA,NA,0.6,5.59,0.04,NA,NA,NA,NA,NA,1
11068,Mitch Tinsley,WR,CIN,NA,NA,NA,NA,NA,0.51,5.65,0.05,0,NA,NA,0,NA,1
11056,Jared Wayne,WR,HOU,NA,NA,NA,NA,NA,0.91,10.48,0.07,NA,NA,NA,NA,NA,1
10859,Sam LaPorta,TE,DET,NA,NA,NA,0.29,0,4.49,46.18,0.29,0.02,NA,0,0.02,NA,1
10234,Derius Davis,WR,LAC,NA,NA,NA,0.19,0,0.28,2.58,0.02,0,NA,0,0,NA,1
10213,Tre Tucker,WR,LV,NA,NA,NA,2.24,0.02,2.98,39.79,0.21,0.01,NA,0,0.01,NA,1
9997,Zay Flowers,WR,BAL,NA,NA,NA,1.5,0.01,4.95,91.35,0.52,0.02,NA,0,0.04,NA,1
9504,Kayshon Boutte,WR,HOU,NA,NA,NA,NA,NA,2.23,33.08,0.17,0.01,NA,NA,0.01,NA,1
9494,Marvin Mims,WR,DEN,NA,NA,NA,1.84,0.02,0.73,7.22,0.05,0,NA,0,0,NA,1
9487,Parker Washington,WR,JAX,NA,NA,NA,1.56,0.01,5.06,91.35,0.44,0.03,NA,0,0.03,NA,1
9482,Michael Mayer,TE,LV,NA,NA,NA,NA,NA,2.65,22.77,0.11,0.01,NA,NA,0.01,NA,1
9228,Bryce Young,QB,CAR,229.42,1.6,0.55,24.14,0.26,NA,NA,NA,0.19,0.1,0.02,NA,NA,1
9224,Chase Brown,RB,CIN,NA,NA,NA,62.39,0.52,3.93,20.89,0.32,0.08,NA,0.03,0.02,NA,1
8676,Rashid Shaheed,WR,SEA,NA,NA,NA,4.03,0.03,2.25,32.09,0.13,0.01,NA,0,0.01,NA,1
8172,Greg Dulcich,TE,MIA,NA,NA,NA,NA,NA,2.92,30.89,0.11,0.01,NA,NA,0.01,NA,1
8150,Kyren Williams,RB,LAR,NA,NA,NA,67.54,0.48,1.95,13.75,0.11,0.07,NA,0.04,0.01,NA,1
8148,Jameson Williams,WR,DET,NA,NA,NA,3.35,0.03,3.64,56.47,0.23,0.02,NA,0,0.02,NA,1
7720,Kene Nwangwu,RB,NYJ,NA,NA,NA,2.71,0.01,0.01,0.1,0,0,NA,0,0,NA,1
7716,John Bates,TE,WAS,NA,NA,NA,NA,NA,0.82,7.96,0.05,0,NA,NA,0,NA,1
7571,Rashod Bateman,WR,BAL,NA,NA,NA,0.31,0,2.65,38.73,0.18,0.01,NA,0,0.01,NA,1
7567,Kenny Gainwell,RB,TB,NA,NA,NA,27.19,0.21,1.73,13.02,0.07,0.03,NA,0.01,0,NA,1
6786,CeeDee Lamb,WR,DAL,NA,NA,NA,1.94,0.01,5.98,87.45,0.4,0.03,NA,0,0.03,NA,1
6130,Devin Singletary,RB,NYG,NA,NA,NA,4.01,0.04,0.24,1.58,0.02,0,NA,0,0,NA,1
5927,Terry McLaurin,WR,WAS,NA,NA,NA,0.24,0,3.9,62.72,0.28,0.02,NA,0,0.02,NA,1
5906,Dawson Knox,TE,BUF,NA,NA,NA,NA,NA,1.18,10.99,0.13,0,NA,NA,0.01,NA,1
5892,David Montgomery,RB,HOU,NA,NA,NA,57.23,0.76,2.12,16.94,0.15,0.07,NA,0.05,0.01,NA,1
5872,Deebo Samuel,WR,SF,NA,NA,NA,5.15,0.04,3.27,40.08,0.18,0.02,NA,0,0.02,NA,1
5409,Tanner Hudson,TE,CIN,NA,NA,NA,NA,NA,0.78,7.08,0.03,0,NA,NA,0,NA,1
4866,Saquon Barkley,RB,PHI,NA,NA,NA,83.26,0.43,1.9,12.59,0.1,0.07,NA,0.03,0.01,NA,1
4663,Austin Ekeler,RB,WAS,NA,NA,NA,2.78,0.03,0.68,5.26,0.02,0.01,NA,0,0,NA,1
4314,Johnny Mundt,TE,PHI,NA,NA,NA,NA,NA,1.36,12.1,0.08,NA,NA,NA,NA,NA,1
4199,Aaron Jones,RB,MIN,NA,NA,NA,70.16,0.54,2.16,14.91,0.12,0.08,NA,0.02,0.01,NA,1
4189,Eric Saubert,TE,SEA,NA,NA,NA,NA,NA,0.17,1.57,0.02,0,NA,NA,0,NA,1
4147,Samaje Perine,RB,CIN,NA,NA,NA,17.19,0.22,1.71,11.83,0.06,0.03,NA,0.01,0,NA,1
4144,Jonnu Smith,TE,GB,NA,NA,NA,NA,NA,1.46,13.79,0.08,0.01,NA,0,0,NA,1
4034,Christian McCaffrey,RB,SF,NA,NA,NA,70.27,0.59,4.33,26.82,0.2,0.08,NA,0.04,0.02,NA,1
3634,Kalif Raymond,WR,CHI,NA,NA,NA,1.1,0,3.7,46.26,0.27,0.02,NA,0,0.01,NA,1
3271,Tyler Higbee,TE,LAR,NA,NA,NA,NA,NA,2.56,25.9,0.24,0.01,NA,NA,0.01,NA,1
2505,Darren Waller,TE,CAR,NA,NA,NA,NA,NA,3.44,35.16,0.41,0.01,NA,NA,0.03,NA,1
2449,Stefon Diggs,WR,WAS,NA,NA,NA,NA,NA,3.97,52.81,0.34,0.02,NA,0,0.02,NA,1
1479,Keenan Allen,WR,IND,NA,NA,NA,NA,NA,3.32,38.24,0.29,0.01,NA,NA,0.01,NA,1
13424,Seth McGowan,RB,IND,NA,NA,NA,12.91,0.08,0.39,3.63,0.04,0.01,NA,0.01,0,NA,1
13408,Tanner Koziol,TE,JAX,NA,NA,NA,NA,NA,0.52,6.04,0.04,0,NA,NA,0,NA,1
13405,Kaytron Allen,RB,WAS,NA,NA,NA,5.04,0.04,0.17,1.38,0.01,0.01,NA,0,0,NA,1
1339,Zach Ertz,TE,PHI,NA,NA,NA,NA,NA,2.01,18.66,0.12,0.01,NA,NA,0.01,NA,1
13380,Brenen Thompson,WR,LAC,NA,NA,NA,NA,NA,0.86,9.18,0.06,0,NA,NA,0,NA,1
13347,Demond Claiborne,RB,MIN,NA,NA,NA,10.97,0.12,0.35,2.55,0.02,0.01,NA,0.01,0,NA,1
13338,Kevin Coleman,WR,MIA,NA,NA,NA,NA,NA,0.98,13.33,0.07,0,NA,NA,0,NA,1
13317,Ted Hurst,WR,TB,NA,NA,NA,0.41,0,1.98,28.47,0.19,0.01,NA,0,0.01,NA,1
13308,Bauer Sharp,TE,TB,NA,NA,NA,NA,NA,0.04,0.38,0,NA,NA,NA,NA,NA,1
13285,Malachi Fields,WR,NYG,NA,NA,NA,0.17,0,1.72,23.57,0.19,0.01,NA,0,0.01,NA,1
13273,Josh Cuevas,TE,BAL,NA,NA,NA,NA,NA,0.35,3.93,0.02,0,NA,NA,0,NA,1
13075,Myles Price,WR,MIN,NA,NA,NA,NA,NA,0.04,0.45,0,NA,NA,NA,NA,NA,1
12544,LeQuint Allen,RB,JAX,NA,NA,NA,3.32,0.02,0.73,5.64,0.03,0.01,NA,0,0,NA,1
12536,Jaylin Noel,WR,HOU,NA,NA,NA,0.41,0,0.67,10.03,0.07,0,NA,0,0,NA,1
12518,Tyler Warren,TE,IND,NA,NA,NA,1.33,0.01,4.81,45.03,0.47,0.02,NA,0,0.02,NA,1
12491,Corey Kiner,RB,NE,NA,NA,NA,3.45,0.02,0.05,0.4,0,NA,NA,NA,NA,NA,1
12485,Tez Johnson,WR,TB,NA,NA,NA,0.35,0,0.89,12.38,0.07,0,NA,0,0,NA,1
11629,Devontez Walker,WR,BAL,NA,NA,NA,0.29,0,0.88,17.05,0.11,0,NA,0,0.01,NA,1
11625,Adonai Mitchell,WR,NYJ,NA,NA,NA,NA,NA,NA,NA,NA,NA,NA,NA,NA,NA,1
11624,Xavier Worthy,WR,KC,NA,NA,NA,5.55,0.06,3.18,38.15,0.3,0.02,NA,0,0.02,NA,1
11593,Brevyn Spann-Ford,TE,DAL,NA,NA,NA,NA,NA,0.51,5.78,0.03,0,NA,NA,0,NA,1
11034,Jalen Brooks,WR,ARI,NA,NA,NA,NA,NA,0.12,1.46,0.01,0,NA,NA,0,NA,1
10228,Charlie Jones,WR,NYG,NA,NA,NA,0.08,0,0.07,0.82,0.01,0,NA,0,0,NA,1
10218,Xavier Hutchinson,WR,HOU,NA,NA,NA,0.4,0,1.99,29.72,0.11,0.01,NA,0,0,NA,1
9756,Jordan Addison,WR,MIN,NA,NA,NA,4.46,0.03,3.36,48.64,0.33,0.01,NA,0,0.01,NA,1
9508,Tyjae Spears,RB,TEN,NA,NA,NA,23.75,0.25,2.38,15.24,0.04,0.03,NA,0.01,0,NA,1
9484,Tucker Kraft,TE,GB,NA,NA,NA,NA,NA,3.9,46.86,0.31,0.01,NA,NA,0.02,NA,1
8489,Drew Ogletree,TE,IND,NA,NA,NA,NA,NA,0.26,2.95,0.03,0,NA,NA,0,NA,1
8208,Tyler Badie,RB,DEN,NA,NA,NA,4.74,0.04,1.17,8.84,0.07,0.01,NA,0,0,NA,1
8207,Tyler Goodson,RB,DAL,NA,NA,NA,11.6,0.07,1.02,6.51,0.04,0.02,NA,0,0,NA,1
8167,Christian Watson,WR,GB,NA,NA,NA,0.52,0,4.16,70.38,0.63,0.02,NA,0,0.04,NA,1
8147,John Metchie,WR,CAR,NA,NA,NA,0.03,0,0.86,8.88,0.06,0,NA,0,0,NA,1
8137,George Pickens,WR,DAL,NA,NA,NA,0.2,0,5.08,76.81,0.3,0.02,NA,0,0.02,NA,1
8121,Romeo Doubs,WR,NE,NA,NA,NA,NA,NA,3.05,48.36,0.17,0.01,NA,NA,0.01,NA,1
7611,Rhamondre Stevenson,RB,NE,NA,NA,NA,48.71,0.4,2.48,19.25,0.13,0.05,NA,0.03,0.01,NA,1
7594,Chuba Hubbard,RB,CAR,NA,NA,NA,65.2,0.44,3.37,22.16,0.25,0.06,NA,0.02,0.02,NA,1
7587,Dyami Brown,WR,WAS,NA,NA,NA,0.08,0,0.3,3.74,0.01,0,NA,0,0,NA,1
7569,Nico Collins,WR,HOU,NA,NA,NA,1.23,0.01,5.53,88.58,0.66,0.02,NA,0,0.04,NA,1
7536,Quintin Morris,TE,JAX,NA,NA,NA,NA,NA,0.21,2.25,0.02,0,NA,NA,0,NA,1
7523,Trevor Lawrence,QB,JAX,283.46,1.59,1.01,21.47,0.26,NA,NA,NA,0.2,0.14,0.02,NA,NA,1
7204,Reggie Gilliam,RB,NE,NA,NA,NA,0.46,0,0.09,0.84,0,NA,NA,NA,NA,NA,1
7039,Cody White,WR,LV,NA,NA,NA,NA,NA,0.93,11.28,0.2,0,NA,NA,0.01,NA,1
6427,Ashton Dulin,WR,IND,NA,NA,NA,0.55,0,0.31,5.01,0.04,0,NA,0,0,NA,1
6149,Darius Slayton,WR,IND,NA,NA,NA,NA,NA,0.59,9.86,0.05,0,NA,NA,0,NA,1
5985,Foster Moreau,TE,HOU,NA,NA,NA,NA,NA,1.31,14.11,0.12,0,NA,NA,0.01,NA,1
5844,T.J. Hockenson,TE,MIN,NA,NA,NA,NA,NA,3.43,34.21,0.26,0.01,NA,NA,0.01,NA,1
5086,Marquez Valdes-Scantling,WR,LAC,NA,NA,NA,NA,NA,0.26,3.21,0.02,0,NA,0,0,NA,1
5012,Mark Andrews,TE,BAL,NA,NA,NA,1.04,0.01,3.56,39.64,0.32,0.02,NA,0,0.02,NA,1
4995,Ian Thomas,TE,LV,NA,NA,NA,NA,NA,0.23,1.85,0.01,0,NA,NA,0,NA,1
4274,David Moore,WR,CAR,NA,NA,NA,NA,NA,0.45,6.68,0.05,0,NA,NA,0,NA,1
421,Matthew Stafford,QB,LAR,245.2,1.72,0.6,3.23,0.01,NA,NA,NA,0.18,0.11,0,NA,NA,1
4177,Mack Hollins,WR,NE,NA,NA,NA,0.23,0,3.47,44.19,0.14,0.02,NA,0,0.01,NA,1
3163,Jared Goff,QB,DET,244.28,1.93,0.82,5.35,0.06,NA,NA,NA,0.21,0.13,0,NA,NA,1
3155,Laquon Treadwell,WR,IND,NA,NA,NA,NA,NA,1.53,25.64,0.17,NA,NA,NA,NA,NA,1
1466,Travis Kelce,TE,KC,NA,NA,NA,NA,NA,4.52,52.06,0.34,0.02,NA,NA,0.02,NA,1
13434,Will Kacmarek,TE,MIA,NA,NA,NA,NA,NA,0.59,4.97,0.03,0,NA,NA,0,NA,1
13421,Eli Raridon,TE,NE,NA,NA,NA,NA,NA,1.64,17.32,0.14,0.01,NA,NA,0.01,NA,1
13400,Justin Joly,TE,MIA,NA,NA,NA,NA,NA,0.08,0.74,0,0,NA,NA,0,NA,1
13307,Marlin Klein,TE,HOU,NA,NA,NA,NA,NA,0.84,8.44,0.05,0,NA,NA,0,NA,1
12543,Tahj Brooks,RB,CIN,NA,NA,NA,2.47,0.03,0.09,0.66,0,0,NA,0,0,NA,1
12540,Chimere Dike,WR,TEN,NA,NA,NA,0.52,0.01,0.84,8.67,0.05,0,NA,0,0,NA,1
12521,Elijah Arroyo,TE,SEA,NA,NA,NA,NA,NA,1.63,18.11,0.1,0.01,NA,NA,0.01,NA,1
12519,Luther Burden,WR,CHI,NA,NA,NA,3.44,0.01,4.35,62.85,0.27,0.02,NA,0,0.01,NA,1
12514,Emeka Egbuka,WR,TB,NA,NA,NA,1.01,0.01,3.5,48.85,0.28,0.01,NA,0,0.01,NA,1
12501,Matthew Golden,WR,GB,NA,NA,NA,0.81,0.01,4.11,60.75,0.29,0.02,NA,0,0.01,NA,1
12495,Ollie Gordon,RB,MIA,NA,NA,NA,38.49,0.28,1.33,8.46,0.06,0.04,NA,0.02,0,NA,1
12474,Woody Marks,RB,HOU,NA,NA,NA,42.17,0.19,1.59,12.11,0.1,0.05,NA,0.01,0.01,NA,1
12473,Mitchell Evans,TE,CAR,NA,NA,NA,NA,NA,0.77,7.51,0.04,0,NA,NA,0,NA,1
12467,Jordan James,RB,SF,NA,NA,NA,4.09,0.03,0.05,0.37,0,0,NA,0,0,NA,1
12171,British Brooks,RB,HOU,NA,NA,NA,0.58,0,0.05,0.46,0,NA,NA,NA,NA,NA,1
11651,Isaac Guerendo,RB,SF,NA,NA,NA,NA,NA,NA,NA,NA,NA,NA,NA,NA,NA,1
11603,AJ Barner,TE,SEA,NA,NA,NA,1.88,0.06,3.24,35.2,0.32,0.02,NA,0,0.02,NA,1
11592,Erick All,TE,CIN,NA,NA,NA,NA,NA,1.25,11.59,0.08,0.01,NA,NA,0.01,NA,1
11584,Bucky Irving,RB,TB,NA,NA,NA,68.75,0.34,2.88,18.93,0.1,0.07,NA,0.02,0,NA,1
11577,Will Shipley,RB,PHI,NA,NA,NA,4.71,0.03,0.74,4.79,0.03,0.01,NA,0,0,NA,1
11575,Ray Davis,RB,BUF,NA,NA,NA,6.48,0.03,0.11,0.89,0.01,0.01,NA,0,0,NA,1
11433,Nate Adkins,TE,DEN,NA,NA,NA,NA,NA,0.64,6.13,0.1,0,NA,NA,0.01,NA,1
11370,Chris Brooks,RB,GB,NA,NA,NA,22.37,0.12,1.44,10.12,0.08,0.03,NA,0.01,0,NA,1
11320,Nikko Remigio,WR,KC,NA,NA,NA,0.14,0,0.05,0.7,0.01,0,NA,0,0,NA,1
11199,Emari Demercado,RB,DAL,NA,NA,NA,2.49,0.01,0.05,0.41,0,0,NA,0,0,NA,1
11168,Xavier Smith,WR,LAR,NA,NA,NA,0.41,0,0.1,1.48,0.01,0,NA,0,0,NA,1
10871,Luke Schoonmaker,TE,DAL,NA,NA,NA,NA,NA,0.58,5.96,0.02,0,NA,NA,0,NA,1
10231,Elijah Higgins,TE,ARI,NA,NA,NA,NA,NA,0.82,7.32,0.03,0,NA,NA,0,NA,1
10227,Payne Durham,TE,TB,NA,NA,NA,NA,NA,0.07,0.71,0.01,0,NA,NA,0,NA,1
10219,Chris Rodriguez,RB,JAX,NA,NA,NA,26.1,0.26,0.5,5.33,0.03,0.02,NA,0.02,0,NA,1
10210,Cameron Latu,TE,NE,NA,NA,NA,NA,NA,0.18,1.81,0.01,0,NA,NA,0,NA,1
13298,KC Concepcion,WR,CLE,NA,NA,NA,2.59,0.02,3.68,37.6,0.24,0.02,NA,0,0.01,NA,1
13274,Germie Bernard,WR,PIT,NA,NA,NA,0.27,0,0.84,9.71,0.07,0,NA,0,0,NA,1
12503,Isaiah Bond,WR,CLE,NA,NA,NA,0.73,0,0.76,13.81,0.06,0,NA,0,0,NA,1
11617,Malachi Corley,WR,CLE,NA,NA,NA,0.91,0,0.2,2.45,0.01,0,NA,0,0,NA,1
7600,Pat Freiermuth,TE,PIT,NA,NA,NA,NA,NA,3.25,33.8,0.21,0.01,NA,NA,0.01,NA,1
6819,Michael Pittman,WR,PIT,NA,NA,NA,0.27,0,3.96,40.91,0.21,0.02,NA,0,0.01,NA,1
11201,Blake Whiteheart,TE,CLE,NA,NA,NA,NA,NA,0.87,9.38,0.1,0,NA,NA,0,NA,1
96,Aaron Rodgers,QB,PIT,185.63,1.32,0.36,10.98,0.09,NA,NA,NA,0.17,0.07,0,NA,NA,1
6783,Jerry Jeudy,WR,CLE,NA,NA,NA,0.31,0,1.43,17.33,0.08,0.01,NA,0,0,NA,1
5846,DK Metcalf,WR,PIT,NA,NA,NA,0.74,0.01,3.18,42.34,0.35,0.01,NA,0,0.02,NA,1
4017,Deshaun Watson,QB,CLE,219.55,1.31,0.99,17.2,0.07,NA,NA,NA,0.16,0.07,0.01,NA,NA,1
12512,Quinshon Judkins,RB,CLE,NA,NA,NA,51.29,0.31,2.11,13.03,0.08,0.07,NA,0.03,0,NA,1
7757,Ben Skowronek,WR,PIT,NA,NA,NA,NA,NA,0.08,0.86,0.01,NA,NA,NA,NA,NA,1
4602,Robert Tonyan,TE,PIT,NA,NA,NA,NA,NA,0.03,0.25,0,0,NA,NA,0,NA,1
12506,Harold Fannin,TE,CLE,NA,NA,NA,0.66,0.01,4.43,44.86,0.44,0.02,NA,0,0.02,NA,1
12472,Raheim Sanders,RB,CLE,NA,NA,NA,15.35,0.01,1.73,13.67,0.09,0.02,NA,0,0,NA,1
11439,Jaleel McLaughlin,RB,CLE,NA,NA,NA,3.23,0.01,0.22,1.67,0.01,0,NA,0,0,NA,1
9479,Darnell Washington,TE,PIT,NA,NA,NA,NA,NA,1.48,15.02,0.06,0.01,NA,NA,0,NA,1
8228,Jaylen Warren,RB,PIT,NA,NA,NA,95.78,0.49,3.36,22.85,0.09,0.08,NA,0.02,0,NA,1
11630,Roman Wilson,WR,PIT,NA,NA,NA,0.12,0,1.97,20.42,0.19,0.01,NA,NA,0.01,NA,1
9510,Lew Nichols,RB,PIT,NA,NA,NA,17.39,0.16,0.23,1.65,0.01,NA,NA,NA,NA,NA,1
6012,Travis Homer,RB,PIT,NA,NA,NA,13.59,0.1,0.88,6.02,0.05,NA,NA,NA,NA,NA,1
13580,Carsen Ryan,TE,CLE,NA,NA,NA,NA,NA,0.08,0.88,0.01,NA,NA,NA,NA,NA,1
13491,Kaden Wetjen,WR,PIT,NA,NA,NA,0.25,0,0.04,0.41,0,NA,NA,NA,NA,NA,1
13433,Riley Nowakowski,TE,PIT,NA,NA,NA,NA,NA,0.09,0.74,0.01,0,NA,NA,0,NA,1
13346,Denzel Boston,WR,CLE,NA,NA,NA,0.57,0,3.14,52.18,0.36,0.01,NA,0,0.02,NA,1
